1,1,1,3,1,NULL,g1060011 .jpg,1
2,2,1,3,1,NULL,g1060021 .jpg,2
3,3,1,3,1,NULL,g1060031 .jpg,3
4,4,1,3,1,NULL,g1060041 .jpg,3
5,5,1,3,1,NULL,g1060051 .jpg,3
6,6,1,3,1,NULL,g1060061 .jpg,3
7,7,1,3,1,NULL,g1060071 .jpg,3
8,8,1,3,1,NULL,g1060081 .jpg,3
9,9,1,3,1,NULL,g1060091 .jpg,3
10,10,1,3,1,NULL,g1060101 .jpg,3
11,11,1,3,1,NULL,g1060111 .jpg,3
12,12,1,3,1,NULL,g1060121 .jpg,3
13,13,1,3,1,NULL,g1060131 .jpg,3
14,14,1,3,1,NULL,g1060141 .jpg,3
15,15,1,3,1,NULL,g1060151 .jpg,3
16,16,1,3,1,NULL,g1060161 .jpg,3
17,17,1,3,1,NULL,g1060171 .jpg,3
18,18,1,3,1,NULL,g1060181 .jpg,3
19,19,1,3,1,NULL,g1060191 .jpg,3
20,20,1,3,1,NULL,g1060201 .jpg,3
21,21,1,3,1,NULL,g1060211 .jpg,3
22,22,1,3,1,NULL,g1060221 .jpg,3
23,23,1,3,1,NULL,g1060231 .jpg,3
24,24,1,3,1,NULL,g1060241 .jpg,3
25,25,1,3,1,NULL,g1060251 .jpg,3
26,26,1,3,1,NULL,g1060261 .jpg,3
27,27,1,3,1,NULL,g1060271 .jpg,3
28,28,1,3,1,NULL,g1060281 .jpg,3
29,29,1,3,1,NULL,g1060291 .jpg,3
30,30,1,3,1,NULL,g1060301 .jpg,3
31,31,1,3,1,NULL,g1060311 .jpg,3
32,32,1,3,1,NULL,g1060321 .jpg,3
33,33,1,3,1,NULL,g1060331 .jpg,3
34,34,1,3,1,NULL,g1060341 .jpg,3
35,35,1,3,1,NULL,g1060351 .jpg,3
36,36,1,3,1,NULL,g1060361 .jpg,3
37,37,1,3,1,NULL,g1060371 .jpg,3
38,38,1,3,1,NULL,g1060381 .jpg,3
39,39,1,3,1,NULL,g1060391 .jpg,4
40,40,1,3,1,NULL,g1060401 .jpg,4
41,41,1,3,1,NULL,g1060411 .jpg,4
42,42,1,3,1,NULL,g1060421 .jpg,4
43,43,1,3,1,NULL,g1060431 .jpg,4
44,44,1,3,1,NULL,g1060441 .jpg,4
45,45,1,3,1,NULL,g1060451 .jpg,4
46,46,1,3,1,NULL,g1060461 .jpg,4
47,47,1,3,1,NULL,g1060471 .jpg,4
48,48,1,3,1,NULL,g1060481 .jpg,4
49,49,1,3,1,NULL,g1060491 .jpg,5
50,50,1,3,1,NULL,g1060501 .jpg,5
51,51,1,3,1,NULL,g1060511 .jpg,5
52,52,1,3,1,NULL,g1060521 .jpg,5
53,53,1,3,1,NULL,g1060531 .jpg,5
54,54,1,3,1,NULL,g1060541 .jpg,5
55,55,1,3,1,NULL,g1060551 .jpg,5
56,56,1,3,1,NULL,g1060561 .jpg,5
57,57,1,3,1,NULL,g1060571 .jpg,5
58,58,1,3,1,NULL,g1060581 .jpg,5
59,59,1,3,1,NULL,g1060591 .jpg,5
60,60,1,3,1,NULL,g1060601 .jpg,5
61,61,1,3,1,NULL,g1060611 .jpg,5
62,62,1,3,1,NULL,g1060621 .jpg,5
63,63,1,3,1,NULL,g1060631 .jpg,5
64,64,1,3,1,NULL,g1060641 .jpg,5
65,65,1,3,1,NULL,g1060651 .jpg,5
66,66,1,3,2,NULL,g1080011 .jpg,NULL
67,67,1,3,2,NULL,g1080021 .jpg,NULL
68,68,1,3,2,NULL,g1080031 .jpg,NULL
69,69,1,3,2,NULL,g1080041 .jpg,NULL
70,70,1,3,2,NULL,g1080051 .jpg,NULL
71,71,1,3,2,NULL,g1080061 .jpg,NULL
72,72,1,3,2,NULL,g1080071 .jpg,NULL
73,73,1,3,2,NULL,g1080081 .jpg,NULL
74,74,1,3,2,NULL,g1080091 .jpg,NULL
75,75,1,3,2,NULL,g1080101 .jpg,NULL
76,76,1,3,2,NULL,g1080111 .jpg,NULL
77,77,1,3,2,NULL,g1080121 .jpg,NULL
78,78,1,3,2,NULL,g1080131 .jpg,NULL
79,79,1,3,2,NULL,g1080141 .jpg,NULL
80,80,1,3,2,NULL,g1080151 .jpg,NULL
81,81,1,3,2,NULL,g1080161 .jpg,NULL
82,82,1,3,2,NULL,g1080171 .jpg,NULL
83,83,1,3,2,NULL,g1080181 .jpg,NULL
84,84,1,3,2,NULL,g1080191 .jpg,NULL
85,85,1,3,2,NULL,g1080201 .jpg,NULL
86,86,1,3,2,NULL,g1080211 .jpg,NULL
87,87,1,3,2,NULL,g1080221 .jpg,NULL
88,88,1,3,2,NULL,g1080231 .jpg,NULL
89,89,1,3,2,NULL,g1080241 .jpg,NULL
90,90,1,3,2,NULL,g1080251 .jpg,NULL
91,91,1,3,2,NULL,g1080261 .jpg,NULL
92,92,1,3,2,NULL,g1080271 .jpg,NULL
93,93,1,3,2,NULL,g1080281 .jpg,6
94,94,1,3,2,NULL,g1080291 .jpg,6
95,95,1,3,2,NULL,g1080301 .jpg,NULL
96,96,1,3,2,NULL,g1080311 .jpg,NULL
97,97,1,3,2,NULL,g1080321 .jpg,NULL
98,98,1,3,2,NULL,g1080331 .jpg,7
99,99,1,3,2,NULL,g1080341 .jpg,NULL
100,100,1,3,2,1,g1080661 .jpg,8
101,101,1,3,3,NULL,g1090011 .jpg,NULL
102,102,1,3,3,NULL,g1090021 .jpg,NULL
103,103,1,3,4,NULL,g1100011 .jpg,5
104,104,1,3,4,NULL,g1100021 .jpg,5
105,105,1,3,4,NULL,g1100031 .jpg,5
106,106,1,3,4,NULL,g1100041 .jpg,5
107,107,1,3,4,NULL,g1100051 .jpg,5
108,108,1,3,4,NULL,g1100061 .jpg,5
109,109,1,3,4,NULL,g1100071 .jpg,5
110,110,1,3,4,NULL,g1100081 .jpg,5
111,111,1,3,4,NULL,g1100091 .jpg,5
112,112,1,3,4,NULL,g1100101 .jpg,5
113,113,1,3,4,NULL,g1100111 .jpg,5
114,114,1,3,4,NULL,g1100121 .jpg,5
115,115,1,3,4,NULL,g1100131 .jpg,5
116,116,1,3,4,NULL,g1100141 .jpg,5
117,117,1,3,4,NULL,g1100151 .jpg,5
118,118,1,3,4,NULL,g1100161 .jpg,5
119,119,1,3,4,NULL,g1100171 .jpg,5
120,120,1,3,4,NULL,g1100181 .jpg,5
121,121,1,3,4,NULL,g1100191 .jpg,5
122,122,1,3,4,NULL,g1100201 .jpg,5
123,123,1,3,4,NULL,g1100211 .jpg,5
124,124,1,3,4,NULL,g1100221 .jpg,5
125,125,1,3,4,NULL,g1100231 .jpg,5
126,126,1,3,4,NULL,g1100241 .jpg,5
127,127,1,3,4,NULL,g1100251 .jpg,5
128,128,1,3,4,NULL,g1100261 .jpg,5
129,129,1,3,4,NULL,g1100271 .jpg,5
130,130,1,3,4,NULL,g1100281 .jpg,5
131,131,1,3,4,NULL,g1100291 .jpg,5
132,132,1,3,4,NULL,g1100301 .jpg,5
133,133,1,3,4,NULL,g1100311 .jpg,5
134,134,1,3,4,NULL,g1100321 .jpg,5
135,135,1,3,4,NULL,g1100331 .jpg,5
136,136,1,3,4,NULL,g1100341 .jpg,5
137,137,1,3,4,NULL,g1100351 .jpg,5
138,138,1,3,4,NULL,g1100361 .jpg,5
139,139,1,3,4,NULL,g1100371 .jpg,5
140,140,1,3,4,NULL,g1100381 .jpg,5
141,141,1,3,4,NULL,g1100391 .jpg,5
142,142,1,3,4,NULL,g1100401 .jpg,5
143,143,1,3,4,NULL,g1100411 .jpg,5
144,144,1,3,4,NULL,g1100421 .jpg,5
145,145,1,3,4,NULL,g1100431 .jpg,5
146,146,1,3,4,NULL,g1100441 .jpg,5
147,147,1,3,4,NULL,g1100451 .jpg,5
148,148,1,3,4,NULL,g1100461 .jpg,5
149,149,1,3,4,NULL,g1100471 .jpg,5
150,150,1,3,4,NULL,g1100481 .jpg,5
151,151,1,3,4,NULL,g1100491 .jpg,5
152,152,1,3,4,NULL,g1100501 .jpg,5
153,153,1,3,4,NULL,g1100511 .jpg,5
154,154,1,3,4,NULL,g1100521 .jpg,5
155,155,1,3,4,NULL,g1100531 .jpg,5
156,156,1,3,4,NULL,g1100541 .jpg,5
157,157,1,3,4,NULL,g1100551 .jpg,5
158,158,1,3,4,NULL,g1100561 .jpg,5
159,159,1,3,4,NULL,g1100571 .jpg,5
160,160,1,3,4,NULL,g1100581 .jpg,5
161,161,1,3,4,NULL,g1100591 .jpg,5
162,162,1,3,4,NULL,g1100601 .jpg,5
163,163,1,3,4,NULL,g1100611 .jpg,5
164,164,1,3,4,NULL,g1100621 .jpg,5
165,165,1,3,4,NULL,g1100631 .jpg,5
166,166,1,3,4,NULL,g1100641 .jpg,5
167,167,1,3,4,NULL,g1100651 .jpg,5
168,168,1,3,4,NULL,g1100661 .jpg,5
169,169,1,3,4,NULL,g1100671 .jpg,5
170,170,1,3,4,NULL,g1100681 .jpg,5
171,171,1,3,4,NULL,g1100691 .jpg,5
172,172,1,3,4,NULL,g1100701 .jpg,5
173,173,1,3,4,NULL,g1100711 .jpg,5
174,174,1,3,4,NULL,g1100721 .jpg,5
175,175,1,3,4,NULL,g1100731 .jpg,5
176,176,1,3,4,NULL,g1100741 .jpg,5
177,177,1,3,4,NULL,g1100751 .jpg,5
178,178,1,3,4,NULL,g1100761 .jpg,5
179,179,1,3,4,NULL,g1100771 .jpg,5
180,180,1,3,4,NULL,g1100781 .jpg,5
181,181,1,3,4,NULL,g1100791 .jpg,5
182,182,1,3,4,NULL,g1100801 .jpg,5
183,183,1,3,4,NULL,g1100811 .jpg,5
184,184,1,3,4,NULL,g1100821 .jpg,5
185,185,1,3,4,NULL,g1100831 .jpg,5
186,186,1,3,4,NULL,g1100841 .jpg,5
187,187,1,3,4,NULL,g1100851 .jpg,5
188,188,1,3,4,NULL,g1100861 .jpg,5
189,189,1,3,4,NULL,g1100871 .jpg,5
190,190,1,3,4,NULL,g1100881 .jpg,5
191,191,1,3,4,NULL,g1100891 .jpg,5
192,192,1,3,4,NULL,g1100901 .jpg,5
193,193,1,3,4,NULL,g1100911 .jpg,5
194,194,1,3,4,NULL,g1100921 .jpg,5
195,195,1,3,4,NULL,g1100931 .jpg,5
196,196,1,3,4,NULL,g1100941 .jpg,5
197,197,1,3,4,NULL,g1100951 .jpg,5
198,198,1,3,4,NULL,g1100961 .jpg,5
199,199,1,3,4,NULL,g1100971 .jpg,5
200,200,1,3,4,NULL,g1100981 .jpg,5
201,201,1,3,4,NULL,g1100991 .jpg,5
202,202,1,3,4,NULL,g1101001 .jpg,5
203,203,1,3,4,NULL,g1101011 .jpg,5
204,204,1,3,4,NULL,g1101021 .jpg,5
205,205,1,3,4,NULL,g1101031 .jpg,5
206,206,1,3,4,NULL,g1101041 .jpg,5
207,207,1,3,4,NULL,g1101051 .jpg,5
208,208,1,3,4,NULL,g1101061 .jpg,5
209,209,1,3,4,NULL,g1101071 .jpg,5
210,210,1,3,4,NULL,g1101081 .jpg,5
211,211,1,3,4,NULL,g1101091 .jpg,5
212,212,1,3,4,NULL,g1101101 .jpg,5
213,213,1,3,4,NULL,g1101111 .jpg,5
214,214,1,3,4,NULL,g1101121 .jpg,5
215,215,1,3,4,NULL,g1101131 .jpg,5
216,216,1,3,4,NULL,g1101141 .jpg,5
217,217,1,3,4,NULL,g1101151 .jpg,5
218,218,1,3,4,NULL,g1101161 .jpg,5
219,219,1,3,4,NULL,g1101171 .jpg,5
220,220,1,3,4,NULL,g1101181 .jpg,5
221,221,1,3,4,NULL,g1101191 .jpg,5
222,222,1,3,4,NULL,g1101201 .jpg,5
223,223,1,3,4,NULL,g1101211 .jpg,5
224,224,1,3,4,NULL,g1101221 .jpg,5
225,225,1,3,4,NULL,g1101231 .jpg,5
226,226,1,3,4,NULL,g1101241 .jpg,5
227,227,1,3,4,NULL,g1101251 .jpg,5
228,228,1,3,4,NULL,g1101261 .jpg,5
229,229,1,3,4,NULL,g1101271 .jpg,5
230,230,1,3,4,NULL,g1101281 .jpg,5
231,231,1,3,4,NULL,g1101291 .jpg,5
232,232,1,3,4,NULL,g1101301 .jpg,5
233,233,1,3,4,NULL,g1101311 .jpg,5
234,234,1,3,4,NULL,g1101321 .jpg,5
235,235,1,3,4,NULL,g1101331 .jpg,5
236,236,1,3,4,NULL,g1101341 .jpg,5
237,237,1,3,4,NULL,g1101351 .jpg,5
238,238,1,3,4,NULL,g1101361 .jpg,5
239,239,1,2,1,NULL,g2060011 .jpg,2
240,240,1,2,1,NULL,g2060021 .jpg,2
241,241,1,2,1,NULL,g2060031 .jpg,2
242,242,1,2,1,NULL,g2060041 .jpg,2
243,243,1,2,1,NULL,g2060051 .jpg,2
244,244,1,2,1,NULL,g2060061 .jpg,2
245,245,1,2,1,NULL,g2060071 .jpg,2
246,246,1,2,1,NULL,g2060081 .jpg,2
247,247,1,2,1,NULL,g2060091 .jpg,2
248,248,1,2,1,NULL,g2060101 .jpg,2
249,249,1,2,1,NULL,g2060111 .jpg,9
250,250,1,2,1,NULL,g2060121 .jpg,10
251,251,1,2,1,NULL,g2060131 .jpg,10
252,252,1,2,1,NULL,g2060141 .jpg,10
253,253,1,2,5,NULL,g2070011 .jpg,NULL
254,254,1,2,5,NULL,g2070021 .jpg,NULL
255,255,1,2,5,NULL,g2070031 .jpg,NULL
256,256,1,2,5,NULL,g2070041 .jpg,NULL
257,257,1,2,2,NULL,g2080011 .jpg,NULL
258,258,1,2,2,NULL,g2080021 .jpg,NULL
259,259,1,2,2,NULL,g2080031 .jpg,NULL
260,260,1,2,2,NULL,g2080041 .jpg,NULL
261,261,1,2,2,NULL,g2080051 .jpg,NULL
262,262,1,2,2,NULL,g2080061 .jpg,NULL
263,263,1,2,2,NULL,g2080071 .jpg,NULL
264,264,1,2,2,NULL,g2080081 .jpg,11
265,265,1,2,2,NULL,g2080091 .jpg,11
266,266,1,2,2,NULL,g2080101 .jpg,11
267,267,1,2,2,NULL,g2080111 .jpg,11
268,268,1,2,2,NULL,g2080121 .jpg,11
269,269,1,2,2,NULL,g2080131 .jpg,12
270,270,1,2,2,NULL,g2080141 .jpg,13
271,271,1,2,2,NULL,g2080151 .jpg,14
272,272,1,2,2,NULL,g2080191 .jpg,NULL
273,273,1,2,2,NULL,g2080201 .jpg,15
274,274,1,2,2,NULL,g2080211 .jpg,NULL
275,275,1,2,3,NULL,g2090161 .jpg,NULL
276,276,1,2,3,NULL,g2090171 .jpg,NULL
277,277,1,2,3,NULL,g2090181 .jpg,NULL
278,278,1,1,2,NULL,g3080011 .jpg,NULL
279,279,1,1,2,NULL,g3080021 .jpg,NULL
280,280,1,1,2,NULL,g3080031 .jpg,NULL
281,281,1,1,2,NULL,g3080041 .jpg,NULL
282,282,1,1,2,NULL,g3080051 .jpg,NULL
283,283,1,1,2,NULL,g3080061 .jpg,NULL
284,284,1,1,2,NULL,g3080071 .jpg,NULL
285,285,1,1,2,NULL,g3080081 .jpg,NULL
286,286,1,1,2,NULL,g3080091 .jpg,NULL
287,287,1,1,2,NULL,g3080101 .jpg,NULL
288,288,1,1,2,NULL,g3080111 .jpg,NULL
289,289,1,1,2,NULL,g3080121 .jpg,NULL
290,290,1,1,2,NULL,g3080131 .jpg,NULL
291,291,1,1,2,NULL,g3080141 .jpg,NULL
292,292,1,1,2,NULL,g3080151 .jpg,NULL
293,293,1,1,2,NULL,g3080161 .jpg,NULL
294,294,1,1,2,NULL,g3080171 .jpg,NULL
295,295,1,1,2,NULL,g3080181 .jpg,NULL
296,296,1,1,2,NULL,g3080191 .jpg,NULL
297,297,1,1,2,NULL,g3080201 .jpg,NULL
298,298,1,1,2,NULL,g3080211 .jpg,NULL
299,299,1,1,2,NULL,g3080221 .jpg,NULL
300,300,1,1,2,NULL,g3080231 .jpg,NULL
301,301,1,1,2,NULL,g3080241 .jpg,NULL
302,302,1,1,2,NULL,g3080251 .jpg,NULL
303,303,1,1,2,NULL,g3080261 .jpg,NULL
304,304,1,1,2,NULL,g3080271 .jpg,NULL
305,305,1,1,2,NULL,g3080281 .jpg,NULL
306,306,1,1,2,NULL,g3080291 .jpg,NULL
307,307,1,1,2,NULL,g3080301 .jpg,NULL
308,308,1,1,2,NULL,g3080311 .jpg,NULL
309,309,1,1,2,NULL,g3080321 .jpg,NULL
310,310,1,1,2,NULL,g3080331 .jpg,NULL
311,311,1,1,2,NULL,g3080341 .jpg,NULL
312,312,1,1,2,NULL,g3080351 .jpg,NULL
313,313,1,1,2,NULL,g3080361 .jpg,NULL
314,314,1,1,2,NULL,g3080371 .jpg,NULL
315,315,1,1,2,NULL,g3080381 .jpg,NULL
316,316,1,1,2,NULL,g3080391 .jpg,NULL
317,317,1,1,2,NULL,g3080401 .jpg,NULL
318,318,1,1,2,NULL,g3080411 .jpg,NULL
319,319,1,1,2,NULL,g3080421 .jpg,NULL
320,320,1,1,2,NULL,g3080431 .jpg,NULL
321,321,1,1,2,NULL,g3080441 .jpg,NULL
322,322,1,1,2,NULL,g3080451 .jpg,NULL
323,323,1,1,2,NULL,g3080461 .jpg,NULL
324,324,1,1,2,NULL,g3080471 .jpg,NULL
325,325,1,1,2,NULL,g3080481 .jpg,NULL
326,326,1,1,2,NULL,g3080491 .jpg,NULL
327,327,1,1,2,NULL,g3080501 .jpg,NULL
328,328,1,1,2,NULL,g3080511 .jpg,NULL
329,329,1,1,2,NULL,g3080521 .jpg,NULL
330,330,1,1,2,NULL,g3080531 .jpg,NULL
331,331,1,1,2,NULL,g3080541 .jpg,NULL
332,332,1,1,2,NULL,g3080551 .jpg,NULL
333,333,1,1,2,NULL,g3080561 .jpg,NULL
334,334,1,1,2,NULL,g3080571 .jpg,NULL
335,335,1,1,2,NULL,g3080581 .jpg,NULL
336,336,1,1,2,NULL,g3080591 .jpg,NULL
337,337,1,1,2,NULL,g3080601 .jpg,NULL
338,338,1,1,2,NULL,g3080611 .jpg,NULL
339,339,1,1,2,NULL,g3080621 .jpg,NULL
340,340,1,1,2,NULL,g3080631 .jpg,NULL
341,341,1,1,2,NULL,g3080641 .jpg,NULL
342,342,1,1,2,NULL,g3080651 .jpg,NULL
343,343,1,1,2,NULL,g3080661 .jpg,NULL
344,344,1,1,2,NULL,g3080671 .jpg,NULL
345,345,1,1,2,NULL,g3080681 .jpg,NULL
346,346,1,1,2,NULL,g3080691 .jpg,NULL
347,347,1,1,2,NULL,g3080701 .jpg,NULL
348,348,1,1,2,NULL,g3080711 .jpg,NULL
349,349,1,1,2,NULL,g3080721 .jpg,NULL
350,350,1,1,2,NULL,g3080731 .jpg,NULL
351,351,1,1,2,NULL,g3080741 .jpg,NULL
352,352,1,1,2,NULL,g3080751 .jpg,NULL
353,353,1,1,2,NULL,g3080761 .jpg,NULL
354,354,1,1,2,NULL,g3080771 .jpg,NULL
355,355,1,1,2,NULL,g3080781 .jpg,NULL
356,356,1,1,2,NULL,g3080791 .jpg,NULL
357,357,1,1,2,NULL,g3080801 .jpg,NULL
358,358,1,1,2,NULL,g3080811 .jpg,NULL
359,359,1,1,2,NULL,g3080821 .jpg,NULL
360,360,1,1,2,NULL,g3080831 .jpg,NULL
361,361,1,1,2,NULL,g3080841 .jpg,NULL
362,362,1,1,2,NULL,g3080851 .jpg,NULL
363,363,1,1,2,NULL,g3080861 .jpg,16
364,364,1,1,2,NULL,g3080871 .jpg,17
365,365,1,1,2,NULL,g3080881 .jpg,17
366,366,1,1,2,NULL,g3080891 .jpg,18
367,367,1,1,2,NULL,g3080901 .jpg,19
368,368,1,1,2,NULL,g3080911 .jpg,20
369,369,1,1,2,NULL,g3080921 .jpg,21
370,370,1,1,2,NULL,g3080931 .jpg,22
371,371,1,1,2,NULL,g3080941 .jpg,12
372,372,1,1,2,NULL,g3080951 .jpg,12
373,373,1,1,2,NULL,g3080961 .jpg,12
374,374,1,1,2,NULL,g3080971 .jpg,23
375,375,1,1,2,NULL,g3080981 .jpg,24
376,376,1,1,3,NULL,g3090011 .jpg,NULL
377,377,1,1,3,NULL,g3090021 .jpg,NULL
378,378,2,3,6,NULL,m1010011 .jpg,25
379,379,2,3,6,NULL,m1010021 .jpg,25
380,380,2,3,6,NULL,m1010031 .jpg,25
381,381,2,3,6,NULL,m1010041 .jpg,25
382,382,2,3,6,NULL,m1010051 .jpg,25
383,383,2,3,6,NULL,m1010061 .jpg,25
384,384,2,3,6,NULL,m1010071 .jpg,25
385,385,2,3,6,NULL,m1010081 .jpg,25
386,386,2,3,6,NULL,m1010091 .jpg,25
387,387,2,3,6,NULL,m1010101 .jpg,26
388,388,2,3,6,NULL,m1010111 .jpg,26
389,389,2,3,6,NULL,m1010121 .jpg,26
390,390,2,3,6,NULL,m1010131 .jpg,27
391,391,2,3,6,NULL,m1010141 .jpg,28
392,392,2,3,6,NULL,m1010151 .jpg,28
393,393,2,3,6,NULL,m1010161 .jpg,25
394,394,2,3,6,NULL,m1010171 .jpg,25
395,395,2,3,6,NULL,m1010181 .jpg,25
396,396,2,3,6,NULL,m1010191 .jpg,29
397,397,2,3,6,NULL,m1010192 .jpg,30
398,398,2,3,6,NULL,m1010193 .jpg,29
399,399,2,3,6,NULL,m1010194 .jpg,31
400,400,2,3,6,NULL,m1010201 .jpg,25
401,401,2,3,6,NULL,m1010211 .jpg,25
402,402,2,3,6,NULL,m1010221 .jpg,32
403,403,2,3,6,NULL,m1010231 .jpg,25
404,404,2,3,6,NULL,m1010241 .jpg,30
405,405,2,3,6,NULL,m1010242 .jpg,30
406,406,2,3,6,NULL,m1010251 .jpg,25
407,407,2,3,6,NULL,m1010261 .jpg,33
408,408,2,3,6,NULL,m1010271 .jpg,33
409,409,2,3,6,NULL,m1010281 .jpg,34
410,410,2,3,6,NULL,m1010291 .jpg,34
411,411,2,3,6,NULL,m1010301 .jpg,34
412,412,2,3,6,NULL,m1010311 .jpg,34
413,413,2,3,6,NULL,m1010321 .jpg,25
414,414,2,3,6,NULL,m1010331 .jpg,33
415,415,2,3,6,NULL,m1010341 .jpg,33
416,416,2,3,6,NULL,m1010351 .jpg,35
417,417,2,3,6,NULL,m1010361 .jpg,36
418,418,2,3,6,NULL,m1010371 .jpg,36
419,419,2,3,6,NULL,m1010381 .jpg,36
420,420,2,3,6,NULL,m1010391 .jpg,36
421,421,2,3,6,NULL,m1010401 .jpg,33
422,422,2,3,6,NULL,m1010411 .jpg,37
423,423,2,3,6,NULL,m1010421 .jpg,28
424,424,2,3,6,NULL,m1010431 .jpg,33
425,425,2,3,6,NULL,m1010441 .jpg,33
426,426,2,3,6,NULL,m1010451 .jpg,33
427,427,2,3,6,NULL,m1010461 .jpg,33
428,428,2,3,6,NULL,m1010471 .jpg,33
429,429,2,3,6,NULL,m1010481 .jpg,33
430,430,2,3,6,NULL,m1010491 .jpg,33
431,431,2,3,6,NULL,m1010501 .jpg,33
432,432,2,3,6,NULL,m1010511 .jpg,33
433,433,2,3,6,NULL,m1010521 .jpg,33
434,434,2,3,6,NULL,m1010531 .jpg,33
435,435,2,3,6,NULL,m1010541 .jpg,33
436,436,2,3,6,NULL,m1010551 .jpg,33
437,437,2,3,6,NULL,m1010561 .jpg,33
438,438,2,3,6,NULL,m1010571 .jpg,33
439,439,2,3,6,NULL,m1010581 .jpg,38
440,440,2,3,6,NULL,m1010591 .jpg,39
441,441,2,3,6,NULL,m1010601 .jpg,33
442,442,2,3,6,NULL,m1010611 .jpg,33
443,443,2,3,6,NULL,m1010621 .jpg,33
444,444,2,3,6,NULL,m1010631 .jpg,35
445,445,2,3,6,NULL,m1010641 .jpg,34
446,446,2,3,6,NULL,m1010651 .jpg,27
447,447,2,3,6,NULL,m1010661 .jpg,40
448,448,2,3,6,NULL,m1010671 .jpg,33
449,449,2,3,6,NULL,m1010681 .jpg,33
450,450,2,3,6,NULL,m1010691 .jpg,33
451,451,2,3,6,NULL,m1010701 .jpg,41
452,452,2,3,6,NULL,m1010711 .jpg,41
453,453,2,3,6,NULL,m1010721 .jpg,41
454,454,2,3,6,NULL,m1010731 .jpg,41
455,455,2,3,6,NULL,m1010741 .jpg,33
456,456,2,3,6,NULL,m1010751 .jpg,33
457,457,2,3,6,NULL,m1010761 .jpg,33
458,458,2,3,6,NULL,m1010771 .jpg,34
459,459,2,3,6,NULL,m1010781 .jpg,33
460,460,2,3,6,NULL,m1010791 .jpg,27
461,461,2,3,6,NULL,m1010801 .jpg,27
462,462,2,3,6,NULL,m1010811 .jpg,26
463,463,2,3,6,NULL,m1010821 .jpg,1
464,464,2,3,6,NULL,m1010831 .jpg,42
465,465,2,3,6,NULL,m1010841 .jpg,33
466,466,2,3,6,NULL,m1010851 .jpg,27
467,467,2,3,6,NULL,m1010861 .jpg,43
468,468,2,3,6,NULL,m1010871 .jpg,33
469,469,2,3,6,NULL,m1010881 .jpg,33
470,470,2,3,6,NULL,m1010891 .jpg,33
471,471,2,3,6,NULL,m1010901 .jpg,33
472,472,2,3,6,NULL,m1010911 .jpg,33
473,473,2,3,6,NULL,m1010921 .jpg,33
474,474,2,3,6,NULL,m1010931 .jpg,39
475,475,2,3,6,NULL,m1010941 .jpg,25
476,476,2,3,6,NULL,m1010951 .jpg,1
477,477,2,3,6,NULL,m1010961 .jpg,44
478,478,2,3,6,NULL,m1010971 .jpg,44
479,479,2,3,6,NULL,m1010981 .jpg,44
480,480,2,3,6,NULL,m1010991 .jpg,43
481,481,2,3,7,NULL,m1020011 .jpg,1
482,482,2,3,7,NULL,m1020021 .jpg,33
483,483,2,3,7,NULL,m1020031 .jpg,33
484,484,2,3,7,NULL,m1020041 .jpg,45
485,485,2,3,7,NULL,m1020051 .jpg,33
486,486,2,3,7,NULL,m1020061 .jpg,33
487,487,2,3,7,NULL,m1020071 .jpg,33
488,488,2,3,7,NULL,m1020081 .jpg,33
489,489,2,3,7,NULL,m1020091 .jpg,33
490,490,2,3,7,NULL,m1020101 .jpg,33
491,491,2,3,7,NULL,m1020111 .jpg,33
492,492,2,3,7,NULL,m1020121 .jpg,33
493,493,2,3,7,NULL,m1020131 .jpg,33
494,494,2,3,7,NULL,m1020141 .jpg,33
495,495,2,3,7,NULL,m1020151 .jpg,33
496,496,2,3,7,NULL,m1020161 .jpg,33
497,497,2,3,7,NULL,m1020171 .jpg,33
498,498,2,3,7,NULL,m1020181 .jpg,33
499,499,2,3,7,NULL,m1020191 .jpg,33
500,500,2,3,7,NULL,m1020201 .jpg,33
501,501,2,3,7,NULL,m1020211 .jpg,46
502,502,2,3,7,NULL,m1020221 .jpg,33
503,503,2,3,7,NULL,m1020231 .jpg,33
504,504,2,3,7,NULL,m1020241 .jpg,33
505,505,2,3,7,NULL,m1020251 .jpg,33
506,506,2,3,7,NULL,m1020261 .jpg,33
507,507,2,3,7,NULL,m1020271 .jpg,33
508,508,2,3,7,NULL,m1020281 .jpg,33
509,509,2,3,7,NULL,m1020291 .jpg,33
510,510,2,3,7,NULL,m1020301 .jpg,33
511,511,2,3,7,NULL,m1020311 .jpg,33
512,512,2,3,7,NULL,m1020321 .jpg,33
513,513,2,3,7,NULL,m1020331 .jpg,33
514,514,2,3,7,NULL,m1020341 .jpg,33
515,515,2,3,7,NULL,m1020351 .jpg,33
516,516,2,3,7,NULL,m1020361 .jpg,33
517,517,2,3,7,NULL,m1020371 .jpg,45
518,518,2,3,7,NULL,m1020381 .jpg,45
519,519,2,3,7,NULL,m1020391 .jpg,45
520,520,2,3,7,NULL,m1020401 .jpg,45
521,521,2,3,7,NULL,m1020411 .jpg,45
522,522,2,3,7,NULL,m1020421 .jpg,45
523,523,2,3,7,NULL,m1020431 .jpg,35
524,524,2,3,7,NULL,m1020441 .jpg,33
525,525,2,3,7,NULL,m1020451 .jpg,33
526,526,2,3,7,NULL,m1020461 .jpg,33
527,527,2,3,7,NULL,m1020471 .jpg,27
528,528,2,3,7,NULL,m1020481 .jpg,27
529,529,2,3,7,NULL,m1020491 .jpg,47
530,530,2,3,7,NULL,m1020501 .jpg,47
531,531,2,3,7,NULL,m1020511 .jpg,47
532,532,2,3,7,NULL,m1020521 .jpg,47
533,533,2,3,7,NULL,m1020531 .jpg,47
534,534,2,3,7,NULL,m1020541 .jpg,47
535,535,2,3,7,NULL,m1020551 .jpg,45
536,536,2,3,7,NULL,m1020561 .jpg,45
537,537,2,3,7,NULL,m1020571 .jpg,45
538,538,2,3,7,NULL,m1020581 .jpg,45
539,539,2,3,7,NULL,m1020591 .jpg,45
540,540,2,3,7,NULL,m1020601 .jpg,45
541,541,2,3,7,NULL,m1020611 .jpg,45
542,542,2,3,7,NULL,m1020621 .jpg,45
543,543,2,3,7,NULL,m1020631 .jpg,1
544,544,2,3,7,NULL,m1020641 .jpg,33
545,545,2,3,7,NULL,m1020651 .jpg,33
546,546,2,3,7,NULL,m1020661 .jpg,33
547,547,2,3,7,NULL,m1020671 .jpg,33
548,548,2,3,7,NULL,m1020681 .jpg,45
549,549,2,3,7,NULL,m1020691 .jpg,45
550,550,2,3,7,NULL,m1020701 .jpg,27
551,551,2,3,7,NULL,m1020711 .jpg,27
552,552,2,3,7,NULL,m1020721 .jpg,34
553,553,2,3,7,NULL,m1020731 .jpg,34
554,554,2,3,7,NULL,m1020741 .jpg,34
555,555,2,3,7,NULL,m1020751 .jpg,34
556,556,2,3,7,NULL,m1020761 .jpg,33
557,557,2,3,7,NULL,m1020771 .jpg,28
558,558,2,3,7,NULL,m1020781 .jpg,34
559,559,2,3,7,NULL,m1020791 .jpg,34
560,560,2,3,7,NULL,m1020801 .jpg,34
561,561,2,3,7,NULL,m1020811 .jpg,34
562,562,2,3,7,NULL,m1020821 .jpg,33
563,563,2,3,7,NULL,m1020831 .jpg,33
564,564,2,3,7,NULL,m1020841 .jpg,33
565,565,2,3,7,NULL,m1020851 .jpg,33
566,566,2,3,7,NULL,m1020861 .jpg,33
567,567,2,3,7,NULL,m1020871 .jpg,33
568,568,2,3,7,NULL,m1020881 .jpg,33
569,569,2,3,7,NULL,m1020891 .jpg,33
570,570,2,3,7,NULL,m1020901 .jpg,45
571,571,2,3,7,NULL,m1020911 .jpg,45
572,572,2,3,7,NULL,m1020921 .jpg,45
573,573,2,3,7,NULL,m1020931 .jpg,45
574,574,2,3,7,NULL,m1020941 .jpg,27
575,575,2,3,7,NULL,m1020951 .jpg,27
576,576,2,3,7,NULL,m1020961 .jpg,27
577,577,2,3,7,NULL,m1020971 .jpg,27
578,578,2,3,7,NULL,m1020981 .jpg,45
579,579,2,3,7,NULL,m1020991 .jpg,45
580,580,2,3,7,NULL,m1021001 .jpg,45
581,581,2,3,7,NULL,m1021011 .jpg,45
582,582,2,3,7,NULL,m1021021 .jpg,45
583,583,2,3,7,NULL,m1021031 .jpg,45
584,584,2,3,7,NULL,m1021041 .jpg,45
585,585,2,3,7,NULL,m1021051 .jpg,45
586,586,2,3,7,NULL,m1021061 .jpg,45
587,587,2,3,7,NULL,m1021071 .jpg,45
588,588,2,3,7,NULL,m1021081 .jpg,45
589,589,2,3,7,NULL,m1021091 .jpg,45
590,590,2,3,7,NULL,m1021101 .jpg,45
591,591,2,3,7,NULL,m1021111 .jpg,45
592,592,2,3,7,NULL,m1021121 .jpg,45
593,593,2,3,7,NULL,m1021131 .jpg,45
594,594,2,3,7,NULL,m1021141 .jpg,45
595,595,2,3,7,NULL,m1021151 .jpg,45
596,596,2,3,7,NULL,m1021161 .jpg,45
597,597,2,3,7,NULL,m1021171 .jpg,45
598,598,2,3,7,NULL,m1021181 .jpg,45
599,599,2,3,7,NULL,m1021191 .jpg,45
600,600,2,3,7,NULL,m1021201 .jpg,45
601,601,2,3,7,NULL,m1021211 .jpg,45
602,602,2,3,7,NULL,m1021221 .jpg,45
603,603,2,3,7,NULL,m1021231 .jpg,45
604,604,2,3,7,NULL,m1021241 .jpg,45
605,605,2,3,7,NULL,m1021251 .jpg,45
606,606,2,3,7,NULL,m1021261 .jpg,1
607,607,2,3,7,NULL,m1021271 .jpg,33
608,608,2,3,7,NULL,m1021281 .jpg,33
609,609,2,3,7,NULL,m1021291 .jpg,33
610,610,2,3,7,NULL,m1021301 .jpg,33
611,611,2,3,7,NULL,m1021311 .jpg,45
612,612,2,3,7,NULL,m1021321 .jpg,45
613,613,2,3,7,NULL,m1021331 .jpg,45
614,614,2,3,7,NULL,m1021341 .jpg,45
615,615,2,3,7,NULL,m1021351 .jpg,45
616,616,2,3,7,NULL,m1021361 .jpg,45
617,617,2,3,7,NULL,m1021371 .jpg,45
618,618,2,3,7,NULL,m1021381 .jpg,45
619,619,2,3,7,NULL,m1021391 .jpg,45
620,620,2,3,7,NULL,m1021401 .jpg,33
621,621,2,3,7,NULL,m1021411 .jpg,33
622,622,2,3,7,NULL,m1021421 .jpg,33
623,623,2,3,7,NULL,m1021431 .jpg,33
624,624,2,3,7,NULL,m1021441 .jpg,33
625,625,2,3,7,NULL,m1021451 .jpg,33
626,626,2,3,7,NULL,m1021461 .jpg,48
627,627,2,3,7,NULL,m1021471 .jpg,33
628,628,2,3,7,NULL,m1021481 .jpg,33
629,629,2,3,8,NULL,m1030011 .jpg,40
630,630,2,3,8,NULL,m1030021 .jpg,39
631,631,2,3,8,NULL,m1030031 .jpg,40
632,632,2,3,8,NULL,m1030041 .jpg,35
633,633,2,3,8,NULL,m1030051 .jpg,35
634,634,2,3,8,NULL,m1030061 .jpg,40
635,635,2,3,8,NULL,m1030071 .jpg,39
636,636,2,3,8,NULL,m1030081 .jpg,35
637,637,2,3,8,NULL,m1030091 .jpg,35
638,638,2,3,8,NULL,m1030101 .jpg,35
639,639,2,3,8,NULL,m1030111 .jpg,40
640,640,2,3,8,NULL,m1030121 .jpg,40
641,641,2,3,8,NULL,m1030131 .jpg,40
642,642,2,3,8,NULL,m1030141 .jpg,35
643,643,2,3,8,NULL,m1030151 .jpg,35
644,644,2,3,8,NULL,m1030161 .jpg,35
645,645,2,3,8,NULL,m1030171 .jpg,35
646,646,2,3,8,NULL,m1030181 .jpg,35
647,647,2,3,8,NULL,m1030191 .jpg,35
648,648,2,3,8,NULL,m1030201 .jpg,35
649,649,2,3,8,NULL,m1030211 .jpg,35
650,650,2,3,8,NULL,m1030221 .jpg,35
651,651,2,3,8,NULL,m1030231 .jpg,49
652,652,2,3,8,NULL,m1030241 .jpg,35
653,653,2,3,8,NULL,m1030251 .jpg,35
654,654,2,3,8,NULL,m1030261 .jpg,35
655,655,2,3,8,NULL,m1030271 .jpg,35
656,656,2,3,8,NULL,m1030281 .jpg,35
657,657,2,3,8,NULL,m1030291 .jpg,35
658,658,2,3,8,NULL,m1030301 .jpg,35
659,659,2,3,8,NULL,m1030311 .jpg,35
660,660,2,3,8,NULL,m1030321 .jpg,35
661,661,2,3,8,NULL,m1030331 .jpg,35
662,662,2,3,8,NULL,m1030341 .jpg,35
663,663,2,3,8,NULL,m1030351 .jpg,35
664,664,2,3,8,NULL,m1030361 .jpg,49
665,665,2,3,8,NULL,m1030371 .jpg,35
666,666,2,3,8,NULL,m1030381 .jpg,35
667,667,2,3,8,NULL,m1030391 .jpg,35
668,668,2,3,8,NULL,m1030401 .jpg,35
669,669,2,3,8,NULL,m1030411 .jpg,49
670,670,2,3,8,NULL,m1030421 .jpg,35
671,671,2,3,8,NULL,m1030431 .jpg,35
672,672,2,3,8,NULL,m1030441 .jpg,35
673,673,2,3,8,NULL,m1030451 .jpg,35
674,674,2,3,8,NULL,m1030461 .jpg,35
675,675,2,3,8,NULL,m1030471 .jpg,35
676,676,2,3,8,NULL,m1030481 .jpg,35
677,677,2,3,8,NULL,m1030491 .jpg,39
678,678,2,3,8,NULL,m1030501 .jpg,39
679,679,2,3,8,NULL,m1030511 .jpg,33
680,680,2,3,8,NULL,m1030521 .jpg,33
681,681,2,3,8,NULL,m1030531 .jpg,33
682,682,2,3,8,NULL,m1030541 .jpg,35
683,683,2,3,8,NULL,m1030551 .jpg,35
684,684,2,3,8,NULL,m1030561 .jpg,35
685,685,2,3,8,NULL,m1030571 .jpg,35
686,686,2,3,8,NULL,m1030581 .jpg,35
687,687,2,3,8,NULL,m1030591 .jpg,35
688,688,2,3,8,NULL,m1030601 .jpg,39
689,689,2,3,8,NULL,m1030611 .jpg,39
690,690,2,3,8,NULL,m1030621 .jpg,33
691,691,2,3,8,NULL,m1030631 .jpg,33
692,692,2,3,8,NULL,m1030641 .jpg,33
693,693,2,3,8,NULL,m1030651 .jpg,35
694,694,2,3,8,NULL,m1030661 .jpg,35
695,695,2,3,8,NULL,m1030671 .jpg,35
696,696,2,3,8,NULL,m1030681 .jpg,35
697,697,2,3,8,NULL,m1030691 .jpg,35
698,698,2,3,8,NULL,m1030701 .jpg,35
699,699,2,3,8,NULL,m1030711 .jpg,35
700,700,2,3,8,NULL,m1030721 .jpg,35
701,701,2,3,8,NULL,m1030731 .jpg,33
702,702,2,3,8,NULL,m1030741 .jpg,35
703,703,2,3,8,NULL,m1030751 .jpg,35
704,704,2,3,8,NULL,m1030761 .jpg,35
705,705,2,3,8,NULL,m1030771 .jpg,35
706,706,2,3,8,NULL,m1030781 .jpg,35
707,707,2,3,8,NULL,m1030791 .jpg,35
708,708,2,3,8,NULL,m1030801 .jpg,35
709,709,2,3,8,NULL,m1030811 .jpg,35
710,710,2,3,8,NULL,m1030821 .jpg,35
711,711,2,3,8,NULL,m1030831 .jpg,35
712,712,2,3,8,NULL,m1030841 .jpg,35
713,713,2,3,8,NULL,m1030851 .jpg,35
714,714,2,3,8,NULL,m1030861 .jpg,35
715,715,2,3,8,NULL,m1030871 .jpg,35
716,716,2,3,8,NULL,m1030881 .jpg,39
717,717,2,3,8,NULL,m1030891 .jpg,26
718,718,2,3,8,NULL,m1030901 .jpg,35
719,719,2,3,8,NULL,m1030911 .jpg,35
720,720,2,3,8,NULL,m1030921 .jpg,33
721,721,2,3,8,NULL,m1030931 .jpg,33
722,722,2,3,8,NULL,m1030941 .jpg,33
723,723,2,3,8,NULL,m1030951 .jpg,33
724,724,2,3,8,NULL,m1030961 .jpg,33
725,725,2,3,8,NULL,m1030971 .jpg,33
726,726,2,3,8,NULL,m1030981 .jpg,33
727,727,2,3,8,NULL,m1030991 .jpg,33
728,728,2,3,8,NULL,m1031001 .jpg,33
729,729,2,3,8,NULL,m1031011 .jpg,33
730,730,2,3,8,NULL,m1031021 .jpg,33
731,731,2,3,8,NULL,m1031031 .jpg,33
732,732,2,3,8,NULL,m1031041 .jpg,33
733,733,2,3,8,NULL,m1031051 .jpg,33
734,734,2,3,8,NULL,m1031061 .jpg,33
735,735,2,3,8,NULL,m1031071 .jpg,33
736,736,2,3,8,NULL,m1031081 .jpg,33
737,737,2,3,8,NULL,m1031091 .jpg,33
738,738,2,3,8,NULL,m1031101 .jpg,33
739,739,2,3,8,NULL,m1031111 .jpg,33
740,740,2,3,8,NULL,m1031121 .jpg,33
741,741,2,3,8,NULL,m1031131 .jpg,33
742,742,2,3,8,NULL,m1031141 .jpg,33
743,743,2,3,8,NULL,m1031151 .jpg,38
744,744,2,3,9,NULL,m1040011 .jpg,50
745,745,2,3,9,NULL,m1040021 .jpg,51
746,746,2,3,9,NULL,m1040031 .jpg,52
747,747,2,3,9,NULL,m1040041 .jpg,26
748,748,2,3,9,NULL,m1040051 .jpg,41
749,749,2,3,9,NULL,m1040061 .jpg,41
750,750,2,3,9,NULL,m1040071 .jpg,41
751,751,2,3,9,NULL,m1040081 .jpg,52
752,752,2,3,9,NULL,m1040091 .jpg,53
753,753,2,3,9,NULL,m1040101 .jpg,53
754,754,2,3,9,NULL,m1040111 .jpg,53
755,755,2,3,9,NULL,m1040121 .jpg,53
756,756,2,3,9,NULL,m1040131 .jpg,53
757,757,2,3,9,NULL,m1040141 .jpg,53
758,758,2,3,9,NULL,m1040151 .jpg,53
759,759,2,3,9,NULL,m1040161 .jpg,53
760,760,2,3,9,NULL,m1040171 .jpg,53
761,761,2,3,9,NULL,m1040181 .jpg,53
762,762,2,3,9,NULL,m1040191 .jpg,53
763,763,2,3,9,NULL,m1040201 .jpg,53
764,764,2,3,9,NULL,m1040211 .jpg,53
765,765,2,3,9,NULL,m1040221 .jpg,53
766,766,2,3,9,NULL,m1040231 .jpg,53
767,767,2,3,9,NULL,m1040241 .jpg,53
768,768,2,3,9,NULL,m1040251 .jpg,53
769,769,2,3,9,NULL,m1040261 .jpg,53
770,770,2,3,9,NULL,m1040271 .jpg,50
771,771,2,3,9,NULL,m1040281 .jpg,50
772,772,2,3,9,NULL,m1040291 .jpg,50
773,773,2,3,9,NULL,m1040301 .jpg,50
774,774,2,3,9,NULL,m1040311 .jpg,50
775,775,2,3,9,NULL,m1040321 .jpg,50
776,776,2,3,9,NULL,m1040331 .jpg,50
777,777,2,3,9,NULL,m1040341 .jpg,50
778,778,2,3,9,NULL,m1040351 .jpg,50
779,779,2,3,9,NULL,m1040361 .jpg,50
780,780,2,3,9,NULL,m1040371 .jpg,50
781,781,2,3,9,NULL,m1040381 .jpg,50
782,782,2,3,9,NULL,m1040391 .jpg,50
783,783,2,3,9,NULL,m1040401 .jpg,50
784,784,2,3,9,NULL,m1040411 .jpg,50
785,785,2,3,9,NULL,m1040421 .jpg,50
786,786,2,3,9,NULL,m1040431 .jpg,50
787,787,2,3,9,NULL,m1040441 .jpg,50
788,788,2,3,9,NULL,m1040451 .jpg,50
789,789,2,3,9,NULL,m1040461 .jpg,50
790,790,2,3,9,NULL,m1040471 .jpg,50
791,791,2,3,9,NULL,m1040481 .jpg,50
792,792,2,3,9,NULL,m1040491 .jpg,50
793,793,2,3,9,NULL,m1040501 .jpg,50
794,794,2,3,9,NULL,m1040511 .jpg,50
795,795,2,3,9,NULL,m1040521 .jpg,50
796,796,2,3,9,NULL,m1040531 .jpg,50
797,797,2,3,9,NULL,m1040541 .jpg,50
798,798,2,3,9,NULL,m1040551 .jpg,50
799,799,2,3,9,NULL,m1040561 .jpg,50
800,800,2,3,9,NULL,m1040571 .jpg,50
801,801,2,3,9,NULL,m1040581 .jpg,50
802,802,2,3,9,NULL,m1040591 .jpg,50
803,803,2,3,9,NULL,m1040601 .jpg,50
804,804,2,3,9,NULL,m1040611 .jpg,50
805,805,2,3,9,NULL,m1040621 .jpg,50
806,806,2,3,9,NULL,m1040631 .jpg,50
807,807,2,3,9,NULL,m1040641 .jpg,50
808,808,2,3,9,NULL,m1040651 .jpg,50
809,809,2,3,9,NULL,m1040661 .jpg,50
810,810,2,3,9,NULL,m1040671 .jpg,50
811,811,2,3,9,NULL,m1040681 .jpg,50
812,812,2,3,9,NULL,m1040691 .jpg,50
813,813,2,3,9,NULL,m1040701 .jpg,50
814,814,2,3,9,NULL,m1040711 .jpg,50
815,815,2,3,9,NULL,m1040721 .jpg,52
816,816,2,3,9,NULL,m1040731 .jpg,50
817,817,2,3,9,NULL,m1040741 .jpg,50
818,818,2,3,9,NULL,m1040751 .jpg,50
819,819,2,3,9,NULL,m1040761 .jpg,50
820,820,2,3,9,NULL,m1040771 .jpg,50
821,821,2,3,9,NULL,m1040781 .jpg,50
822,822,2,3,9,NULL,m1040791 .jpg,50
823,823,2,3,9,NULL,m1040801 .jpg,53
824,824,2,3,9,NULL,m1040811 .jpg,53
825,825,2,3,9,NULL,m1040821 .jpg,53
826,826,2,3,9,NULL,m1040831 .jpg,53
827,827,2,3,9,NULL,m1040841 .jpg,53
828,828,2,3,9,NULL,m1040851 .jpg,53
829,829,2,3,9,NULL,m1040861 .jpg,53
830,830,2,3,9,NULL,m1040871 .jpg,53
831,831,2,3,9,NULL,m1040881 .jpg,50
832,832,2,3,9,NULL,m1040891 .jpg,53
833,833,2,3,9,NULL,m1040901 .jpg,53
834,834,2,3,9,NULL,m1040911 .jpg,53
835,835,2,3,9,NULL,m1040921 .jpg,53
836,836,2,3,9,NULL,m1040931 .jpg,53
837,837,2,3,9,NULL,m1040941 .jpg,53
838,838,2,3,9,NULL,m1040951 .jpg,53
839,839,2,3,9,NULL,m1040961 .jpg,53
840,840,2,3,9,NULL,m1040971 .jpg,53
841,841,2,3,9,NULL,m1040981 .jpg,53
842,842,2,3,9,NULL,m1040991 .jpg,50
843,843,2,3,9,NULL,m1041001 .jpg,50
844,844,2,3,9,NULL,m1041011 .jpg,50
845,845,2,3,9,NULL,m1041021 .jpg,50
846,846,2,3,9,NULL,m1041031 .jpg,50
847,847,2,3,9,NULL,m1041041 .jpg,50
848,848,2,3,9,NULL,m1041051 .jpg,50
849,849,2,3,9,NULL,m1041061 .jpg,50
850,850,2,3,9,NULL,m1041071 .jpg,50
851,851,2,3,9,NULL,m1041081 .jpg,50
852,852,2,3,9,NULL,m1041091 .jpg,50
853,853,2,3,9,NULL,m1041101 .jpg,50
854,854,2,3,9,NULL,m1041111 .jpg,50
855,855,2,3,9,NULL,m1041121 .jpg,50
856,856,2,3,9,NULL,m1041131 .jpg,50
857,857,2,3,9,NULL,m1041141 .jpg,50
858,858,2,3,9,NULL,m1041151 .jpg,50
859,859,2,3,9,NULL,m1041161 .jpg,50
860,860,2,3,9,NULL,m1041171 .jpg,50
861,861,2,3,9,NULL,m1041181 .jpg,50
862,862,2,3,9,NULL,m1041191 .jpg,50
863,863,2,3,9,NULL,m1041201 .jpg,50
864,864,2,3,9,NULL,m1041211 .jpg,50
865,865,2,3,9,NULL,m1041221 .jpg,50
866,866,2,3,9,NULL,m1041231 .jpg,50
867,867,2,3,9,NULL,m1041241 .jpg,50
868,868,2,3,9,NULL,m1041251 .jpg,50
869,869,2,3,9,NULL,m1041261 .jpg,50
870,870,2,3,9,NULL,m1041271 .jpg,50
871,871,2,3,9,NULL,m1041281 .jpg,50
872,872,2,3,9,NULL,m1041291 .jpg,50
873,873,2,3,9,NULL,m1041301 .jpg,50
874,874,2,3,9,NULL,m1041311 .jpg,50
875,875,2,3,9,NULL,m1041321 .jpg,50
876,876,2,3,9,NULL,m1041331 .jpg,50
877,877,2,3,9,NULL,m1041341 .jpg,50
878,878,2,3,9,NULL,m1041351 .jpg,50
879,879,2,3,9,NULL,m1041361 .jpg,50
880,880,2,3,9,NULL,m1041371 .jpg,50
881,881,2,3,9,NULL,m1041381 .jpg,50
882,882,2,3,9,NULL,m1041391 .jpg,50
883,883,2,3,9,NULL,m1041401 .jpg,50
884,884,2,3,9,NULL,m1041411 .jpg,50
885,885,2,3,9,NULL,m1041421 .jpg,50
886,886,2,3,9,NULL,m1041431 .jpg,50
887,887,2,3,9,NULL,m1041441 .jpg,52
888,888,2,3,9,NULL,m1041451 .jpg,50
889,889,2,3,9,NULL,m1041461 .jpg,50
890,890,2,3,9,NULL,m1041471 .jpg,50
891,891,2,3,9,NULL,m1041481 .jpg,50
892,892,2,3,9,NULL,m1041491 .jpg,50
893,893,2,3,9,NULL,m1041501 .jpg,50
894,894,2,3,9,NULL,m1041511 .jpg,50
895,895,2,3,9,NULL,m1041521 .jpg,53
896,896,2,3,9,NULL,m1041531 .jpg,52
897,897,2,3,9,NULL,m1041541 .jpg,52
898,898,2,3,9,NULL,m1041551 .jpg,51
899,899,2,3,9,NULL,m1041561 .jpg,51
900,900,2,3,9,NULL,m1041571 .jpg,51
901,901,2,3,9,NULL,m1041581 .jpg,51
902,902,2,3,9,NULL,m1041591 .jpg,51
903,903,2,3,9,NULL,m1041601 .jpg,51
904,904,2,3,9,NULL,m1041611 .jpg,51
905,905,2,3,9,NULL,m1041621 .jpg,51
906,906,2,3,9,NULL,m1041631 .jpg,51
907,907,2,3,9,NULL,m1041641 .jpg,51
908,908,2,3,9,NULL,m1041651 .jpg,51
909,909,2,3,9,NULL,m1041661 .jpg,51
910,910,2,3,9,NULL,m1041671 .jpg,51
911,911,2,3,9,NULL,m1041681 .jpg,51
912,912,2,3,9,NULL,m1041691 .jpg,51
913,913,2,3,9,NULL,m1041701 .jpg,51
914,914,2,3,9,NULL,m1041711 .jpg,51
915,915,2,3,9,NULL,m1041721 .jpg,51
916,916,2,3,9,NULL,m1041731 .jpg,51
917,917,2,3,9,NULL,m1041741 .jpg,51
918,918,2,3,9,NULL,m1041751 .jpg,51
919,919,2,3,9,NULL,m1041761 .jpg,51
920,920,2,3,9,NULL,m1041771 .jpg,51
921,921,2,3,9,NULL,m1041781 .jpg,51
922,922,2,3,9,NULL,m1041791 .jpg,51
923,923,2,3,9,NULL,m1041801 .jpg,51
924,924,2,3,9,NULL,m1041811 .jpg,51
925,925,2,3,9,NULL,m1041821 .jpg,51
926,926,2,3,9,NULL,m1041831 .jpg,51
927,927,2,3,9,NULL,m1041841 .jpg,51
928,928,2,3,9,NULL,m1041851 .jpg,51
929,929,2,3,9,NULL,m1041861 .jpg,51
930,930,2,3,9,NULL,m1041871 .jpg,54
931,931,2,3,9,NULL,m1041881 .jpg,51
932,932,2,3,9,NULL,m1041891 .jpg,51
933,933,2,3,9,NULL,m1041901 .jpg,51
934,934,2,3,9,NULL,m1041911 .jpg,51
935,935,2,3,9,NULL,m1041921 .jpg,51
936,936,2,3,9,NULL,m1041931 .jpg,45
937,937,2,3,9,NULL,m1041941 .jpg,51
938,938,2,3,9,NULL,m1041951 .jpg,51
939,939,2,3,9,NULL,m1041961 .jpg,51
940,940,2,3,9,NULL,m1041971 .jpg,51
941,941,2,3,9,NULL,m1041981 .jpg,54
942,942,2,3,9,NULL,m1041991 .jpg,54
943,943,2,3,9,NULL,m1042001 .jpg,55
944,944,2,3,9,NULL,m1042011 .jpg,55
945,945,2,3,9,NULL,m1042021 .jpg,55
946,946,2,3,9,NULL,m1042031 .jpg,55
947,947,2,3,9,NULL,m1042041 .jpg,55
948,948,2,3,9,NULL,m1042051 .jpg,54
949,949,2,3,9,NULL,m1042061 .jpg,54
950,950,2,3,9,NULL,m1042071 .jpg,54
951,951,2,3,9,NULL,m1042081 .jpg,54
952,952,2,3,9,NULL,m1042091 .jpg,54
953,953,2,3,9,NULL,m1042101 .jpg,54
954,954,2,3,9,NULL,m1042111 .jpg,54
955,955,2,3,9,NULL,m1042121 .jpg,51
956,956,2,3,9,NULL,m1042131 .jpg,51
957,957,2,3,9,NULL,m1042141 .jpg,51
958,958,2,3,9,NULL,m1042151 .jpg,51
959,959,2,3,9,NULL,m1042161 .jpg,56
960,960,2,3,9,NULL,m1042171 .jpg,56
961,961,2,3,9,NULL,m1042181 .jpg,56
962,962,2,3,9,NULL,m1042191 .jpg,56
963,963,2,3,9,NULL,m1042201 .jpg,56
964,964,2,3,9,NULL,m1042211 .jpg,56
965,965,2,3,9,NULL,m1042221 .jpg,56
966,966,2,3,9,NULL,m1042231 .jpg,56
967,967,2,3,9,NULL,m1042241 .jpg,56
968,968,2,3,9,NULL,m1042251 .jpg,56
969,969,2,3,9,NULL,m1042261 .jpg,56
970,970,2,3,9,NULL,m1042271 .jpg,56
971,971,2,3,9,NULL,m1042281 .jpg,56
972,972,2,3,9,NULL,m1042291 .jpg,56
973,973,2,3,9,NULL,m1042301 .jpg,56
974,974,2,3,9,NULL,m1042311 .jpg,56
975,975,2,3,9,NULL,m1042321 .jpg,56
976,976,2,3,9,NULL,m1042331 .jpg,56
977,977,2,3,9,NULL,m1042341 .jpg,56
978,978,2,3,9,NULL,m1042351 .jpg,56
979,979,2,3,9,NULL,m1042361 .jpg,56
980,980,2,3,9,NULL,m1042371 .jpg,56
981,981,2,3,9,NULL,m1042381 .jpg,56
982,982,2,3,9,NULL,m1042391 .jpg,56
983,983,2,3,9,NULL,m1042401 .jpg,56
984,984,2,3,9,NULL,m1042411 .jpg,56
985,985,2,3,9,NULL,m1042421 .jpg,56
986,986,2,3,9,NULL,m1042431 .jpg,56
987,987,2,3,9,NULL,m1042441 .jpg,56
988,988,2,3,9,NULL,m1042451 .jpg,56
989,989,2,3,9,NULL,m1042461 .jpg,56
990,990,2,3,9,NULL,m1042471 .jpg,56
991,991,2,3,9,NULL,m1042481 .jpg,56
992,992,2,3,9,NULL,m1042491 .jpg,56
993,993,2,3,9,NULL,m1042501 .jpg,56
994,994,2,3,9,NULL,m1042511 .jpg,56
995,995,2,3,9,NULL,m1042521 .jpg,56
996,996,2,3,9,NULL,m1042531 .jpg,56
997,997,2,3,9,NULL,m1042541 .jpg,56
998,998,2,3,9,NULL,m1042551 .jpg,56
999,999,2,3,9,NULL,m1042561 .jpg,56
1000,1000,2,3,9,NULL,m1042571 .jpg,56
1001,1001,2,3,9,NULL,m1042581 .jpg,56
1002,1002,2,3,9,NULL,m1042591 .jpg,56
1003,1003,2,3,9,NULL,m1042601 .jpg,56
1004,1004,2,3,9,NULL,m1042611 .jpg,56
1005,1005,2,3,9,NULL,m1042621 .jpg,56
1006,1006,2,3,9,NULL,m1042631 .jpg,56
1007,1007,2,3,9,NULL,m1042641 .jpg,56
1008,1008,2,3,9,NULL,m1042651 .jpg,56
1009,1009,2,3,9,NULL,m1042661 .jpg,56
1010,1010,2,3,9,NULL,m1042671 .jpg,56
1011,1011,2,3,9,NULL,m1042681 .jpg,56
1012,1012,2,3,9,NULL,m1042691 .jpg,56
1013,1013,2,3,9,NULL,m1042701 .jpg,56
1014,1014,2,3,9,NULL,m1042711 .jpg,56
1015,1015,2,3,9,NULL,m1042721 .jpg,56
1016,1016,2,3,9,NULL,m1042731 .jpg,56
1017,1017,2,3,9,NULL,m1042741 .jpg,56
1018,1018,2,3,9,NULL,m1042751 .jpg,56
1019,1019,2,3,9,NULL,m1042761 .jpg,56
1020,1020,2,3,9,NULL,m1042771 .jpg,56
1021,1021,2,3,9,NULL,m1042781 .jpg,56
1022,1022,2,3,9,NULL,m1042791 .jpg,55
1023,1023,2,3,9,NULL,m1042801 .jpg,55
1024,1024,2,3,9,NULL,m1042811 .jpg,54
1025,1025,2,3,9,NULL,m1042821 .jpg,54
1026,1026,2,3,9,NULL,m1042831 .jpg,53
1027,1027,2,3,9,NULL,m1042841 .jpg,53
1028,1028,2,3,9,NULL,m1042851 .jpg,50
1029,1029,2,3,9,NULL,m1042861 .jpg,50
1030,1030,2,3,9,NULL,m1042871 .jpg,50
1031,1031,2,3,9,NULL,m1042881 .jpg,50
1032,1032,2,3,9,NULL,m1042891 .jpg,52
1033,1033,2,3,9,NULL,m1042901 .jpg,51
1034,1034,2,3,9,NULL,m1042911 .jpg,51
1035,1035,2,3,9,NULL,m1042921 .jpg,51
1036,1036,2,3,9,NULL,m1042931 .jpg,51
1037,1037,2,3,9,NULL,m1042941 .jpg,51
1038,1038,2,3,9,NULL,m1042951 .jpg,51
1039,1039,2,3,9,NULL,m1042961 .jpg,51
1040,1040,2,3,9,NULL,m1042971 .jpg,51
1041,1041,2,3,9,NULL,m1042981 .jpg,51
1042,1042,2,3,9,NULL,m1042991 .jpg,51
1043,1043,2,3,9,NULL,m1043001 .jpg,51
1044,1044,2,3,9,NULL,m1043011 .jpg,51
1045,1045,2,3,9,NULL,m1043021 .jpg,51
1046,1046,2,3,9,NULL,m1043031 .jpg,51
1047,1047,2,3,9,NULL,m1043041 .jpg,33
1048,1048,2,3,9,NULL,m1043051 .jpg,33
1049,1049,2,3,9,NULL,m1043061 .jpg,54
1050,1050,2,3,9,NULL,m1043071 .jpg,54
1051,1051,2,3,9,NULL,m1043081 .jpg,54
1052,1052,2,3,9,NULL,m1043091 .jpg,54
1053,1053,2,3,9,NULL,m1043101 .jpg,54
1054,1054,2,3,9,NULL,m1043111 .jpg,54
1055,1055,2,3,9,NULL,m1043121 .jpg,55
1056,1056,2,3,9,NULL,m1043131 .jpg,51
1057,1057,2,3,9,NULL,m1043141 .jpg,54
1058,1058,2,3,9,NULL,m1043151 .jpg,51
1059,1059,2,3,9,NULL,m1043161 .jpg,51
1060,1060,2,3,9,NULL,m1043171 .jpg,51
1061,1061,2,3,9,NULL,m1043181 .jpg,50
1062,1062,2,3,9,NULL,m1043191 .jpg,50
1063,1063,2,3,9,NULL,m1043201 .jpg,51
1064,1064,2,3,9,NULL,m1043211 .jpg,51
1065,1065,2,3,9,NULL,m1043221 .jpg,57
1066,1066,2,3,9,NULL,m1043231 .jpg,57
1067,1067,2,3,9,NULL,m1043241 .jpg,57
1068,1068,2,3,9,NULL,m1043251 .jpg,57
1069,1069,2,3,9,NULL,m1043261 .jpg,57
1070,1070,2,3,9,NULL,m1043271 .jpg,57
1071,1071,2,3,9,NULL,m1043281 .jpg,57
1072,1072,2,3,9,NULL,m1043291 .jpg,57
1073,1073,2,3,9,NULL,m1043301 .jpg,57
1074,1074,2,3,9,NULL,m1043311 .jpg,57
1075,1075,2,3,9,NULL,m1043321 .jpg,58
1076,1076,2,3,9,NULL,m1043331 .jpg,58
1077,1077,2,3,9,NULL,m1043341 .jpg,58
1078,1078,2,3,9,NULL,m1043351 .jpg,58
1079,1079,2,3,9,NULL,m1043361 .jpg,58
1080,1080,2,3,9,NULL,m1043371 .jpg,58
1081,1081,2,3,9,NULL,m1043381 .jpg,58
1082,1082,2,3,9,NULL,m1043391 .jpg,58
1083,1083,2,3,9,NULL,m1043401 .jpg,1
1084,1084,2,3,9,NULL,m1043411 .jpg,54
1085,1085,2,3,9,NULL,m1043421 .jpg,54
1086,1086,2,3,9,NULL,m1043431 .jpg,51
1087,1087,2,3,9,NULL,m1043441 .jpg,54
1088,1088,2,3,9,NULL,m1043451 .jpg,54
1089,1089,2,3,9,NULL,m1043461 .jpg,51
1090,1090,2,3,9,NULL,m1043471 .jpg,51
1091,1091,2,3,9,NULL,m1043481 .jpg,51
1092,1092,2,3,9,NULL,m1043491 .jpg,33
1093,1093,2,3,9,NULL,m1043501 .jpg,33
1094,1094,2,3,9,NULL,m1043511 .jpg,52
1095,1095,2,3,9,NULL,m1043521 .jpg,50
1096,1096,2,3,9,NULL,m1043531 .jpg,1
1097,1097,2,3,9,NULL,m1043541 .jpg,51
1098,1098,2,3,9,NULL,m1043551 .jpg,59
1099,1099,2,3,9,NULL,m1043561 .jpg,1
1100,1100,2,3,9,NULL,m1043571 .jpg,1
1101,1101,2,3,9,NULL,m1043581 .jpg,51
1102,1102,2,3,9,NULL,m1043591 .jpg,1
1103,1103,2,3,9,NULL,m1043601 .jpg,1
1104,1104,2,3,9,NULL,m1043611 .jpg,1
1105,1105,2,3,9,NULL,m1043621 .jpg,51
1106,1106,2,3,9,NULL,m1043631 .jpg,50
1107,1107,2,3,9,NULL,m1043641 .jpg,54
1108,1108,2,3,9,NULL,m1043651 .jpg,54
1109,1109,2,3,9,NULL,m1043661 .jpg,54
1110,1110,2,3,9,NULL,m1043671 .jpg,54
1111,1111,2,3,9,NULL,m1043681 .jpg,56
1112,1112,2,3,9,NULL,m1043691 .jpg,56
1113,1113,2,3,9,NULL,m1043701 .jpg,56
1114,1114,2,3,9,NULL,m1043711 .jpg,56
1115,1115,2,3,9,NULL,m1043721 .jpg,56
1116,1116,2,3,9,NULL,m1043731 .jpg,56
1117,1117,2,3,9,NULL,m1043741 .jpg,56
1118,1118,2,3,9,NULL,m1043751 .jpg,56
1119,1119,2,3,9,NULL,m1043761 .jpg,54
1120,1120,2,3,9,NULL,m1043771 .jpg,54
1121,1121,2,3,9,NULL,m1043781 .jpg,54
1122,1122,2,3,9,NULL,m1043791 .jpg,54
1123,1123,2,3,9,NULL,m1043801 .jpg,54
1124,1124,2,3,9,NULL,m1043811 .jpg,54
1125,1125,2,3,9,NULL,m1043821 .jpg,54
1126,1126,2,3,9,NULL,m1043831 .jpg,54
1127,1127,2,3,9,NULL,m1043841 .jpg,54
1128,1128,2,3,9,NULL,m1043851 .jpg,54
1129,1129,2,3,9,NULL,m1043861 .jpg,54
1130,1130,2,3,9,NULL,m1043871 .jpg,54
1131,1131,2,3,9,NULL,m1043881 .jpg,43
1132,1132,2,3,9,NULL,m1043891 .jpg,43
1133,1133,2,3,9,NULL,m1043901 .jpg,1
1134,1134,2,3,9,NULL,m1043911 .jpg,1
1135,1135,2,3,9,NULL,m1043921 .jpg,1
1136,1136,2,3,9,NULL,m1043931 .jpg,1
1137,1137,2,3,9,NULL,m1043941 .jpg,1
1138,1138,2,3,9,NULL,m1043951 .jpg,1
1139,1139,2,3,9,NULL,m1043961 .jpg,33
1140,1140,2,3,9,NULL,m1043971 .jpg,33
1141,1141,2,3,9,NULL,m1043981 .jpg,33
1142,1142,2,3,9,NULL,m1043991 .jpg,51
1143,1143,2,3,9,NULL,m1044001 .jpg,51
1144,1144,2,3,9,NULL,m1044011 .jpg,51
1145,1145,2,3,9,NULL,m1044021 .jpg,50
1146,1146,2,3,9,NULL,m1044031 .jpg,51
1147,1147,2,3,9,NULL,m1044041 .jpg,51
1148,1148,2,3,9,NULL,m1044051 .jpg,51
1149,1149,2,3,9,NULL,m1044061 .jpg,51
1150,1150,2,3,9,NULL,m1044071 .jpg,51
1151,1151,2,3,9,NULL,m1044081 .jpg,50
1152,1152,2,3,9,NULL,m1044091 .jpg,1
1153,1153,2,3,9,NULL,m1044101 .jpg,1
1154,1154,2,3,9,NULL,m1044111 .jpg,1
1155,1155,2,3,9,NULL,m1044121 .jpg,1
1156,1156,2,3,9,NULL,m1044131 .jpg,1
1157,1157,2,3,9,NULL,m1044141 .jpg,33
1158,1158,2,3,9,NULL,m1044151 .jpg,1
1159,1159,2,3,9,NULL,m1044161 .jpg,1
1160,1160,2,3,9,NULL,m1044171 .jpg,1
1161,1161,2,3,9,NULL,m1044181 .jpg,1
1162,1162,2,3,9,NULL,m1044191 .jpg,1
1163,1163,2,3,9,NULL,m1044201 .jpg,50
1164,1164,2,3,9,NULL,m1044211 .jpg,1
1165,1165,2,3,9,NULL,m1044221 .jpg,51
1166,1166,2,3,9,NULL,m1044231 .jpg,54
1167,1167,2,3,9,NULL,m1044241 .jpg,33
1168,1168,2,3,9,NULL,m1044251 .jpg,33
1169,1169,2,3,9,NULL,m1044261 .jpg,50
1170,1170,2,3,9,NULL,m1044271 .jpg,51
1171,1171,2,3,9,NULL,m1044281 .jpg,54
1172,1172,2,3,9,NULL,m1044291 .jpg,60
1173,1173,2,3,9,NULL,m1044301 .jpg,51
1174,1174,2,3,9,NULL,m1044311 .jpg,56
1175,1175,2,3,9,NULL,m1044321 .jpg,56
1176,1176,2,3,9,NULL,m1044331 .jpg,56
1177,1177,2,3,9,NULL,m1044341 .jpg,1
1178,1178,2,3,9,NULL,m1044351 .jpg,1
1179,1179,2,3,10,NULL,m1050011 .jpg,33
1180,1180,2,3,10,NULL,m1050021 .jpg,34
1181,1181,2,3,10,NULL,m1050031 .jpg,34
1182,1182,2,3,10,NULL,m1050041 .jpg,34
1183,1183,2,3,10,NULL,m1050051 .jpg,34
1184,1184,2,3,10,NULL,m1050061 .jpg,39
1185,1185,2,3,10,NULL,m1050071 .jpg,34
1186,1186,2,3,10,NULL,m1050081 .jpg,34
1187,1187,2,3,10,NULL,m1050091 .jpg,41
1188,1188,2,3,10,NULL,m1050101 .jpg,36
1189,1189,2,3,10,NULL,m1050111 .jpg,36
1190,1190,2,3,10,NULL,m1050121 .jpg,27
1191,1191,2,3,10,NULL,m1050131 .jpg,27
1192,1192,2,3,10,NULL,m1050141 .jpg,34
1193,1193,2,3,10,NULL,m1050151 .jpg,41
1194,1194,2,3,10,NULL,m1050161 .jpg,36
1195,1195,2,3,10,NULL,m1050171 .jpg,33
1196,1196,2,3,10,NULL,m1050181 .jpg,34
1197,1197,2,3,10,NULL,m1050191 .jpg,27
1198,1198,2,3,10,NULL,m1050201 .jpg,27
1199,1199,2,3,10,NULL,m1050211 .jpg,39
1200,1200,2,3,10,NULL,m1050221 .jpg,29
1201,1201,2,3,10,NULL,m1050231 .jpg,39
1202,1202,2,3,10,NULL,m1050241 .jpg,39
1203,1203,2,3,10,NULL,m1050251 .jpg,39
1204,1204,2,3,10,NULL,m1050261 .jpg,39
1205,1205,2,3,10,NULL,m1050271 .jpg,39
1206,1206,2,3,10,NULL,m1050281 .jpg,39
1207,1207,2,3,10,NULL,m1050291 .jpg,27
1208,1208,2,3,10,NULL,m1050301 .jpg,41
1209,1209,2,3,10,NULL,m1050311 .jpg,61
1210,1210,2,3,10,NULL,m1050321 .jpg,34
1211,1211,2,3,10,NULL,m1050331 .jpg,34
1212,1212,2,3,10,NULL,m1050341 .jpg,34
1213,1213,2,3,10,NULL,m1050351 .jpg,27
1214,1214,2,3,10,NULL,m1050361 .jpg,47
1215,1215,2,3,10,NULL,m1050371 .jpg,29
1216,1216,2,3,10,NULL,m1050381 .jpg,33
1217,1217,2,3,10,NULL,m1050391 .jpg,33
1218,1218,2,3,10,NULL,m1050401 .jpg,33
1219,1219,2,3,10,NULL,m1050411 .jpg,33
1220,1220,2,3,10,NULL,m1050421 .jpg,33
1221,1221,2,3,10,NULL,m1050431 .jpg,33
1222,1222,2,3,10,NULL,m1050441 .jpg,33
1223,1223,2,3,10,NULL,m1050451 .jpg,33
1224,1224,2,3,10,NULL,m1050461 .jpg,33
1225,1225,2,3,10,NULL,m1050471 .jpg,33
1226,1226,2,3,10,NULL,m1050481 .jpg,33
1227,1227,2,3,10,NULL,m1050491 .jpg,33
1228,1228,2,3,10,NULL,m1050501 .jpg,27
1229,1229,2,3,10,NULL,m1050511 .jpg,27
1230,1230,2,3,10,NULL,m1050521 .jpg,33
1231,1231,2,3,10,NULL,m1050531 .jpg,34
1232,1232,2,3,10,NULL,m1050541 .jpg,34
1233,1233,2,3,10,NULL,m1050551 .jpg,38
1234,1234,2,3,10,NULL,m1050561 .jpg,41
1235,1235,2,3,1,NULL,m1060031 .jpg,25
1236,1236,2,3,1,NULL,m1060041 .jpg,25
1237,1237,2,3,1,NULL,m1060051 .jpg,25
1238,1238,2,3,1,NULL,m1060061 .jpg,25
1239,1239,2,3,1,NULL,m1060071 .jpg,25
1240,1240,2,3,1,NULL,m1060081 .jpg,25
1241,1241,2,3,1,NULL,m1060091 .jpg,25
1242,1242,2,3,1,NULL,m1060101 .jpg,25
1243,1243,2,3,1,NULL,m1060111 .jpg,25
1244,1244,2,3,1,NULL,m1060121 .jpg,25
1245,1245,2,3,1,NULL,m1060131 .jpg,30
1246,1246,2,3,1,NULL,m1060141 .jpg,39
1247,1247,2,3,1,NULL,m1060151 .jpg,25
1248,1248,2,3,1,NULL,m1060161 .jpg,1
1249,1249,2,3,1,NULL,m1060171 .jpg,1
1250,1250,2,3,1,NULL,m1060181 .jpg,1
1251,1251,2,3,1,NULL,m1060191 .jpg,1
1252,1252,2,3,1,NULL,m1060201 .jpg,1
1253,1253,2,3,1,NULL,m1060211 .jpg,1
1254,1254,2,3,1,NULL,m1060221 .jpg,40
1255,1255,2,3,1,NULL,m1060231 .jpg,25
1256,1256,2,3,1,NULL,m1060241 .jpg,30
1257,1257,2,3,1,NULL,m1060251 .jpg,28
1258,1258,2,3,1,NULL,m1060261 .jpg,36
1259,1259,2,3,5,NULL,m1070011 .jpg,25
1260,1260,2,3,5,NULL,m1070021 .jpg,25
1261,1261,2,3,5,NULL,m1070031 .jpg,25
1262,1262,2,3,5,NULL,m1070041 .jpg,25
1263,1263,2,3,5,NULL,m1070051 .jpg,27
1264,1264,2,3,5,NULL,m1070061 .jpg,39
1265,1265,2,3,5,NULL,m1070071 .jpg,33
1266,1266,2,3,5,NULL,m1070081 .jpg,33
1267,1267,2,3,5,NULL,m1070091 .jpg,33
1268,1268,2,3,5,NULL,m1070101 .jpg,33
1269,1269,2,3,5,NULL,m1070111 .jpg,33
1270,1270,2,3,5,NULL,m1070121 .jpg,33
1271,1271,2,3,5,NULL,m1070131 .jpg,39
1272,1272,2,3,5,NULL,m1070141 .jpg,27
1273,1273,2,3,5,NULL,m1070151 .jpg,38
1274,1274,2,3,5,NULL,m1070161 .jpg,25
1275,1275,2,3,5,NULL,m1070171 .jpg,62
1276,1276,2,3,5,NULL,m1070181 .jpg,62
1277,1277,2,3,5,NULL,m1070191 .jpg,33
1278,1278,2,3,5,NULL,m1070201 .jpg,28
1279,1279,2,3,5,NULL,m1070211 .jpg,62
1280,1280,2,3,5,NULL,m1070221 .jpg,63
1281,1281,2,3,5,NULL,m1070231 .jpg,63
1282,1282,2,2,6,NULL,m2010011 .jpg,28
1283,1283,2,2,6,NULL,m2010021 .jpg,39
1284,1284,2,2,6,NULL,m2010031 .jpg,33
1285,1285,2,2,6,NULL,m2010041 .jpg,39
1286,1286,2,2,6,NULL,m2010051 .jpg,39
1287,1287,2,2,6,NULL,m2010061 .jpg,39
1288,1288,2,2,6,NULL,m2010071 .jpg,39
1289,1289,2,2,6,NULL,m2010081 .jpg,39
1290,1290,2,2,6,NULL,m2010091 .jpg,39
1291,1291,2,2,6,NULL,m2010101 .jpg,39
1292,1292,2,2,6,NULL,m2010111 .jpg,39
1293,1293,2,2,6,NULL,m2010121 .jpg,39
1294,1294,2,2,6,NULL,m2010131 .jpg,28
1295,1295,2,2,6,NULL,m2010141 .jpg,39
1296,1296,2,2,6,NULL,m2010151 .jpg,28
1297,1297,2,2,6,NULL,m2010161 .jpg,39
1298,1298,2,2,6,NULL,m2010171 .jpg,39
1299,1299,2,2,6,NULL,m2010181 .jpg,39
1300,1300,2,2,6,NULL,m2010191 .jpg,39
1301,1301,2,2,6,NULL,m2010201 .jpg,39
1302,1302,2,2,6,NULL,m2010211 .jpg,33
1303,1303,2,2,6,NULL,m2010221 .jpg,39
1304,1304,2,2,6,NULL,m2010231 .jpg,28
1305,1305,2,2,6,NULL,m2010232 .jpg,39
1306,1306,2,2,6,NULL,m2010241 .jpg,27
1307,1307,2,2,6,NULL,m2010251 .jpg,27
1308,1308,2,2,6,NULL,m2010261 .jpg,27
1309,1309,2,2,6,NULL,m2010271 .jpg,27
1310,1310,2,2,6,NULL,m2010281 .jpg,33
1311,1311,2,2,6,NULL,m2010291 .jpg,39
1312,1312,2,2,6,NULL,m2010301 .jpg,39
1313,1313,2,2,6,NULL,m2010311 .jpg,39
1314,1314,2,2,6,NULL,m2010321 .jpg,33
1315,1315,2,2,6,NULL,m2010331 .jpg,33
1316,1316,2,2,6,NULL,m2010341 .jpg,33
1317,1317,2,2,6,NULL,m2010351 .jpg,39
1318,1318,2,2,6,NULL,m2010361 .jpg,27
1319,1319,2,2,6,NULL,m2010371 .jpg,27
1320,1320,2,2,6,NULL,m2010381 .jpg,27
1321,1321,2,2,6,NULL,m2010391 .jpg,27
1322,1322,2,2,6,NULL,m2010401 .jpg,39
1323,1323,2,2,6,NULL,m2010411 .jpg,39
1324,1324,2,2,6,NULL,m2010421 .jpg,28
1325,1325,2,2,6,NULL,m2010431 .jpg,28
1326,1326,2,2,6,NULL,m2010441 .jpg,28
1327,1327,2,2,6,NULL,m2010451 .jpg,39
1328,1328,2,2,6,NULL,m2010461 .jpg,39
1329,1329,2,2,6,NULL,m2010471 .jpg,33
1330,1330,2,2,6,NULL,m2010481 .jpg,39
1331,1331,2,2,6,NULL,m2010491 .jpg,28
1332,1332,2,2,6,NULL,m2010501 .jpg,28
1333,1333,2,2,6,NULL,m2010511 .jpg,39
1334,1334,2,2,6,NULL,m2010521 .jpg,64
1335,1335,2,2,6,NULL,m2010531 .jpg,39
1336,1336,2,2,6,NULL,m2010541 .jpg,39
1337,1337,2,2,6,NULL,m2010551 .jpg,33
1338,1338,2,2,6,NULL,m2010561 .jpg,33
1339,1339,2,2,6,NULL,m2010571 .jpg,33
1340,1340,2,2,6,NULL,m2010581 .jpg,33
1341,1341,2,2,6,NULL,m2010591 .jpg,33
1342,1342,2,2,6,NULL,m2010601 .jpg,38
1343,1343,2,2,6,NULL,m2010611 .jpg,39
1344,1344,2,2,6,NULL,m2010621 .jpg,39
1345,1345,2,2,6,NULL,m2010631 .jpg,65
1346,1346,2,2,6,NULL,m2010641 .jpg,39
1347,1347,2,2,6,NULL,m2010651 .jpg,41
1348,1348,2,2,6,NULL,m2010661 .jpg,33
1349,1349,2,2,6,NULL,m2010671 .jpg,33
1350,1350,2,2,6,NULL,m2010681 .jpg,33
1351,1351,2,2,6,NULL,m2010691 .jpg,33
1352,1352,2,2,6,NULL,m2010701 .jpg,33
1353,1353,2,2,6,NULL,m2010711 .jpg,28
1354,1354,2,2,6,NULL,m2010721 .jpg,33
1355,1355,2,2,6,NULL,m2010731 .jpg,33
1356,1356,2,2,6,NULL,m2010741 .jpg,33
1357,1357,2,2,6,NULL,m2010751 .jpg,33
1358,1358,2,2,6,NULL,m2010761 .jpg,33
1359,1359,2,2,6,NULL,m2010771 .jpg,33
1360,1360,2,2,6,NULL,m2010781 .jpg,33
1361,1361,2,2,6,NULL,m2010791 .jpg,33
1362,1362,2,2,6,NULL,m2010801 .jpg,33
1363,1363,2,2,6,NULL,m2010811 .jpg,33
1364,1364,2,2,6,NULL,m2010821 .jpg,33
1365,1365,2,2,6,NULL,m2010831 .jpg,27
1366,1366,2,2,6,NULL,m2010841 .jpg,1
1367,1367,2,2,6,NULL,m2010851 .jpg,43
1368,1368,2,2,6,NULL,m2010861 .jpg,27
1369,1369,2,2,6,NULL,m2010871 .jpg,27
1370,1370,2,2,6,NULL,m2010881 .jpg,33
1371,1371,2,2,6,NULL,m2010891 .jpg,33
1372,1372,2,2,6,NULL,m2010901 .jpg,33
1373,1373,2,2,6,NULL,m2010911 .jpg,28
1374,1374,2,2,6,NULL,m2010921 .jpg,33
1375,1375,2,2,6,NULL,m2010931 .jpg,33
1376,1376,2,2,6,NULL,m2010941 .jpg,1
1377,1377,2,2,6,NULL,m2010951 .jpg,28
1378,1378,2,2,6,NULL,m2010961 .jpg,33
1379,1379,2,2,6,NULL,m2010971 .jpg,33
1380,1380,2,2,6,NULL,m2010981 .jpg,33
1381,1381,2,2,6,NULL,m2010991 .jpg,33
1382,1382,2,2,6,NULL,m2011001 .jpg,33
1383,1383,2,2,6,NULL,m2011011 .jpg,33
1384,1384,2,2,6,NULL,m2011021 .jpg,33
1385,1385,2,2,6,NULL,m2011031 .jpg,9
1386,1386,2,2,6,NULL,m2011041 .jpg,39
1387,1387,2,2,6,NULL,m2011051 .jpg,33
1388,1388,2,2,6,2,m2011061 .jpg,NULL
1389,1389,2,2,6,3,m2011071 .jpg,34
1390,1390,2,2,8,NULL,m2030011 .jpg,39
1391,1391,2,2,8,NULL,m2030021 .jpg,33
1392,1392,2,2,8,NULL,m2030031 .jpg,33
1393,1393,2,2,8,NULL,m2030041 .jpg,33
1394,1394,2,2,8,NULL,m2030051 .jpg,33
1395,1395,2,2,8,NULL,m2030061 .jpg,33
1396,1396,2,2,8,NULL,m2030071 .jpg,33
1397,1397,2,2,8,NULL,m2030081 .jpg,33
1398,1398,2,2,8,NULL,m2030091 .jpg,33
1399,1399,2,2,8,NULL,m2030101 .jpg,33
1400,1400,2,2,8,NULL,m2030111 .jpg,33
1401,1401,2,2,8,NULL,m2030121 .jpg,33
1402,1402,2,2,8,NULL,m2030131 .jpg,39
1403,1403,2,2,8,NULL,m2030141 .jpg,39
1404,1404,2,2,8,NULL,m2030151 .jpg,33
1405,1405,2,2,8,NULL,m2030161 .jpg,39
1406,1406,2,2,8,NULL,m2030171 .jpg,27
1407,1407,2,2,8,NULL,m2030181 .jpg,27
1408,1408,2,2,8,NULL,m2030191 .jpg,33
1409,1409,2,2,8,NULL,m2030201 .jpg,39
1410,1410,2,2,8,NULL,m2030211 .jpg,39
1411,1411,2,2,8,NULL,m2030221 .jpg,33
1412,1412,2,2,8,NULL,m2030231 .jpg,39
1413,1413,2,2,8,NULL,m2030241 .jpg,33
1414,1414,2,2,8,NULL,m2030251 .jpg,33
1415,1415,2,2,8,NULL,m2030261 .jpg,33
1416,1416,2,2,8,NULL,m2030271 .jpg,33
1417,1417,2,2,8,NULL,m2030281 .jpg,33
1418,1418,2,2,8,NULL,m2030291 .jpg,33
1419,1419,2,2,8,NULL,m2030301 .jpg,33
1420,1420,2,2,8,NULL,m2030311 .jpg,33
1421,1421,2,2,8,NULL,m2030321 .jpg,33
1422,1422,2,2,8,NULL,m2030331 .jpg,39
1423,1423,2,2,8,NULL,m2030341 .jpg,33
1424,1424,2,2,8,NULL,m2030351 .jpg,33
1425,1425,2,2,8,NULL,m2030361 .jpg,33
1426,1426,2,2,8,NULL,m2030371 .jpg,33
1427,1427,2,2,9,NULL,m2040011 .jpg,1
1428,1428,2,2,9,NULL,m2040021 .jpg,33
1429,1429,2,2,9,NULL,m2040031 .jpg,33
1430,1430,2,2,9,NULL,m2040041 .jpg,33
1431,1431,2,2,9,NULL,m2040051 .jpg,33
1432,1432,2,2,9,NULL,m2040061 .jpg,33
1433,1433,2,2,9,NULL,m2040071 .jpg,33
1434,1434,2,2,9,NULL,m2040081 .jpg,33
1435,1435,2,2,9,NULL,m2040091 .jpg,33
1436,1436,2,2,9,NULL,m2040101 .jpg,33
1437,1437,2,2,9,NULL,m2040111 .jpg,33
1438,1438,2,2,9,NULL,m2040121 .jpg,33
1439,1439,2,2,9,NULL,m2040131 .jpg,33
1440,1440,2,2,9,NULL,m2040141 .jpg,33
1441,1441,2,2,9,NULL,m2040151 .jpg,33
1442,1442,2,2,9,NULL,m2040161 .jpg,33
1443,1443,2,2,9,NULL,m2040171 .jpg,33
1444,1444,2,2,9,NULL,m2040181 .jpg,33
1445,1445,2,2,9,NULL,m2040191 .jpg,33
1446,1446,2,2,9,NULL,m2040201 .jpg,57
1447,1447,2,2,9,NULL,m2040211 .jpg,33
1448,1448,2,2,9,NULL,m2040221 .jpg,33
1449,1449,2,2,9,NULL,m2040231 .jpg,33
1450,1450,2,2,9,NULL,m2040241 .jpg,52
1451,1451,2,2,9,NULL,m2040251 .jpg,1
1452,1452,2,2,9,NULL,m2040261 .jpg,56
1453,1453,2,2,9,NULL,m2040271 .jpg,56
1454,1454,2,2,9,NULL,m2040281 .jpg,50
1455,1455,2,2,9,NULL,m2040291 .jpg,50
1456,1456,2,2,9,NULL,m2040301 .jpg,54
1457,1457,2,2,9,NULL,m2040311 .jpg,50
1458,1458,2,2,9,NULL,m2040321 .jpg,51
1459,1459,2,2,9,NULL,m2040331 .jpg,52
1460,1460,2,2,9,NULL,m2040341 .jpg,50
1461,1461,2,2,9,NULL,m2040351 .jpg,51
1462,1462,2,2,9,NULL,m2040361 .jpg,51
1463,1463,2,2,9,NULL,m2040371 .jpg,51
1464,1464,2,2,9,NULL,m2040381 .jpg,1
1465,1465,2,2,9,NULL,m2040391 .jpg,52
1466,1466,2,2,9,NULL,m2040401 .jpg,50
1467,1467,2,2,9,4,m2040411 .jpg,1
1468,1468,2,2,9,5,m2040422 .jpg,52
1469,1469,2,2,9,6,m2040433 .jpg,50
1470,1470,2,2,9,NULL,m2040441 .jpg,57
1471,1471,2,2,9,NULL,m2040451 .jpg,58
1472,1472,2,2,9,NULL,m2040461 .jpg,56
1473,1473,2,2,9,NULL,m2040471 .jpg,52
1474,1474,2,2,9,NULL,m2040481 .jpg,50
1475,1475,2,2,9,NULL,m2040491 .jpg,50
1476,1476,2,2,9,NULL,m2040501 .jpg,52
1477,1477,2,2,9,NULL,m2040511 .jpg,50
1478,1478,2,2,9,NULL,m2040521 .jpg,52
1479,1479,2,2,9,NULL,m2040531 .jpg,52
1480,1480,2,2,9,NULL,m2040541 .jpg,50
1481,1481,2,2,9,NULL,m2040551 .jpg,50
1482,1482,2,2,9,NULL,m2040561 .jpg,50
1483,1483,2,2,9,NULL,m2040571 .jpg,33
1484,1484,2,2,9,NULL,m2040581 .jpg,33
1485,1485,2,2,9,NULL,m2040591 .jpg,33
1486,1486,2,2,9,NULL,m2040601 .jpg,33
1487,1487,2,2,9,NULL,m2040611 .jpg,33
1488,1488,2,2,9,NULL,m2040621 .jpg,33
1489,1489,2,2,9,NULL,m2040631 .jpg,33
1490,1490,2,2,9,NULL,m2040641 .jpg,58
1491,1491,2,2,9,NULL,m2040651 .jpg,56
1492,1492,2,2,9,NULL,m2040661 .jpg,56
1493,1493,2,2,9,NULL,m2040671 .jpg,50
1494,1494,2,2,9,NULL,m2040681 .jpg,54
1495,1495,2,2,9,NULL,m2040691 .jpg,1
1496,1496,2,2,9,NULL,m2040701 .jpg,1
1497,1497,2,2,9,NULL,m2040711 .jpg,1
1498,1498,2,2,9,NULL,m2040721 .jpg,51
1499,1499,2,2,9,NULL,m2040731 .jpg,51
1500,1500,2,2,9,NULL,m2040741 .jpg,39
1501,1501,2,2,9,NULL,m2040751 .jpg,1
1502,1502,2,2,9,NULL,m2040761 .jpg,1
1503,1503,2,2,9,NULL,m2040771 .jpg,1
1504,1504,2,2,9,NULL,m2040781 .jpg,1
1505,1505,2,2,9,NULL,m2040791 .jpg,1
1506,1506,2,2,9,NULL,m2040801 .jpg,1
1507,1507,2,2,9,NULL,m2040811 .jpg,1
1508,1508,2,2,9,NULL,m2040821 .jpg,1
1509,1509,2,2,9,NULL,m2040831 .jpg,1
1510,1510,2,2,9,NULL,m2040841 .jpg,1
1511,1511,2,2,9,NULL,m2040851 .jpg,1
1512,1512,2,2,9,NULL,m2040861 .jpg,1
1513,1513,2,2,9,NULL,m2040871 .jpg,1
1514,1514,2,2,9,NULL,m2040881 .jpg,1
1515,1515,2,2,9,NULL,m2040891 .jpg,1
1516,1516,2,2,9,NULL,m2040901 .jpg,1
1517,1517,2,2,9,NULL,m2040911 .jpg,1
1518,1518,2,2,9,NULL,m2040921 .jpg,1
1519,1519,2,2,9,NULL,m2040931 .jpg,1
1520,1520,2,2,9,NULL,m2040941 .jpg,1
1521,1521,2,2,9,NULL,m2040951 .jpg,1
1522,1522,2,2,9,NULL,m2040961 .jpg,1
1523,1523,2,2,9,NULL,m2040971 .jpg,1
1524,1524,2,2,9,NULL,m2040981 .jpg,1
1525,1525,2,2,9,NULL,m2040991 .jpg,33
1526,1526,2,2,9,NULL,m2041001 .jpg,54
1527,1527,2,2,9,NULL,m2041011 .jpg,54
1528,1528,2,2,9,NULL,m2041021 .jpg,1
1529,1529,2,2,9,NULL,m2041031 .jpg,56
1530,1530,2,2,9,NULL,m2041041 .jpg,54
1531,1531,2,2,9,NULL,m2041051 .jpg,56
1532,1532,2,2,9,NULL,m2041061 .jpg,56
1533,1533,2,2,9,NULL,m2041071 .jpg,1
1534,1534,2,2,9,NULL,m2041081 .jpg,57
1535,1535,2,2,9,NULL,m2041091 .jpg,57
1536,1536,2,2,10,NULL,m2050011 .jpg,33
1537,1537,2,2,10,NULL,m2050021 .jpg,33
1538,1538,2,2,10,NULL,m2050031 .jpg,33
1539,1539,2,2,10,NULL,m2050041 .jpg,33
1540,1540,2,2,10,NULL,m2050051 .jpg,33
1541,1541,2,2,10,NULL,m2050061 .jpg,33
1542,1542,2,2,10,NULL,m2050071 .jpg,33
1543,1543,2,2,10,NULL,m2050081 .jpg,33
1544,1544,2,2,10,NULL,m2050091 .jpg,36
1545,1545,2,2,10,NULL,m2050101 .jpg,33
1546,1546,2,2,10,NULL,m2050111 .jpg,33
1547,1547,2,2,10,NULL,m2050121 .jpg,33
1548,1548,2,2,10,NULL,m2050131 .jpg,33
1549,1549,2,2,10,NULL,m2050141 .jpg,39
1550,1550,2,2,10,NULL,m2050151 .jpg,33
1551,1551,2,2,10,NULL,m2050161 .jpg,41
1552,1552,2,2,10,NULL,m2050171 .jpg,28
1553,1553,2,2,10,NULL,m2050181 .jpg,33
1554,1554,2,2,1,NULL,m2060151 .jpg,33
1555,1555,2,2,1,NULL,m2060161 .jpg,33
1556,1556,2,2,1,NULL,m2060171 .jpg,33
1557,1557,2,2,1,NULL,m2060181 .jpg,1
1558,1558,2,2,1,NULL,m2060191 .jpg,33
1559,1559,2,2,5,NULL,m2070011 .jpg,27
1560,1560,2,2,5,NULL,m2070021 .jpg,28
1561,1561,2,2,5,NULL,m2070031 .jpg,28
1562,1562,2,2,5,NULL,m2070041 .jpg,28
1563,1563,2,2,5,NULL,m2070051 .jpg,39
1564,1564,2,2,5,NULL,m2070061 .jpg,39
1565,1565,2,2,5,NULL,m2070071 .jpg,39
1566,1566,2,2,5,NULL,m2070081 .jpg,28
1567,1567,2,2,5,NULL,m2070091 .jpg,28
1568,1568,2,2,5,NULL,m2070101 .jpg,39
1569,1569,2,2,5,NULL,m2070111 .jpg,39
1570,1570,2,2,5,NULL,m2070121 .jpg,39
1571,1571,2,2,5,NULL,m2070131 .jpg,39
1572,1572,2,2,5,NULL,m2070141 .jpg,28
1573,1573,2,2,5,NULL,m2070151 .jpg,28
1574,1574,2,2,5,NULL,m2070161 .jpg,28
1575,1575,2,2,5,NULL,m2070171 .jpg,27
1576,1576,2,2,5,NULL,m2070181 .jpg,27
1577,1577,2,2,5,NULL,m2070191 .jpg,27
1578,1578,2,2,5,NULL,m2070201 .jpg,28
1579,1579,2,2,5,NULL,m2070211 .jpg,27
1580,1580,2,2,5,NULL,m2070221 .jpg,27
1581,1581,2,2,5,NULL,m2070231 .jpg,27
1582,1582,2,2,5,NULL,m2070241 .jpg,27
1583,1583,2,2,5,NULL,m2070251 .jpg,33
1584,1584,2,2,5,NULL,m2070261 .jpg,39
1585,1585,2,2,5,NULL,m2070271 .jpg,28
1586,1586,2,2,5,NULL,m2070281 .jpg,28
1587,1587,2,2,5,NULL,m2070291 .jpg,28
1588,1588,2,2,5,NULL,m2070301 .jpg,27
1589,1589,2,2,5,NULL,m2070311 .jpg,27
1590,1590,2,2,5,NULL,m2070321 .jpg,27
1591,1591,2,2,5,NULL,m2070331 .jpg,27
1592,1592,2,2,5,NULL,m2070341 .jpg,27
1593,1593,2,2,5,NULL,m2070351 .jpg,27
1594,1594,2,2,5,NULL,m2070361 .jpg,39
1595,1595,2,2,5,NULL,m2070371 .jpg,39
1596,1596,2,2,5,NULL,m2070381 .jpg,39
1597,1597,2,2,5,NULL,m2070391 .jpg,28
1598,1598,2,2,5,NULL,m2070401 .jpg,28
1599,1599,2,2,5,NULL,m2070411 .jpg,39
1600,1600,2,2,5,NULL,m2070421 .jpg,28
1601,1601,2,2,5,NULL,m2070431 .jpg,39
1602,1602,2,2,5,NULL,m2070441 .jpg,28
1603,1603,2,2,5,NULL,m2070451 .jpg,28
1604,1604,2,2,5,NULL,m2070461 .jpg,39
1605,1605,2,2,5,NULL,m2070471 .jpg,66
1606,1606,2,2,5,NULL,m2070481 .jpg,28
1607,1607,2,2,5,NULL,m2070491 .jpg,27
1608,1608,2,2,5,NULL,m2070501 .jpg,27
1609,1609,2,2,5,NULL,m2070511 .jpg,27
1610,1610,2,2,5,NULL,m2070521 .jpg,27
1611,1611,2,2,5,NULL,m2070531 .jpg,27
1612,1612,2,2,5,NULL,m2070541 .jpg,27
1613,1613,2,2,5,NULL,m2070551 .jpg,39
1614,1614,2,2,5,NULL,m2070561 .jpg,39
1615,1615,2,2,5,NULL,m2070571 .jpg,39
1616,1616,2,2,5,NULL,m2070581 .jpg,39
1617,1617,2,2,5,NULL,m2070591 .jpg,28
1618,1618,2,2,5,NULL,m2070601 .jpg,28
1619,1619,2,2,5,NULL,m2070611 .jpg,28
1620,1620,2,2,5,NULL,m2070621 .jpg,39
1621,1621,2,2,5,NULL,m2070631 .jpg,39
1622,1622,2,2,5,NULL,m2070641 .jpg,39
1623,1623,2,2,5,NULL,m2070651 .jpg,39
1624,1624,2,2,5,NULL,m2070661 .jpg,39
1625,1625,2,2,5,NULL,m2070671 .jpg,39
1626,1626,2,2,5,NULL,m2070681 .jpg,39
1627,1627,2,2,5,NULL,m2070691 .jpg,39
1628,1628,2,2,5,NULL,m2070701 .jpg,39
1629,1629,2,2,5,NULL,m2070711 .jpg,39
1630,1630,2,2,5,NULL,m2070721 .jpg,39
1631,1631,2,2,5,NULL,m2070731 .jpg,39
1632,1632,2,2,5,NULL,m2070741 .jpg,39
1633,1633,2,2,5,NULL,m2070751 .jpg,39
1634,1634,2,2,5,NULL,m2070761 .jpg,33
1635,1635,2,2,5,NULL,m2070771 .jpg,67
1636,1636,2,2,5,NULL,m2070781 .jpg,67
1637,1637,2,2,5,NULL,m2070791 .jpg,67
1638,1638,2,2,5,NULL,m2070801 .jpg,67
1639,1639,2,2,5,NULL,m2070811 .jpg,67
1640,1640,2,2,5,NULL,m2070821 .jpg,67
1641,1641,2,2,5,NULL,m2070831 .jpg,39
1642,1642,2,2,5,NULL,m2070841 .jpg,27
1643,1643,2,2,5,NULL,m2070851 .jpg,27
1644,1644,2,2,5,NULL,m2070861 .jpg,33
1645,1645,2,1,6,7,m3010011 .jpg,30
1646,1646,2,1,6,8,m3010012 .jpg,NULL
1647,1647,2,1,6,9,m3010021 .jpg,30
1648,1648,2,1,6,10,m3010022 .jpg,42
1649,1649,2,1,6,11,m3010031 .jpg,30
1650,1650,2,1,6,12,m3010041 .jpg,30
1651,1651,2,1,6,13,m3010042 .jpg,30
1652,1652,2,1,6,14,m3010043 .jpg,42
1653,1653,2,1,6,15,m3010051 .jpg,42
1654,1654,2,1,6,16,m3010052 .jpg,30
1655,1655,2,1,6,NULL,m3010061 .jpg,39
1656,1656,2,1,6,17,m3010071 .jpg,33
1657,1657,2,1,6,18,m3010081 .jpg,27
1658,1658,2,1,6,19,m3010091 .jpg,52
1659,1659,2,1,6,20,m3010101 .jpg,39
1660,1660,2,1,6,21,m3010111 .jpg,1
1661,1661,2,1,6,20,m3010121 .jpg,39
1662,1662,2,1,6,16,m3010131 .jpg,30
1663,1663,2,1,6,NULL,m3010141 .jpg,44
1664,1664,2,1,9,NULL,m3040011 .jpg,35
1665,1665,2,1,1,NULL,m3060011 .jpg,68
1666,1666,2,1,1,NULL,m3060021 .jpg,68
1667,1667,2,1,5,22,m3070011 .jpg,30
1668,1668,2,4,6,NULL,m4010011 .jpg,66
1669,1669,2,4,6,NULL,m4010021 .jpg,69
1670,1670,2,4,6,NULL,m4010031 .jpg,66
1671,1671,2,4,6,NULL,m4010041 .jpg,32
1672,1672,2,4,6,NULL,m4010051 .jpg,32
1673,1673,2,4,6,NULL,m4010061 .jpg,32
1674,1674,2,4,6,NULL,m4010071 .jpg,32
1675,1675,2,4,6,NULL,m4010081 .jpg,32
1676,1676,2,4,6,NULL,m4010091 .jpg,66
1677,1677,2,4,6,NULL,m4010101 .jpg,69
1678,1678,2,4,6,NULL,m4010111 .jpg,70
1679,1679,2,4,6,NULL,m4010121 .jpg,66
1680,1680,2,4,6,NULL,m4010131 .jpg,2
1681,1681,2,4,6,NULL,m4010141 .jpg,66
1682,1682,2,4,6,NULL,m4010151 .jpg,66
1683,1683,2,4,6,NULL,m4010161 .jpg,70
1684,1684,2,4,6,NULL,m4010171 .jpg,70
1685,1685,2,4,9,NULL,m4040011 .jpg,66
1686,1686,2,4,9,NULL,m4040021 .jpg,66
1687,1687,2,4,9,NULL,m4040031 .jpg,34
1688,1688,2,4,9,NULL,m4040041 .jpg,34
1689,1689,2,4,9,NULL,m4040051 .jpg,69
1690,1690,2,4,9,NULL,m4040061 .jpg,66
