-- phpMyAdmin SQL Dump
-- version 5.1.1
-- https://www.phpmyadmin.net/
--
-- Host: 127.0.0.1
-- Generation Time: Sep 21, 2021 at 01:09 PM
-- Server version: 10.4.20-MariaDB
-- PHP Version: 7.3.29

SET SQL_MODE = "NO_AUTO_VALUE_ON_ZERO";
START TRANSACTION;
SET time_zone = "+00:00";


/*!40101 SET @OLD_CHARACTER_SET_CLIENT=@@CHARACTER_SET_CLIENT */;
/*!40101 SET @OLD_CHARACTER_SET_RESULTS=@@CHARACTER_SET_RESULTS */;
/*!40101 SET @OLD_COLLATION_CONNECTION=@@COLLATION_CONNECTION */;
/*!40101 SET NAMES utf8mb4 */;

--
-- Database: `warehouse`
--

-- --------------------------------------------------------

--
-- Table structure for table `branch`
--

CREATE TABLE `branch` (
  `bn_id` int(11) NOT NULL,
  `bn_name` varchar(100) NOT NULL,
  `bn_acronym` varchar(100) DEFAULT NULL
) ENGINE=InnoDB DEFAULT CHARSET=utf8;

--
-- Dumping data for table `branch`
--

INSERT INTO `branch` (`bn_id`, `bn_name`, `bn_acronym`) VALUES
(1, 'ส่วนกลาง', 'CN'),
(2, 'รามคำแหง', 'RA'),
(3, 'อารีย์', 'AR'),
(4, 'สาทร', 'SA'),
(5, 'อโศก', 'AS'),
(6, 'อ่อนนุช', 'ON'),
(7, 'อุดมสุข', 'UD'),
(8, 'งามวงค์วาน', 'NW'),
(9, 'แจ้งวัฒนะ', 'CW'),
(10, 'พระราม2', 'R2'),
(11, 'ลาดกระบัง', 'LB'),
(12, 'บางแค', 'BK');

-- --------------------------------------------------------

--
-- Table structure for table `branch_stock`
--

CREATE TABLE `branch_stock` (
  `full_stock_id` int(11) NOT NULL,
  `stock_id` int(11) NOT NULL,
  `bn_stock` int(11) NOT NULL
) ENGINE=InnoDB DEFAULT CHARSET=utf8;

--
-- Dumping data for table `branch_stock`
--

INSERT INTO `branch_stock` (`full_stock_id`, `stock_id`, `bn_stock`) VALUES
(6, 1690, 1),
(48, 1689, 1),
(71, 1685, 1),
(72, 1688, 1);

-- --------------------------------------------------------

--
-- Table structure for table `branch_stock_log`
--

CREATE TABLE `branch_stock_log` (
  `stock_log_id` int(11) NOT NULL,
  `user_name_log` varchar(100) DEFAULT NULL,
  `exp_date_log` date NOT NULL,
  `item_quantity` int(11) NOT NULL,
  `price_stock_log` int(11) DEFAULT NULL,
  `exd_date_log` date DEFAULT NULL,
  `full_stock_id_log` int(11) NOT NULL,
  `status_log` varchar(100) DEFAULT NULL,
  `remain_log` int(11) DEFAULT NULL
) ENGINE=InnoDB DEFAULT CHARSET=utf8;

--
-- Dumping data for table `branch_stock_log`
--

INSERT INTO `branch_stock_log` (`stock_log_id`, `user_name_log`, `exp_date_log`, `item_quantity`, `price_stock_log`, `exd_date_log`, `full_stock_id_log`, `status_log`, `remain_log`) VALUES
(6, 'เจ้าหน้าที่ไอที(เจ๋ง)', '2021-09-20', 57, 500, '2021-09-21', 6, 'CN903621ON', 27),
(48, 'เจ้าหน้าที่ไอที(เจ๋ง)', '2021-09-20', 10, 321, '2021-09-21', 48, 'CN903621ON', 9),
(71, 'เจ้าหน้าที่ไอที(เจ๋ง)', '2021-09-21', 200, 1000, NULL, 71, 'CN903621ON', 140),
(72, 'เจ้าหน้าที่ไอที(เจ๋ง)', '2021-09-21', 500, 92, NULL, 72, 'CN903621ON', 300);

-- --------------------------------------------------------

--
-- Table structure for table `cut_stock_log`
--

CREATE TABLE `cut_stock_log` (
  `cut_stock_id` int(11) NOT NULL,
  `user_id` varchar(100) NOT NULL,
  `quantity` int(11) NOT NULL,
  `price_cut_stock` int(11) NOT NULL,
  `date` date NOT NULL,
  `stock_id` int(11) NOT NULL,
  `bn_id` int(11) NOT NULL
) ENGINE=InnoDB DEFAULT CHARSET=utf8;

-- --------------------------------------------------------

--
-- Table structure for table `del_stock`
--

CREATE TABLE `del_stock` (
  `del_id` int(11) NOT NULL,
  `del_user_name` varchar(100) NOT NULL,
  `del_stock_id` int(11) NOT NULL,
  `del_quantity` int(11) NOT NULL,
  `del_bn` int(11) NOT NULL,
  `date_del` date NOT NULL,
  `del_note` varchar(255) NOT NULL
) ENGINE=InnoDB DEFAULT CHARSET=utf8;

--
-- Dumping data for table `del_stock`
--

INSERT INTO `del_stock` (`del_id`, `del_user_name`, `del_stock_id`, `del_quantity`, `del_bn`, `date_del`, `del_note`) VALUES
(1, 'เจ้าหน้าที่ไอที(เจ๋ง)', 1689, 1, 1, '2021-09-20', ''),
(2, 'เจ้าหน้าที่ไอที(เจ๋ง)', 1689, 1, 1, '2021-09-20', ''),
(3, 'เจ้าหน้าที่ไอที(เจ๋ง)', 1690, 1, 1, '2021-09-20', ''),
(4, 'เจ้าหน้าที่ไอที(เจ๋ง)', 1690, 1, 1, '2021-09-20', '');

-- --------------------------------------------------------

--
-- Table structure for table `division`
--

CREATE TABLE `division` (
  `division_id` int(11) NOT NULL,
  `division_name` varchar(100) NOT NULL
) ENGINE=InnoDB DEFAULT CHARSET=utf8;

--
-- Dumping data for table `division`
--

INSERT INTO `division` (`division_id`, `division_name`) VALUES
(1, 'supplies\n'),
(2, 'it\n'),
(3, 'regular\n'),
(4, 'stationary\n'),
(5, 'surgical\n'),
(6, 'dentgp\n'),
(7, 'bur\n'),
(8, 'endo\n'),
(9, 'ortho'),
(10, 'prosth');

-- --------------------------------------------------------

--
-- Table structure for table `group_bn`
--

CREATE TABLE `group_bn` (
  `group_id` int(11) NOT NULL,
  `group_name` varchar(100) DEFAULT NULL
) ENGINE=InnoDB DEFAULT CHARSET=utf8;

-- --------------------------------------------------------

--
-- Table structure for table `item`
--

CREATE TABLE `item` (
  `item_id` int(11) NOT NULL,
  `item_name` varchar(100) NOT NULL,
  `unit_id` int(11) DEFAULT NULL,
  `price_stock` decimal(10,2) DEFAULT NULL,
  `code_item` varchar(100) NOT NULL,
  `code_1` varchar(100) DEFAULT NULL,
  `code_2` varchar(100) DEFAULT NULL,
  `exd_date` int(11) DEFAULT NULL
) ENGINE=InnoDB DEFAULT CHARSET=utf8;

--
-- Dumping data for table `item`
--

INSERT INTO `item` (`item_id`, `item_name`, `unit_id`, `price_stock`, `code_item`, `code_1`, `code_2`, `exd_date`) VALUES
(1, 'ถุง plus', 1, '400.00', 'g1060011', '720001', 'A-B-0014-QP', NULL),
(2, 'ใบเสร็จรับเงิน (1/40เล่ม)', 2, '140.00', 'g1060021', '730019', 'A-B-0026-QP', NULL),
(3, 'เอโร่ น้ำดื่มถ้วย ขนาด 229 มล. x 48 ถ้วย ยกลัง', 3, '69.00', 'g1060031', NULL, NULL, NULL),
(4, 'เอลเซ่ เลเยอร์เค้กบัตเตอร์ สอดไส้ครีมและแยมรสราสเบอร์รี่ 15 กรัม 1 24 ชิ้น', 4, '58.50', 'g1060041', NULL, NULL, NULL),
(5, 'เอลเซ่ เลเยอร์เค้กกลิ่นใบเตย สอดไส้ครีม 15 กรัม 1 24 ชิ้น', 4, '58.50', 'g1060051', NULL, NULL, NULL),
(6, 'เอลเซ่ เลเยอร์เค้ก รสมะพร้าวสอดไส้ครีม 15 กรัม x 24 ชิ้น', 4, '58.50', 'g1060061', NULL, NULL, NULL),
(7, 'แอดวานซ์ไบโอ หลอดรักษ์โลกหักงอ สีขาว ห่อกระดาษ ขนาด 6 มม.ยาว 21 ซม. 1 480 หลอด', 1, '85.00', 'g1060071', NULL, NULL, NULL),
(8, 'เซพ1 กระดาษเช็ดปาก 200 แผ่น x 24 ห่อ', 1, '176.00', 'g1060081', NULL, NULL, NULL),
(9, 'เซพ1 กระดาษชำระม้วนใหญ่มีลาย+ปรุ ยาว 500 ม. x 4 ม้วน', 1, '236.00', 'g1060091', NULL, NULL, NULL),
(10, 'เอโร่ กระดาษชำระม้วนใหญ่ 1 4 ม้วน', 1, '280.00', 'g1060101', NULL, NULL, NULL),
(11, 'เอโร่ น้ำยาปรับผ้านุ่ม สีชมพู 20 ลิตร', 5, '375.00', 'g1060111', NULL, NULL, NULL),
(12, 'เปา เอ็มวอช ผงซักฟอก บรรจุถัง 8000 กรัม', 6, '389.00', 'g1060121', NULL, NULL, NULL),
(13, 'เปา เอ็มวอช ผงซักฟอก 9 กก.', 7, '329.00', 'g1060131', NULL, NULL, NULL),
(14, 'ไฮเตอร์ น้ำยาซักผ้าขาว สีฟ้า 600 มล. x 6 ขวด', 1, '130.00', 'g1060141', NULL, NULL, NULL),
(15, 'วิกซอล น้ำยาล้างห้องน้ำ สมาร์ท สีม่วง 3500 มล.', 5, '145.00', 'g1060151', NULL, NULL, NULL),
(16, 'เอโร่ น้ำยาล้างห้องน้ำ สูตรขจัดคราบฝังแน่น 3,500 มล.', 5, '146.00', 'g1060161', NULL, NULL, NULL),
(17, 'วิซ น้ำยาถูพื้น สูตรเข้มข้นX5 กลิ่นโรแมนติก บลอสซัม 5200 มล.', 5, '149.00', 'g1060171', NULL, NULL, NULL),
(18, 'เอโร่ น้ำยาถูพื้น สูตรฆ่าเชื้อโรค กลิ่นฟลอรัล พิ้งค์ สีชมพู 5200 มล.', 5, '146.00', 'g1060181', NULL, NULL, NULL),
(19, 'มาจิคลีน สเปรย์ทำความสะอาดห้องน้ำ สีม่วง 500 มล.', 8, '55.00', 'g1060191', NULL, NULL, NULL),
(20, 'ซันไลต์ น้ำยาล้างจาน เลมอนเทอร์โบ ขนาด 3600 มล.', 5, '169.00', 'g1060201', NULL, NULL, NULL),
(21, 'คิเรอิ คิเรอิ โฟมล้างมือ ชนิดถุงเติม ขนาด 200 มล. 1 3 ถุง', 1, '75.00', 'g1060211', NULL, NULL, NULL),
(22, 'คิเรอิ คิเรอิ โฟมล้างมือ สูตรออริจินัล 250 มล.', 8, '66.00', 'g1060221', NULL, NULL, NULL),
(23, 'แอมบิเพอร์ เจลปรับอากาศ กลิ่นโรแมนติก โรส 180 กรัม x 3 ชิ้น', 1, '189.00', 'g1060231', NULL, NULL, NULL),
(24, 'เดทตอล สเปรย์ฆ่าเชื้อโรค กลิ่นคริสป์บรีช สีฟ้า 450 มล.', 9, '215.00', 'g1060241', NULL, NULL, NULL),
(25, 'มิกซ์ สเปรย์ปรับอากาศ กลิ่นยูคาลิปตัส+ลาเวนเดอร์ 320มล. x 3+1 กระป๋อง', 1, '193.00', 'g1060251', NULL, NULL, NULL),
(26, 'สก๊อตช์-ไบรต์ แผ่นใยขัดพร้อมฟองน้ำเล็ก ขนาด 3x4 นิ้ว 1 12 ชิ้น', 1, '129.00', 'g1060261', NULL, NULL, NULL),
(27, 'คิงส์สเตลล่า น้ำยาเช็ดกระจก 600 มล. x 2 ขวด', 1, '110.00', 'g1060271', NULL, NULL, NULL),
(28, 'บีแมน ยางไล่น้ำ ขนาด 20 นิ้ว', 10, '229.00', 'g1060281', NULL, NULL, NULL),
(29, 'ซอฟท์ดราย ถุงมือยางธรรมชาติ ขนาด M 13 นิ้ว สีส้ม 1 3 ชิ้น', 1, '75.00', 'g1060291', NULL, NULL, NULL),
(30, 'ตะกร้าผ้า 2 ชั้น มีล้อ รุ่น 1020 สีขาว', 10, '199.00', 'g1060301', NULL, NULL, NULL),
(31, 'ตะกร้าผ้าล้อลาก A รุ่น 5025 คละสี', 10, '199.00', 'g1060311', NULL, NULL, NULL),
(32, 'ตะกร้าผ้า Twin รุ่น B5011 คละสี', 10, '129.00', 'g1060321', NULL, NULL, NULL),
(33, 'ถังน้ำพลาสติกพร้อมฝา ความจุ 17 แกลลอน สีขุ่น รุ่น 309 APP', 11, '419.00', 'g1060331', NULL, NULL, NULL),
(34, 'นำง่ายฮง ถังผงกลมขาเหยียบ คละสี ขนาด 27.5 x 35.5 ซม.', 10, '145.00', 'g1060341', NULL, NULL, NULL),
(35, 'ดีเคดับบลิว ถังขยะเหลี่ยมผืนผ้า ขนาด 9 ลิตร สีเทาทึบ', 10, '175.00', 'g1060351', NULL, NULL, NULL),
(36, 'ไลอ้อนบิน ถังขยะช่องทิ้ง ขนาด 50 ลิตร', 10, '365.00', 'g1060361', NULL, NULL, NULL),
(37, 'ฮีโร่ ถุงขยะม้วนดำ แบบหนา 30x40 นิ้ว 50 ใบ', 1, '250.00', 'g1060371', NULL, NULL, NULL),
(38, 'ฮีโร่ ถุงขยะม้วนสีดำ รุ่นรักษ์โลก 24x28 นิ้ว x 50 ใบ', 1, '89.00', 'g1060381', NULL, NULL, NULL),
(39, 'ไม้กวาดขนไนล่อน', 10, '159.00', 'g1060391', NULL, NULL, NULL),
(40, 'ที่โกยผง ด้ามจับอะลูมิเนียม', 10, '139.00', 'g1060401', NULL, NULL, NULL),
(41, 'เบสิโค อะไหล่ผ้าม็อบไมโครไฟเบอร์ รุ่น MH-02 สำหรับถังปั่น 1 2', 1, '99.00', 'g1060411', NULL, NULL, NULL),
(42, 'ถังขยะขาเหยียบ มิสเตอร์คลีน TT542 27.5 × 35.5 ซม.', 10, '169.00', 'g1060421', NULL, NULL, NULL),
(43, 'ถังขยะฝาสวิง สีเทา ขนาด 14 ล.', 10, '199.00', 'g1060431', NULL, NULL, NULL),
(44, 'ไพโอเนียร์ ถังขยะทรงสี่เหลี่ยม แบบขาเหยียบ ขนาด 13 ล. รุ่น PN6075 สีเทา', 10, '299.00', 'g1060441', NULL, NULL, NULL),
(45, 'แชมเปี้ยน ถุงขยะ แบบก้นถุงทรงกลม 30 x 40 นิ้ว สีดำ 1 15 ใบ', 1, '59.00', 'g1060451', NULL, NULL, NULL),
(46, 'แชมเปี้ยน ถุงขยะ แบบก้นถุงทรงกลม 18 x 20 นิ้ว สีดำ 1 60 ใบ', 1, '59.00', 'g1060461', NULL, NULL, NULL),
(47, 'แชมเปี้ยน ถุงขยะ แบบก้นถุงทรงกลม 24 x 28 นิ้ว สีดำ 1 30 ใบ', 1, '59.00', 'g1060471', NULL, NULL, NULL),
(48, 'แชมเปี้ยน ถุงขยะแบบม้วน สำหรับขยะอันตราย กลิ่นมอร์นิ่ง เฟรช ขนาด 18 x 20 ซม. 40 ใบ สีแดง', 1, '39.00', 'g1060481', NULL, NULL, NULL),
(49, 'POLY BRITE ไม้กวาดและที่โกยผง 5161-6', 12, '239.00', 'g1060491', NULL, NULL, NULL),
(50, 'KEEP IN ถังขยะแบบมีฝาปิด RW9263 แบบเหยียบ 10ลิตร สีครีม', 10, '340.00', 'g1060501', NULL, NULL, NULL),
(51, 'KEEP IN ถังขยะมีฝาปิด RW9084 10ลิตร สีครีม', 10, '300.00', 'g1060511', NULL, NULL, NULL),
(52, 'KEEP IN ถังขยะแบบมีฝาปิด RW9296 แบบเหยียบ 28ลิตร สีครีม', 10, '590.00', 'g1060521', NULL, NULL, NULL),
(53, 'CHAMPION ถุงขยะอันตราย ขนาด 30x40\" สีแดง 1 10', 1, '42.00', 'g1060531', NULL, NULL, NULL),
(54, 'CHAMPION ถุงขยะอันตราย ขนาด 26x34\" สีแดง 1 15', 1, '42.00', 'g1060541', NULL, NULL, NULL),
(55, 'Panasonic ถ่านกระดุมลิเธียมรุ่น CR-2016PT/5B (11 บรรจุ 5 ก้อน) 3 โวลต์', 1, '87.00', 'g1060551', NULL, NULL, NULL),
(56, 'Panasonic ถ่านกระดุมลิเธียมรุ่น CR-2025PT/5B (11 บรรจุ 5 ก้อน) 3 โวลต์', 1, '87.00', 'g1060561', NULL, NULL, NULL),
(57, 'Panasonic ถ่านกระดุมลิเธียมรุ่นCR-2032PT/5B (11 บรรจุ 5 ก้อน) 3 โวลต์', 1, '87.00', 'g1060571', NULL, NULL, NULL),
(58, 'Panasonic ถ่านอัลคาไลน์ รุ่น LR03T/2B AAA (11 บรรจุ 2 ก้อน) 1.5 โวลต์', 1, '53.00', 'g1060581', NULL, NULL, NULL),
(59, 'Panasonic ถ่าอัลคาไลน์ รุ่น LR03T/4B AAA (11 บรรจุ 4 ก้อน) 1.5 โวลต์', 1, '99.00', 'g1060591', NULL, NULL, NULL),
(60, 'Panasonic ถ่าอัลคาไลน์ รุ่น LR08T/8B AAA (11 บรรจุ 8 ก้อน) 1.5 โวลต์', 1, '199.00', 'g1060601', NULL, NULL, NULL),
(61, 'Panasonic ถ่าอัลคาไลน์ รุ่น LR06T/2B AA (11 บรรจุ 2 ก้อน) 1.5 โวลต์', 1, '53.00', 'g1060611', NULL, NULL, NULL),
(62, 'Panasonic ถ่าอัลคาไลน์ รุ่น LR06T/4B AA (11 บรรจุ 4 ก้อน) 1.5 โวลต์', 1, '99.00', 'g1060621', NULL, NULL, NULL),
(63, 'Panasonic ถ่าอัลคาไลน์ รุ่น LR06T/8B AA (11 บรรจุ 8 ก้อน) 1.5 โวลต์', 1, '199.00', 'g1060631', NULL, NULL, NULL),
(64, 'Panasonic ถ่าอัลคาไลน์ รุ่น LR20T/2B D (11 บรรจุ 2 ก้อน) 1.5 โวลต์', 1, '197.00', 'g1060641', NULL, NULL, NULL),
(65, 'Panasonic ถ่าอัลคาไลน์ รุ่น 6LR61T/1B 9V(11 บรรจุ 1 ก้อน) 9 โวลต์', 1, '140.00', 'g1060651', NULL, NULL, NULL),
(66, 'Cable UTP Lan Cat5e 305M', 13, NULL, 'g1080011', '940009', NULL, NULL),
(67, 'หมึก Brother/310,510,810 D60BK', 10, NULL, 'g1080021', '950001', NULL, NULL),
(68, 'หมึก Brother/310,510,810 BT5000M', 10, NULL, 'g1080031', '950002', NULL, NULL),
(69, 'หมึก Brother/310,510,810 BT5000C', 10, NULL, 'g1080041', '950003', NULL, NULL),
(70, 'หมึก Brother/310,510,810 BT5000Y', 10, NULL, 'g1080051', '950004', NULL, NULL),
(71, 'หมึก Brother/1610W TN-1000', 10, NULL, 'g1080061', '950005', NULL, NULL),
(72, 'หมึก Brother/L2700D TN-2360/TN-2380', 10, NULL, 'g1080071', '950006', NULL, NULL),
(73, 'หมึก Brother/L3735CDN TN-263BK/TN-267BK', 10, NULL, 'g1080081', '950007', NULL, NULL),
(74, 'หมึก Brother/L3735CDN TN-263M/TN-267M', 10, NULL, 'g1080091', '950008', NULL, NULL),
(75, 'หมึก Brother/L3735CDN TN-263C/TN-267C', 10, NULL, 'g1080101', '950009', NULL, NULL),
(76, 'หมึก Brother/L3735CDN TN-263Y/TN-267Y', 10, NULL, 'g1080111', '950010', NULL, NULL),
(77, 'หมึก Brother/9140CDN TN-261 BK', 10, NULL, 'g1080121', '950011', NULL, NULL),
(78, 'หมึก Brother/9140CDN TN-261 M', 10, NULL, 'g1080131', '950012', NULL, NULL),
(79, 'หมึก Brother/9140CDN TN-261 C', 10, NULL, 'g1080141', '950013', NULL, NULL),
(80, 'หมึก Brother/9140CDN TN-261 Y', 10, NULL, 'g1080151', '950014', NULL, NULL),
(81, 'หมึก Canon/G2010,G3010 Gl-790BK', 10, NULL, 'g1080161', '950015', NULL, NULL),
(82, 'หมึก Canon/G2010,G3010 Gl-790M', 10, NULL, 'g1080171', '950016', NULL, NULL),
(83, 'หมึก Canon/G2010,G3010 Gl-790C', 10, NULL, 'g1080181', '950017', NULL, NULL),
(84, 'หมึก Canon/G2010,G3010 Gl-790Y', 10, NULL, 'g1080191', '950018', NULL, NULL),
(85, 'หมึก Epson/120 T6641', 10, NULL, 'g1080201', '950019', NULL, NULL),
(86, 'หมึก Epson/120 T6643', 10, NULL, 'g1080211', '950020', NULL, NULL),
(87, 'หมึก Epson/120 T6642', 10, NULL, 'g1080221', '950021', NULL, NULL),
(88, 'หมึก Epson/120 T6644', 10, NULL, 'g1080231', '950022', NULL, NULL),
(89, 'หมึก Epson/L3110 003 BK', 10, NULL, 'g1080241', '950023', NULL, NULL),
(90, 'หมึก Epson/L3110 003 M', 10, NULL, 'g1080251', '950024', NULL, NULL),
(91, 'หมึก Epson/L3110 003 C', 10, NULL, 'g1080261', '950025', NULL, NULL),
(92, 'หมึก Epson/L3110 003 Y', 10, NULL, 'g1080271', '950026', NULL, NULL),
(93, 'เทปอะคริลิคใส กาว3m  20มิล x 10เมตร', 14, '230.00', 'g1080281', NULL, NULL, NULL),
(94, '3M Primer 94 แท้ 10ml น้ำยาไพรเมอร์', 8, '55.00', 'g1080291', NULL, NULL, NULL),
(95, 'แป้นกาวรัดสายเคเบิ้ลไทร์ 100 ชิ้น สีขาว 20mm', 1, '199.00', 'g1080301', NULL, NULL, NULL),
(96, 'คลิปจัดสายไฟ FC-90 ขนาด S สีขาว 50 ตัว', 1, '100.00', 'g1080311', NULL, NULL, NULL),
(97, 'คลิปจัดสายไฟ FC-90 ขนาด M สีขาว 50 ตัว', 1, '125.00', 'g1080321', NULL, NULL, NULL),
(98, 'OWIRE เทปสายรัด สำหรับจัดระเบียบสายไฟ 5 เมตร', 15, '79.00', 'g1080331', NULL, NULL, NULL),
(99, 'Cable Sleeves ร้อยสายไฟ 22mm สีขาว', 15, '35.00', 'g1080341', NULL, NULL, NULL),
(100, 'SMS', NULL, '0.21', 'g1080661', NULL, NULL, NULL),
(101, 'PPE สีขาวของคุณหมอ', NULL, NULL, 'g1090011', NULL, NULL, NULL),
(102, 'PPE สีฟ้าผู้ช่วย', NULL, NULL, 'g1090021', NULL, NULL, NULL),
(103, 'รีเลคโก กรีน กระดาษถ่ายเอกสาร A4 70g. 500Sheet/Reem. ( 1 กล่อง บรรจุ 5 รีม)', 4, '380.00', 'g1100011', NULL, NULL, NULL),
(104, 'ลีเรคโก กระดาษถ่ายเอกสาร A4 70 แกรม สีขาว 1 รีม บรรจุ 500 แผ่น', 4, '510.00', 'g1100021', NULL, NULL, NULL),
(105, 'IQ กระดาษถ่ายเอกสาร A5 70G สีขาว 1 รีม บรรจุ 500 แผ่น', 4, '590.00', 'g1100031', NULL, NULL, NULL),
(106, 'QUALITY กระดาษถ่ายเอกสาร Q-Yellow A3 70 แกรม สีขาว 500 แผ่น/รีม', 4, '227.00', 'g1100041', NULL, NULL, NULL),
(107, 'SB กระดาษการ์ดสี A4 180 แกรม ขาว 1 1 200แผ่น', 16, '233.00', 'g1100051', NULL, NULL, NULL),
(108, 'SAKURA กระดาษความร้อน แบบม้วน ขนาด 80X80 มม. 1 5 ม้วน', 1, '225.00', 'g1100061', NULL, NULL, NULL),
(109, 'โพสต์-อิท Double A แฟล็กซ์ ขนาด 44 x 12 mm. (สีเขียว เหลือง ส้ม ชมพู)', 1, '45.00', 'g1100071', NULL, NULL, NULL),
(110, 'โพสต์-อิท Double A แฟล็กซ์ ขนาด 44 x 12 mm. (สีแดง เหลือง เขียว ฟ้า)', 1, '45.00', 'g1100081', NULL, NULL, NULL),
(111, 'โพสต์-อิท Double A แฟล็กซ์ ขนาด 44 x 12 mm. (สีฟ้า เขียว เหลือง ชมพู ส้ม)', 1, '45.00', 'g1100091', NULL, NULL, NULL),
(112, 'โพสต์-อิท Double A แฟล็กซ์ ขนาด 45 x 12 mm. (สีแดง ส้ม ฟ้า เขียว เหลือง)', 1, '68.00', 'g1100101', NULL, NULL, NULL),
(113, 'โพสต์-อิท Double A แฟล็กซ์ ขนาด 45 x 12 mm. (สีส้ม ชมพู เขียว ฟ้า เหลือง)', 1, '68.00', 'g1100111', NULL, NULL, NULL),
(114, 'โพสต์-อิท Double A ขนาด 45 x 12, 42 x 12 mm. (แฟล็กซ์ สีม่วง ชมพู ฟ้า ส้ม , แฟล็กซ์ลูกศร สีแดง เขียว', 1, '80.00', 'g1100121', NULL, NULL, NULL),
(115, 'โพสต์-อิท แฟล็กซ์ รุ่น 683-5CFB size: 0.5 x 1.7\" สี ม่วง ส้ม ชมพู เหลือง ฟ้า', 1, '71.00', 'g1100131', NULL, NULL, NULL),
(116, 'โพสต์-อิท แฟล็กซ์ รุ่น 683-5C size: 0.5 x 1.7\" สี ฟ้า ส้ม แดง เหลือง เขียว (มีตลับกล่องนามบัตรพกพา)', 1, '87.00', 'g1100141', NULL, NULL, NULL),
(117, 'โพสต์-อิท แฟล็กซ์ รุ่น 684-ARR4 size: 0.47 x 1.7\" แฟล็กซ์ลูกศรคละสี', 1, '88.00', 'g1100151', NULL, NULL, NULL),
(118, 'โพสต์-อิท แฟล็กซ์ รุ่น 684-SH size: 0.47 x 1.7\" แฟล็กซ์ลูกศรคละสี Sign here', 1, '108.00', 'g1100161', NULL, NULL, NULL),
(119, 'Double A ดัชนีแบบแข็ง size : 1.5 x 1\" สี เหลือง แดง ฟ้า เขียว แนวตั้ง', 1, '85.00', 'g1100171', NULL, NULL, NULL),
(120, 'Double A ดัชนีแบบแข็ง size : 1.5 x 2\" สี เหลือง แดง ฟ้า เขียว แนวนอน', 1, '75.00', 'g1100181', NULL, NULL, NULL),
(121, 'โพสต์-อิท รุ่น 686-PGO size : 1 x 1.5\" สีชมพู เขียว ส้ม', 1, '95.00', 'g1100191', NULL, NULL, NULL),
(122, 'โพสต์-อิท ตราช้าง เพจ มาร์กเกอร์ รุ่น 112110 size : 1.2 x 5 cm. สีเหลือง เขียว ชมพู เหลือง เขียว ชมพ', 1, '36.00', 'g1100201', NULL, NULL, NULL),
(123, 'ลีเรคโก กระดาษโน้ตชนิดมีกาว 3\"x3\" 6 สี 1 6 เล่ม', 1, '130.00', 'g1100211', NULL, NULL, NULL),
(124, 'ลีเรคโก พรีเมี่ยม กระดาษโน้ตชนิดมีกาว 2X2 นิ้ว คละสีซัมเมอร์ 1 12 เล่ม', 1, '230.00', 'g1100221', NULL, NULL, NULL),
(125, 'โพสต์-อิท เพจ มาร์กเกอร์ รุ่น 670-5AN size : 0.5 x 2\" สีเขียว ส้ม บานเย็น เหลือง ฟ้า', 1, '69.00', 'g1100231', NULL, NULL, NULL),
(126, 'ลีเรคโก บัดเจ็ท ปากกาเน้นข้อความ 2-5มม. คละสี 6 ด้าม', 1, '91.00', 'g1100241', NULL, NULL, NULL),
(127, 'PENTEL ปากกาเน้นข้อความ S512 1-3.5มม. คละสี 1 5 ด้าม', 1, '115.00', 'g1100251', NULL, NULL, NULL),
(128, 'QUANTUM ปากกาลูกลื่นเจลโล่พลัส X5 สีน้ำเงิน 1 50 ด้าม', 1, '199.00', 'g1100261', NULL, NULL, NULL),
(129, 'QUANTUM ปากกาลูกลื่นเจลโล่พลัส X5 สีแดง 1 50 ด้าม', 1, '199.00', 'g1100271', NULL, NULL, NULL),
(130, 'STEADTLER ปากกาอเนกประสงค์ F 0.6มม. ลบไม่ได้ 1 4 ด้าม', 1, '183.00', 'g1100281', NULL, NULL, NULL),
(131, 'STEADTLER ปากกาอเนกประสงค์ M 1.0มม. ลบไม่ได้ 1 4 ด้าม', 1, '183.00', 'g1100291', NULL, NULL, NULL),
(132, 'ตราม้า ปากกาเคมี 2 หัว หัวกลม 2มม. หัวตัด 3-5มม. น้ำเงิน', 17, '12.00', 'g1100301', NULL, NULL, NULL),
(133, 'ตราม้า ปากกาเคมี 2 หัว หัวกลม 2มม. หัวตัด 3-5มม. แดง', 17, '12.00', 'g1100311', NULL, NULL, NULL),
(134, 'ตราม้า ปากกาเคมี 2 หัว หัวกลม 2มม. หัวตัด 3-5มม. ดำ', 17, '12.00', 'g1100321', NULL, NULL, NULL),
(135, 'PILOT ปากกาไวท์บอร์ด WBMK-M หัวกลม 2.5มม. 1 6 คละสี', 1, '129.00', 'g1100331', NULL, NULL, NULL),
(136, 'ตราม้า แปรงสำหรับลบกระดานไวท์บอร์ด คละสี', 10, '25.00', 'g1100341', NULL, NULL, NULL),
(137, 'ตราม้า แท่นประทับสี เบอร์2 7 x 11ซม. สีน้ำเงิน', 18, '38.00', 'g1100351', NULL, NULL, NULL),
(138, 'ตราม้า แท่นประทับสี เบอร์2 7 x 11ซม. สีแดง', 18, '38.00', 'g1100361', NULL, NULL, NULL),
(139, 'ตราม้า แท่นประทับสี เบอร์2 7 x 11ซม. สีดำ', 18, '38.00', 'g1100371', NULL, NULL, NULL),
(140, 'ตราม้า หมึกเติมแท่นประทับแบบกันน้ำ 30 ซีซี สีน้ำเงิน', 8, '15.00', 'g1100381', NULL, NULL, NULL),
(141, 'ตราม้า หมึกเติมแท่นประทับแบบกันน้ำ 30 ซีซี สีดำ', 8, '15.00', 'g1100391', NULL, NULL, NULL),
(142, 'ตราม้า หมึกเติมแท่นประทับแบบกันน้ำ 30 ซีซี สีแดง', 8, '15.00', 'g1100401', NULL, NULL, NULL),
(143, 'YAMAYO เทปลบคำผิด YM-230-3 5มม.X6ม. 1 3ชิ้น', 1, '99.00', 'g1100411', NULL, NULL, NULL),
(144, 'PENTEL ปากกาลบคำผิด ZL102-W 4.2 มล.', 19, '53.00', 'g1100421', NULL, NULL, NULL),
(145, 'STAEDTLER ยางลบดินสอ 526 35F 18X35มม.', 19, '5.00', 'g1100431', NULL, NULL, NULL),
(146, 'ตราม้า ดินสอกด H-7106 0.5มม. คละสี', 17, '25.00', 'g1100441', NULL, NULL, NULL),
(147, 'ตราม้า ไส้ดินสอ H-40 2B 0.5มม. 15 แท่ง/หลอด', 20, '11.00', 'g1100451', NULL, NULL, NULL),
(148, 'ตราม้า มีดคัตเตอร์ H-111 SILVER SLIDE PACK สเตนเลส 9 มม.', 10, '35.00', 'g1100461', NULL, NULL, NULL),
(149, 'ตราม้า ใบมีดคัตเตอร์ S 30องศา 9มม. 6 ใบ/หลอด', 20, '23.00', 'g1100471', NULL, NULL, NULL),
(150, 'ตราช้าง กรรไกร VALUE 7 นิ้ว สีส้ม', 10, '30.00', 'g1100481', NULL, NULL, NULL),
(151, 'ELFEN ลวดเสียบหัวกลม 33มม. 50 ตัว/กล่อง', 4, '6.00', 'g1100491', NULL, NULL, NULL),
(152, 'ตราม้า คลิปหนีบกระดาษ 112 19มม. 12 ตัว/กล่อง', 4, '13.00', 'g1100501', NULL, NULL, NULL),
(153, 'ตราม้า คลิปหนีบกระดาษ 111 25มม. 12 ตัว/กล่อง', 4, '30.00', 'g1100511', NULL, NULL, NULL),
(154, 'ตราม้า คลิปหนีบกระดาษ 110 32มม. 12 ตัว/กล่อง', 4, '39.00', 'g1100521', NULL, NULL, NULL),
(155, 'ARMSTRONG เทปผ้า 2นิ้ว x 8หลา แกน 3 นิ้ว สีฟ้า', 14, '38.00', 'g1100531', NULL, NULL, NULL),
(156, 'ARMSTRONG เทปผ้า 1.5นิ้ว x 8หลา แกน 3 นิ้ว สีฟ้า', 14, '29.00', 'g1100541', NULL, NULL, NULL),
(157, 'ARMSTRONG เทปผ้า 2นิ้ว x 8หลา แกน 3 นิ้ว สีน้ำเงิน', 14, '38.00', 'g1100551', NULL, NULL, NULL),
(158, 'ARMSTRONG เทปผ้า 2นิ้ว x 8หลา แกน 3 นิ้ว สีเหลือง', 14, '38.00', 'g1100561', NULL, NULL, NULL),
(159, 'ARMSTRONG เทปผ้า 2นิ้ว x 8หลา แกน 3 นิ้ว สีแดง', 14, '38.00', 'g1100571', NULL, NULL, NULL),
(160, 'ARMSTRONG เทปผ้า 2นิ้ว x 8หลา แกน 3 นิ้ว สีดำ', 14, '38.00', 'g1100581', NULL, NULL, NULL),
(161, 'ARMSTRONG เทปผ้า 1นิ้ว x 8หลา แกน 3 นิ้ว สีแดง', 14, '19.00', 'g1100591', NULL, NULL, NULL),
(162, 'ARMSTRONG เทปผ้า 2นิ้ว x 8หลา แกน 3 นิ้ว สีเงิน', 14, '38.00', 'g1100601', NULL, NULL, NULL),
(163, 'ARMSTRONG เทปผ้า 2นิ้ว x 8หลา แกน 3 นิ้ว สีเขียว', 14, '38.00', 'g1100611', NULL, NULL, NULL),
(164, 'ARMSTRONG เทปผ้า 1.5นิ้ว x 8หลา แกน 3 นิ้ว สีน้ำเงิน', 14, '29.00', 'g1100621', NULL, NULL, NULL),
(165, 'ARMSTRONG เทปผ้า 1นิ้ว x 8หลา แกน 3 นิ้ว สีเขียว', 14, '19.00', 'g1100631', NULL, NULL, NULL),
(166, 'ARMSTRONG เทปผ้า 1.5นิ้ว x 8หลา แกน 3 นิ้ว สีดำ', 14, '29.00', 'g1100641', NULL, NULL, NULL),
(167, 'ARMSTRONG เทปผ้า 1.5นิ้ว x 8หลา แกน 3 นิ้ว สีแดง', 14, '29.00', 'g1100651', NULL, NULL, NULL),
(168, 'ARMSTRONG เทปผ้า 1นิ้ว x 8หลา แกน 3 นิ้ว สีน้ำเงิน', 14, '19.00', 'g1100661', NULL, NULL, NULL),
(169, 'ARMSTRONG เทปผ้า 1.5นิ้ว x 8หลา แกน 3 นิ้ว สีเหลือง', 14, '29.00', 'g1100671', NULL, NULL, NULL),
(170, 'ARMSTRONG เทปผ้า 2นิ้ว x 8หลา แกน 3 นิ้ว สีน้ำตาล', 14, '38.00', 'g1100681', NULL, NULL, NULL),
(171, 'ARMSTRONG เทปผ้า 1นิ้ว x 8หลา แกน 3 นิ้ว สีเหลือง', 14, '19.00', 'g1100691', NULL, NULL, NULL),
(172, 'ARMSTRONG เทปผ้า 2นิ้ว x 8หลา แกน 3 นิ้ว สีขาว', 14, '38.00', 'g1100701', NULL, NULL, NULL),
(173, 'ARMSTRONG เทปผ้า 1.5นิ้ว x 8หลา แกน 3 นิ้ว สีเขียว', 14, '29.00', 'g1100711', NULL, NULL, NULL),
(174, 'ARMSTRONG เทปผ้า 2นิ้ว x 8หลา แกน 3 นิ้ว สีชมพู', 14, '38.00', 'g1100721', NULL, NULL, NULL),
(175, 'ARMSTRONG เทปผ้า 2นิ้ว x 8หลา แกน 3 นิ้ว สีเขียวอ่อน', 14, '38.00', 'g1100731', NULL, NULL, NULL),
(176, 'ARMSTRONG เทปผ้า 1.5นิ้ว x 8หลา แกน 3 นิ้ว สีเงิน', 14, '29.00', 'g1100741', NULL, NULL, NULL),
(177, 'ARMSTRONG เทปผ้า 1.5นิ้ว x 8หลา แกน 3 นิ้ว สีน้ำตาล', 14, '29.00', 'g1100751', NULL, NULL, NULL),
(178, 'ARMSTRONG เทปผ้า 1.5นิ้ว x 8หลา แกน 3 นิ้ว สีเขียวอ่อน', 14, '29.00', 'g1100761', NULL, NULL, NULL),
(179, 'ARMSTRONG เทปผ้า 1นิ้ว x 8หลา แกน 3 นิ้ว สีดำ', 14, '19.00', 'g1100771', NULL, NULL, NULL),
(180, 'ARMSTRONG เทปผ้า 1นิ้ว x 8หลา แกน 3 นิ้ว สีขาว', 14, '19.00', 'g1100781', NULL, NULL, NULL),
(181, 'ARMSTRONG เทปผ้า 1.5นิ้ว x 8หลา แกน 3 นิ้ว สีชมพู', 14, '29.00', 'g1100791', NULL, NULL, NULL),
(182, 'ARMSTRONG เทปผ้า 1นิ้ว x 8หลา แกน 3 นิ้ว สีน้ำตาล', 14, '19.00', 'g1100801', NULL, NULL, NULL),
(183, 'ARMSTRONG เทปผ้า 1นิ้ว x 8หลา แกน 3 นิ้ว สีเงิน', 14, '19.00', 'g1100811', NULL, NULL, NULL),
(184, 'ARMSTRONG เทปผ้า 1นิ้ว x 8หลา แกน 3 นิ้ว สีเขียวอ่อน', 14, '19.00', 'g1100821', NULL, NULL, NULL),
(185, 'ARMSTRONG เทปผ้า 1.5นิ้ว x 8หลา แกน 3 นิ้ว สีขาว', 14, '29.00', 'g1100831', NULL, NULL, NULL),
(186, 'ARMSTRONG เทปผ้า 1นิ้ว x 8หลา แกน 3 นิ้ว สีชมพู', 14, '19.00', 'g1100841', NULL, NULL, NULL),
(187, 'SCOTCH เทปปิดกล่อง OPP ขนาด 2 นิ้ว X 43.74 หลา แกน 3 นิ้ว 1 10 ฟรี 2 สีใส', 1, '399.00', 'g1100851', NULL, NULL, NULL),
(188, 'SCOTCH เทปใส 500 3/4นิ้ว x 36หลา แกน 1 นิ้ว 1 6 ม้วน', 1, '152.00', 'g1100861', NULL, NULL, NULL),
(189, 'SCOTCH เทปใส 500 1/2นิ้ว x 36หลา แกน 1 นิ้ว 1 9 ม้วน', 1, '148.00', 'g1100871', NULL, NULL, NULL),
(190, 'SCOTCH เทปใส 600 3/4นิ้ว x 36หลา แกน 1 นิ้ว เทป 3 ม้วนและแท่นตัดเทป', 21, '205.00', 'g1100881', NULL, NULL, NULL),
(191, 'ตราม้า เครื่องเย็บกระดาษ HD-10 คละสี', 22, '50.00', 'g1100891', NULL, NULL, NULL),
(192, 'MAX เครื่องเย็บกระดาษ HD-50 สีน้ำเงิน', 22, '455.00', 'g1100901', NULL, NULL, NULL),
(193, 'ตราม้า เครื่องเย็บกระดาษ HD-10EE คละสี', 22, '60.00', 'g1100911', NULL, NULL, NULL),
(194, 'POWERSTONE เครื่องเย็บกระดาษสำหรับงานหนัก PS-613A 100 แผ่น', 22, '825.00', 'g1100921', NULL, NULL, NULL),
(195, 'POWERSTONE เครื่องเย็บกระดาษสำหรับงานหนัก PS-624A 210 แผ่น', 22, '1190.00', 'g1100931', NULL, NULL, NULL),
(196, 'EAGLE ที่ถอนลวดเย็บกระดาษชนิดคีม 1039A โลหะ', 22, '65.00', 'g1100941', NULL, NULL, NULL),
(197, 'SDI ที่ถอนลวดเย็บกระดาษ 1163 คละสี', 22, '30.00', 'g1100951', NULL, NULL, NULL),
(198, 'MAX ลวดเย็บกระดาษ 10-1M 1000 ลวด/กล่อง', 4, '10.17', 'g1100961', NULL, NULL, NULL),
(199, 'MAX ลวดเย็บกระดาษ 1213FA-H (23/13) 1000 ลวด/กล่อง', 4, '185.00', 'g1100971', NULL, NULL, NULL),
(200, 'MAX ลวดเย็บกระดาษ 10-5M 5000 ลวด/กล่อง', 4, '53.00', 'g1100981', NULL, NULL, NULL),
(201, 'MAX ลวดเย็บกระดาษ 1210FA-H (23/10) 1000 ลวด/กล่อง', 4, '175.00', 'g1100991', NULL, NULL, NULL),
(202, 'MAX ลวดเย็บกระดาษ 1215FA-H (23/15) 1000 ลวด/กล่อง', 4, '205.00', 'g1101001', NULL, NULL, NULL),
(203, 'MAX ลวดเย็บกระดาษ 1217FA-H (23/17) 1000 ลวด/กล่อง', 4, '218.00', 'g1101011', NULL, NULL, NULL),
(204, 'UHU กาวแท่งติดแน่นและแห้งเร็ว 8.2 กรัม 1 4+2', 17, '140.00', 'g1101021', NULL, NULL, NULL),
(205, 'ตราม้า กาวน้ำใสแบบใบพาย H-150 150 ซีซี', 8, '17.00', 'g1101031', NULL, NULL, NULL),
(206, 'BENNON 80 กาวน้ำเจลใสหัวฟองน้ำ ขวด 50 มล.', 17, '16.00', 'g1101041', NULL, NULL, NULL),
(207, 'LOUIS เทปโฟมกาวสองหน้า 24มม. x 1ม. โฟมหนา 1.6 มม.', 14, '14.00', 'g1101051', NULL, NULL, NULL),
(208, 'LOUIS เทปโฟมกาวสองหน้า 21มม. x 3ม. โฟมหนา 1.6 มม.', 14, '60.00', 'g1101061', NULL, NULL, NULL),
(209, 'LOUIS เทปโฟมกาวสองหน้า 21มม. x 5ม. โฟมหนา 1.6 มม.', 14, '93.00', 'g1101071', NULL, NULL, NULL),
(210, '555 ซองเอกสารกระดาษคราฟท์น้ำตาล BA 110แกรม ขนาด 9\'X12 3/4\' (C4) 1 50ซอง', 1, '126.00', 'g1101081', NULL, NULL, NULL),
(211, 'ซองเอกสารกระดาษคราฟท์น้ำตาล BA 110แกรม 10\' X 13\' 1 50ซอง', 1, '98.00', 'g1101091', NULL, NULL, NULL),
(212, '555 ซองเอกสารกระดาษคราฟท์น้ำตาล BA 110แกรม ขนาด 10\' X 13\' 1 50ซอง', 1, '146.00', 'g1101101', NULL, NULL, NULL),
(213, '555 ซองเอกสารกระดาษคราฟท์น้ำตาล KA 125แกรม 9\'X12 3/4\' (C4) 1 50ซอง', 1, '176.00', 'g1101111', NULL, NULL, NULL),
(214, 'ซองเอกสารกระดาษคราฟท์น้ำตาล KA 125แกรม 10\' X 13\' 1 50ซอง', 1, '140.00', 'g1101121', NULL, NULL, NULL),
(215, '555 ซองขาวฝาขนานพื้นลายซิลิคอน เบอร์ 9/125 1 50ซอง', 1, '115.00', 'g1101131', NULL, NULL, NULL),
(216, '555 ซองขาวฝาแหลม เบอร์ 9/125 1 50ซอง', 1, '65.00', 'g1101141', NULL, NULL, NULL),
(217, 'DOUBLE A กระดาษถ่ายเอกสาร A3 80 แกรม สีขาว 1 รีม 500 แผ่น', 16, '257.00', 'g1101151', NULL, NULL, NULL),
(218, 'ORCA ซองเอกสาร A4 40 ไมครอน 11 รู 1 20 ซอง ใส', 1, '29.00', 'g1101161', NULL, NULL, NULL),
(219, 'ORCA ซองเอกสาร A4 50 ไมครอน 11 รู 1 20 ซอง ใส', 1, '45.00', 'g1101171', NULL, NULL, NULL),
(220, 'ตราช้าง แฟ้มซองพลาสติก 405 A4 1 12 ซอง ใส', 1, '65.00', 'g1101181', NULL, NULL, NULL),
(221, 'ตราม้า แฟ้มคลิปบอร์ด H-99 A4 สีน้ำเงิน', 1, '60.00', 'g1101191', NULL, NULL, NULL),
(222, 'ตราช้าง แฟ้มก้านยก 120 A4 สัน 3 นิ้ว สีดำ', 1, '90.00', 'g1101201', NULL, NULL, NULL),
(223, 'ตราช้าง แฟ้มก้านยก 125 A4 สัน 2 นิ้ว สีดำ', 1, '90.00', 'g1101211', NULL, NULL, NULL),
(224, 'ตราช้าง แฟ้มก้านยก 2100 F สัน 3 นิ้ว สีน้ำเงิน', 1, '99.00', 'g1101221', NULL, NULL, NULL),
(225, 'ตราม้า แฟ้มก้านยก H-1002 F สัน 3 นิ้ว สีน้ำเงิน', 1, '88.00', 'g1101231', NULL, NULL, NULL),
(226, 'ตราช้าง อินเด็กซ์พลาสติก 320 A4 10 หยัก 5 สี', 1, '45.00', 'g1101241', NULL, NULL, NULL),
(227, 'ตราม้า ตาไก่พลาสติก 1 500 ดวง สีขาว', 4, '23.00', 'g1101251', NULL, NULL, NULL),
(228, 'เชือกขาวแดง ยาว 180 เมตร', 14, '75.00', 'g1101261', NULL, NULL, NULL),
(229, 'ORCA พลาสติกเคลือบบัตร 216 X 303 มม. A4 125 ไมครอน 100 แผ่น', 16, '442.00', 'g1101271', NULL, NULL, NULL),
(230, 'ORCA พลาสติกเคลือบบัตร 303 X 426 มม. A3 125 ไมครอน 100 แผ่น', 16, '1080.00', 'g1101281', NULL, NULL, NULL),
(231, 'ORCA พลาสติกเคลือบบัตร 65 X 95 มม. 125ไมครอน 100 แผ่น', 16, '75.00', 'g1101291', NULL, NULL, NULL),
(232, 'ORCA พลาสติกเคลือบบัตร 70 X 100 มม. 125 ไมครอน 100 แผ่น', 16, '95.00', 'g1101301', NULL, NULL, NULL),
(233, 'ตราช้าง เครื่องเจาะกระดาษ DP-540 คละสี', 22, '230.00', 'g1101311', NULL, NULL, NULL),
(234, 'AROMA เครื่องเจาะกระดาษสำหรับงานหนัก DP800', 22, '1600.00', 'g1101321', NULL, NULL, NULL),
(235, 'ORCA ตะกร้าลวดเคลือบมีฝาปิด 78 สีขาว', 10, '135.00', 'g1101331', NULL, NULL, NULL),
(236, 'ORCA ตะแกรงเหล็กใส่เอกสาร H-0931 3ชั้น สีเงิน', 10, '550.00', 'g1101341', NULL, NULL, NULL),
(237, 'ORCA ตู้เก็บเอกสาร TCB-5 5ชั้น โครงขาว ลิ้นชักฟ้า', 10, '730.00', 'g1101351', NULL, NULL, NULL),
(238, 'ORCA ตู้เก็บเอกสาร TCB-7 7ชั้น โครงขาว ลิ้นชักฟ้า', 10, '1190.00', 'g1101361', NULL, NULL, NULL),
(239, 'เสื้อกาวน์หมอ Size SS', 22, NULL, 'g2060011', '120023', 'A-C-0044-QP', NULL),
(240, 'เสื้อกาวน์หมอ Size S', 22, NULL, 'g2060021', '120024', 'A-C-0045-QP', NULL),
(241, 'เสื้อกาวน์หมอ Size M', 22, NULL, 'g2060031', '120025', 'A-C-0046-QP', NULL),
(242, 'เสื้อกาวน์หมอ Size L', 22, NULL, 'g2060041', '120026', 'A-C-0047-QP', NULL),
(243, 'เสื้อกาวน์หมอ Size XL', 22, NULL, 'g2060051', '120027', 'A-C-0048-QP', NULL),
(244, 'เสื้อกาวน์ผู้ช่วย Size S', 22, NULL, 'g2060061', '120028', 'A-C-0049-QP', NULL),
(245, 'เสื้อกาวน์ผู้ช่วย Size M', 22, NULL, 'g2060071', '120029', 'A-C-0050-QP', NULL),
(246, 'เสื้อกาวน์ผู้ช่วย Size L', 22, NULL, 'g2060081', '120030', 'A-C-0051-QP', NULL),
(247, 'เสื้อกาวน์ผู้ช่วย Size XL', 22, NULL, 'g2060091', '120031', 'A-C-0052-QP', NULL),
(248, 'เสื้อกาวน์ผู้ช่วย Size 2XL', 22, NULL, 'g2060101', '120032', 'A-C-0053-QP', NULL),
(249, 'ผ้าสีน้ำเงินห่อชุดตรวจ ขนาดเล็ก 18*19 นิ้ว', 23, '560.00', 'g2060111', '120034', 'A-A-0082- DL', NULL),
(250, 'ผ้าสีน้ำเงินเจาะกลาง คลุมหน้า ใหญ่ 25*30', 23, '600.00', 'g2060121', '130002', 'A-A-0019-##', NULL),
(251, 'ผ้าสีน้ำเงินห่อชุดตรวจ เล็ก 19*18', 23, '600.00', 'g2060131', '130003', 'A-A-0020-##', NULL),
(252, 'ผ้าสีน้ำเงินห่อชุดตรวจ ใหญ่ 25*30', 23, '600.00', 'g2060141', '130004', 'A-A-0022-##', NULL),
(253, 'คีม 150', NULL, NULL, 'g2070011', NULL, NULL, NULL),
(254, 'คีม 151', NULL, NULL, 'g2070021', NULL, NULL, NULL),
(255, 'คีม 150S', NULL, NULL, 'g2070031', NULL, NULL, NULL),
(256, 'คีม 151S', NULL, NULL, 'g2070041', NULL, NULL, NULL),
(257, 'Mouse Logitech', 13, NULL, 'g2080011', '940022', NULL, NULL),
(258, 'Mouse ไร้สาย Logitech', 13, NULL, 'g2080021', '940023', NULL, NULL),
(259, 'Mouse ไร้สาย Xiaomi', 13, NULL, 'g2080031', '940024', NULL, NULL),
(260, 'Keybroad Logitech', 13, NULL, 'g2080041', '940025', NULL, NULL),
(261, 'Keybroad ไร้สาย Microsoft', 13, NULL, 'g2080051', '940026', NULL, NULL),
(262, 'Keybroad ไร้สาย Logitech', 13, NULL, 'g2080061', '940027', NULL, NULL),
(263, 'USB Bluetooth TP-LINK UB400 BLUETOOTH', 13, NULL, 'g2080071', '940033', NULL, NULL),
(264, 'Cat6 UTP Patch cord 1 M สีขาว ', 15, '72.00', 'g2080081', NULL, NULL, NULL),
(265, 'Cat6 UTP Patch cord 1 M สีเหลือง', 15, '72.00', 'g2080091', NULL, NULL, NULL),
(266, 'Cat6 UTP Patch cord 1 M สีน้ำเงิน', 15, '72.00', 'g2080101', NULL, NULL, NULL),
(267, 'Cat6 UTP Patch cord 1 M สีแดง', 15, '72.00', 'g2080111', NULL, NULL, NULL),
(268, 'Cat6 UTP Patch cord 1 M สีเขียว', 15, '72.00', 'g2080121', NULL, NULL, NULL),
(269, 'POE Splitter ตัวแปลง POE', 22, '160.00', 'g2080131', NULL, NULL, NULL),
(270, 'Harddisk 4tb wd purple', 24, '3500.00', 'g2080141', NULL, NULL, NULL),
(271, 'LOGITECH WIRELESS (Mouse,Keybroad) MK270R', 4, '799.00', 'g2080151', NULL, NULL, NULL),
(272, 'ชุดไฟไลฟ์สด ไฟ 26cm+ขาตั้ง 2.1m', 21, '266.00', 'g2080191', NULL, NULL, NULL),
(273, 'Vention Usb 2.0 เครื่องพิมพ์สายเคเบิ้ล ยาว5 เมตร (USB2.0 Upgrade)', 15, '219.00', 'g2080201', NULL, NULL, NULL),
(274, 'install  tool  Cable Sleeves สีขาว', 19, '19.00', 'g2080211', NULL, NULL, NULL),
(275, 'กรอบป้ายแพทย์', 10, '1000.00', 'g2090161', NULL, NULL, NULL),
(276, 'ป้าย information', 10, '3000.00', 'g2090171', NULL, NULL, NULL),
(277, 'ป้าย เลขห้องหน้าสาขา', 10, '500.00', 'g2090181', NULL, NULL, NULL),
(278, 'Computer PC Intel(R) Pentium / Ram 4 Gb / SSD', 13, NULL, 'g3080011', '910001', NULL, NULL),
(279, 'Computer PC Intel(R) Pentium / Ram 4 Gb / SSD', 13, NULL, 'g3080021', '910001', NULL, NULL),
(280, 'Computer PC Intel(R) Pentium / Ram 8 Gb / SSD', 13, NULL, 'g3080031', '910002', NULL, NULL),
(281, 'Computer PC Intel(R) Pentium / Ram 8 Gb / HDD', 13, NULL, 'g3080041', '910003', NULL, NULL),
(282, 'Computer PC Intel(R) Pentium / Ram 4 Gb / HDD', 13, NULL, 'g3080051', '910004', NULL, NULL),
(283, 'Computer PC Intel(R) Core(TM) i3 / Ram 4 / SSD', 13, NULL, 'g3080061', '910005', NULL, NULL),
(284, 'Computer PC Intel(R) Core(TM) i3 / Ram 8 / SSD', 13, NULL, 'g3080071', '910006', NULL, NULL),
(285, 'Computer PC Intel(R) Core(TM) i3 / Ram 10 / HDD', 13, NULL, 'g3080081', '910007', NULL, NULL),
(286, 'Computer PC Intel(R) Core(TM) i5 / Ram 8 / SSD', 13, NULL, 'g3080091', '910008', NULL, NULL),
(287, 'Computer PC Intel(R) Core(TM) i5 / Ram 8 / HDD', 13, NULL, 'g3080101', '910009', NULL, NULL),
(288, 'Computer PC Intel(R) Core(TM) i5 / Ram 16 / SSD', 13, NULL, 'g3080111', '910010', NULL, NULL),
(289, 'Computer PC Intel(R) Core(TM) i7 / Ram 8 / HDD', 13, NULL, 'g3080121', '910011', NULL, NULL),
(290, 'Computer PC Intel(R) Core(TM) i7 / Ram 32 / SSD', 13, NULL, 'g3080131', '910012', NULL, NULL),
(291, 'Computer PC AMD Ryzen 5 / Ram 4 / SSD', 13, NULL, 'g3080141', '910013', NULL, NULL),
(292, 'Computer PC AMD Ryzen 5 / Ram 8 / M.2', 13, NULL, 'g3080151', '910014', NULL, NULL),
(293, 'Computer PC AMD Ryzen 5 / Ram 8 / SSD', 13, NULL, 'g3080161', '910015', NULL, NULL),
(294, 'Computer PC AMD Ryzen 7 / Ram 16 / M.2', 13, NULL, 'g3080171', '910016', NULL, NULL),
(295, 'Computer AIO Intel(R) Pentium / Ram 4 Gb / HDD', 13, NULL, 'g3080181', '910017', NULL, NULL),
(296, 'Computer AIO Intel(R) Pentium / Ram 4 Gb / SSD', 13, NULL, 'g3080191', '910018', NULL, NULL),
(297, 'Computer AIO Intel(R) Pentium / Ram 8 Gb / HDD', 13, NULL, 'g3080201', '910019', NULL, NULL),
(298, 'Computer AIO Intel(R) Core(TM) i3 / Ram 4 / HDD', 13, NULL, 'g3080211', '910020', NULL, NULL),
(299, 'Computer AIO Intel(R) Core(TM) i3 / Ram 4 / SSD', 13, NULL, 'g3080221', '910021', NULL, NULL),
(300, 'Computer AIO AMD A4 / Ram 4 / HDD', 13, NULL, 'g3080231', '910022', NULL, NULL),
(301, 'Notebook Lenovo | Intel(R) Pentium® /Ram 4 / SSD', 13, NULL, 'g3080241', '920001', NULL, NULL),
(302, 'Notebook Lenovo | Intel(R) Pentium® /Ram 4 / SSD', 13, NULL, 'g3080251', '920002', NULL, NULL),
(303, 'Notebook Lenovo | Intel(R) Pentium® /Ram 4 / M.2', 13, NULL, 'g3080261', '920003', NULL, NULL),
(304, 'Notebook Lenovo | Intel(R) Pentium® /Ram 4 / M.2', 13, NULL, 'g3080271', '920004', NULL, NULL),
(305, 'Notebook Lenovo | Intel(R) Pentium® /Ram 4 / SSD', 13, NULL, 'g3080281', '920005', NULL, NULL),
(306, 'Notebook Lenovo | Intel(R) Core(TM) i3 / Ram 4 / SSD', 13, NULL, 'g3080291', '920006', NULL, NULL),
(307, 'Notebook Lenovo | Intel(R) Core(TM) i5 / Ram 8 / SSD', 13, NULL, 'g3080301', '920007', NULL, NULL),
(308, 'Notebook Lenovo | Intel(R) Core(TM) i5 / Ram 8 / M.2', 13, NULL, 'g3080311', '920008', NULL, NULL),
(309, 'Notebook Lenovo | Intel(R) Core(TM) i7 / Ram 8 / HDD', 13, NULL, 'g3080321', '920009', NULL, NULL),
(310, 'Notebook HP | Intel(R) Core(TM) i5 / Ram 8 / SSD', 13, NULL, 'g3080331', '920010', NULL, NULL),
(311, 'Notebook HP | Intel(R) Core(TM) i5 / Ram 8 / SSD', 13, NULL, 'g3080341', '920011', NULL, NULL),
(312, 'Notebook DELL | Intel(R) Core(TM) i5 / Ram 4 / HDD', 13, NULL, 'g3080351', '920012', NULL, NULL),
(313, 'Notebook DELL | Intel(R) Core(TM) i7 / Ram 8 / SSD', 13, NULL, 'g3080361', '920013', NULL, NULL),
(314, 'Notebook ACER | Intel(R) Core(TM) i5 / Ram 8 / SSD', 13, NULL, 'g3080371', '920014', NULL, NULL),
(315, 'Notebook Lenovo | AMD A9 / Ram 16 / HDD', 13, NULL, 'g3080381', '920015', NULL, NULL),
(316, 'Notebook Lenovo | AMD A9 / Ram 4 / HDD', 13, NULL, 'g3080391', '920016', NULL, NULL),
(317, 'Notebook Lenovo | AMD Ryzen 3 / Ram 4 / M.2', 13, NULL, 'g3080401', '920017', NULL, NULL),
(318, 'Notebook Lenovo | AMD Ryzen 3 / Ram 4 / SSD', 13, NULL, 'g3080411', '920018', NULL, NULL),
(319, 'Notebook ASUS | AMD Ryzen 3 / Ram 8 / SSD', 13, NULL, 'g3080421', '920019', NULL, NULL),
(320, 'Notebook DELL | AMD Ryzen 5 / Ram 8 / M.2', 13, NULL, 'g3080431', '920020', NULL, NULL),
(321, 'Notebook ACER | AMD Ryzen 5 / Ram 8 / M.2', 13, NULL, 'g3080441', '920021', NULL, NULL),
(322, 'เครื่องพิมพ์ Brother MFC-L2700D', 13, NULL, 'g3080451', '930001', NULL, NULL),
(323, 'เครื่องพิมพ์ Brother 310', 13, NULL, 'g3080461', '930002', NULL, NULL),
(324, 'เครื่องพิมพ์ Epson L120', 13, NULL, 'g3080471', '930003', NULL, NULL),
(325, 'เครื่องพิมพ์ BROTHER DCP-1610', 13, NULL, 'g3080481', '930004', NULL, NULL),
(326, 'เครื่องพิมพ์ Brother MFC-L2700D', 13, NULL, 'g3080491', '930005', NULL, NULL),
(327, 'เครื่องพิมพ์ Epson L3110', 13, NULL, 'g3080501', '930006', NULL, NULL),
(328, 'เครื่องพิมพ์ Brother HJ-1110', 13, NULL, 'g3080511', '930007', NULL, NULL),
(329, 'เครื่องพิมพ์ Panasonic', 13, NULL, 'g3080521', '930008', NULL, NULL),
(330, 'เครื่องพิมพ์ Brother L3735', 13, NULL, 'g3080531', '930009', NULL, NULL),
(331, 'เครื่องพิมพ์ Brother 510', 13, NULL, 'g3080541', '930010', NULL, NULL),
(332, 'เครื่องพิมพ์ Samsung SL-M3870FW', 13, NULL, 'g3080551', '930011', NULL, NULL),
(333, 'เครื่องพิมพ์ Brother MFC-T810W', 13, NULL, 'g3080561', '930012', NULL, NULL),
(334, 'เครื่องพิมพ์ Brother-9140CDN', 13, NULL, 'g3080571', '930013', NULL, NULL),
(335, 'เครื่องพิมพ์ Canon pixma g3010', 13, NULL, 'g3080581', '930014', NULL, NULL),
(336, 'เครื่องพิมพ์ Canon pixma g2010', 13, NULL, 'g3080591', '930015', NULL, NULL),
(337, 'Finger scan HIP', 13, NULL, 'g3080601', '940001', NULL, NULL),
(338, 'Router Xiaomi AX1800', 13, NULL, 'g3080611', '940002', NULL, NULL),
(339, 'Router Xiaomi AX3600', 13, NULL, 'g3080621', '940003', NULL, NULL),
(340, 'Router Xiaomi AX2100', 13, NULL, 'g3080631', '940004', NULL, NULL),
(341, 'Switch Hub TP-LINK 24 Port Gigabit', 13, NULL, 'g3080641', '940005', NULL, NULL),
(342, 'Switch Hub TP-LINK 16 Port Gigabit', 13, NULL, 'g3080651', '940006', NULL, NULL),
(343, 'Switch Hub TP-LINK 8 Port Gigabit', 13, NULL, 'g3080661', '940007', NULL, NULL),
(344, 'Switch Hub TP-LINK 4 Port Gigabit', 13, NULL, 'g3080671', '940008', NULL, NULL),
(345, 'จอ monitor ACER', 13, NULL, 'g3080681', '940010', NULL, NULL),
(346, 'จอ monitor AOC', 13, NULL, 'g3080691', '940011', NULL, NULL),
(347, 'จอ monitor DELL', 13, NULL, 'g3080701', '940012', NULL, NULL),
(348, 'จอ monitor HP', 13, NULL, 'g3080711', '940013', NULL, NULL),
(349, 'จอ monitor Philips', 13, NULL, 'g3080721', '940014', NULL, NULL),
(350, 'จอ monitor LG', 13, NULL, 'g3080731', '940015', NULL, NULL),
(351, 'จอ monitor Samsung', 13, NULL, 'g3080741', '940016', NULL, NULL),
(352, 'จอ monitor ASUS', 13, NULL, 'g3080751', '940017', NULL, NULL),
(353, 'จอ monitor Xiaomi', 13, NULL, 'g3080761', '940018', NULL, NULL),
(354, 'TV ', 13, NULL, 'g3080771', '940019', NULL, NULL),
(355, 'Robot Camera Hivistion', 13, NULL, 'g3080781', '940020', NULL, NULL),
(356, 'NVR Hivistion', 13, NULL, 'g3080791', '940021', NULL, NULL),
(357, 'Apple I pad IPAD GEN8 32Gb', 13, NULL, 'g3080801', '940028', NULL, NULL),
(358, 'Huawei Tablet HUAWEI MatePad', 13, NULL, 'g3080811', '940029', NULL, NULL),
(359, 'Samsung Tablet Galaxy Tab S6 Lite', 13, NULL, 'g3080821', '940030', NULL, NULL),
(360, 'เครื่องพิมพ์ thermal Xเครื่องพิมพ์ X80', 13, NULL, 'g3080831', '940031', NULL, NULL),
(361, 'Speakers Bluetooth JBL Charge Essential Portable waterproof speaker', 13, NULL, 'g3080841', '940032', NULL, NULL),
(362, 'UPS ', 13, NULL, 'g3080851', '940034', NULL, NULL),
(363, 'Switch Gigabit 16 Port', 13, '2290.00', 'g3080861', NULL, NULL, NULL),
(364, 'Router Xiaomi AX3600', 13, '2799.00', 'g3080871', NULL, NULL, NULL),
(365, 'Router Xiaomi AC2100', 13, '889.00', 'g3080881', NULL, NULL, NULL),
(366, 'Printer thermal รุ่น XP-N160II', 13, '1788.00', 'g3080891', NULL, NULL, NULL),
(367, 'Apple IPAD Gen8 32 Gb สีเทา', 13, '10900.00', 'g3080901', NULL, NULL, NULL),
(368, 'ชุด Mini PC Intel Nuc Core i3-1115G4 (ประกอบ)', 13, '12490.00', 'g3080911', NULL, NULL, NULL),
(369, 'PC Intel Corei5-10400 8 Gb M.2 128Gb (ประกอบ)', 13, '12470.00', 'g3080921', NULL, NULL, NULL),
(370, 'Monitor LED 19.5\"', 13, '3150.00', 'g3080931', NULL, NULL, NULL),
(371, 'NVR5216-4KS2 16 Ch.', 13, '9500.00', 'g3080941', NULL, NULL, NULL),
(372, 'IMOU-IPC-A42P', 22, '990.00', 'g3080951', NULL, NULL, NULL),
(373, 'Switch POE-PSE3117-16ET-135', 13, '4900.00', 'g3080961', NULL, NULL, NULL),
(374, 'UPS zircon 1000VA/550W', 13, '1360.00', 'g3080971', NULL, NULL, NULL),
(375, 'เครื่องปริ้น BROTHER HL-L2370DN', 13, '6100.00', 'g3080981', NULL, NULL, NULL),
(376, 'Logo PLUS หลังเคาน์เตอร์', 10, '5000.00', 'g3090011', NULL, NULL, NULL),
(377, 'ป้ายไฟหน้าสาขา', 10, '20000.00', 'g3090021', NULL, NULL, NULL),
(378, 'เข็มฉีดยา 27G*21mm.', 4, '263.00', 'm1010011', '220002', 'D-B-0002-SC', NULL),
(379, 'เข็มฉีดยา 27G*30mm.', 4, '263.00', 'm1010021', '220003', 'D-B-0003-SC', NULL),
(380, 'เข็มฉีดยา 30G*21mm.', 4, '263.00', 'm1010031', '220004', 'D-B-0004-SC', NULL),
(381, 'เข็มน้ำเกลือ 0.55x22', 4, '65.00', 'm1010041', '220005', 'D-B-0009-SC', NULL),
(382, 'เข็มน้ำเกลือ 1.2 x 40', 4, '65.00', 'm1010051', '220006', 'D-B-0010-SC', NULL),
(383, 'เข็มน้ำเกลือ No.18 1.5 ล้างแผล', 4, '65.00', 'm1010061', '220007', 'D-B-0011-SC', NULL),
(384, 'เข็มน้ำเกลือ No.24 1.5 ล้างคลองราก', 4, '65.00', 'm1010071', '220008', 'D-C-0001-SC', NULL),
(385, 'ไซริงค์น้ำเกลือ 10 ml.', 4, '268.00', 'm1010081', '220009', 'D-B-0018-SC', NULL),
(386, 'ไซริงค์น้ำเกลือ 20 ml.', 4, '246.00', 'm1010091', '220010', 'D-B-0019-SC', NULL),
(387, 'OpalDam 1.2 ml น้ำยาบล๊อคเหงือก', 20, '1200.00', 'm1010101', '220011', 'D-A-0103-ND', NULL),
(388, 'OPALESCENT Boost PF 40%', 20, '1800.00', 'm1010111', '220012', 'D-A-0109-ND', NULL),
(389, 'OPALESCENT 15% PF Melon refill', 20, '275.00', 'm1010121', '220013', 'D-A-0105-ND', NULL),
(390, 'น้ำยาฟอกสีฟัน ZOOM', 20, '4990.00', 'm1010131', '220014', 'D-A-0040-AC', NULL),
(391, 'น้ำยาล้างฟิล์ม Developer 500 ML เล็ก', 8, '400.00', 'm1010141', '220015', 'D-A-0043-SD', NULL),
(392, 'น้ำยาล้างฟิล์ม Fixer 500 ML เล็ก', 8, '400.00', 'm1010151', '220016', 'D-A-0045-SD', NULL),
(393, 'สำลี', 14, '123.00', 'm1010161', '220017', 'A-A-0025-SC', NULL),
(394, 'DURA Cap Blue หมวกคลุมผม', 1, '96.00', 'm1010171', '220018', 'A-A-0033-SC', NULL),
(395, 'แอลกอฮอล์', 8, '31.00', 'm1010181', '220019', 'A-A-0028-SC', NULL),
(396, 'Caviwipes แผ่น', 25, '268.00', 'm1010191', '220020', 'A-A-0032-KR', NULL),
(397, 'PROSEPT WIPES LEMON BOX INC.REFILL W/250 แผ่นเช็ดฆ่าเชื้อ', 25, '320.00', 'm1010192', '220086', 'A-A-0049-EM', NULL),
(398, 'Caviwipes น้ำ', 5, '1498.00', 'm1010193', '220098', 'A-A-0078-KR', NULL),
(399, 'Clinicare ULTRA Disifectant แผ่นเช็ดฆ่าเชื้อ', 25, '492.00', 'm1010194', '220099', 'A-A-0079-DK', NULL),
(400, 'DURA Mask blue ชนิดคล้องหู ผ้าปิดปาก', 4, '54.00', 'm1010201', '220021', 'A-A-0035-SC', NULL),
(401, 'Motex Surgical Gloves , Powdered Sterile No.6.5', 26, '589.00', 'm1010211', '220022', 'A-A-0044-SC', NULL),
(402, 'N-S-S IRRIGATE 1000 CC. น้ำเกลือ', 8, '37.00', 'm1010221', '220023', 'A-A-0046-SN', NULL),
(403, 'Suction หลอดดูดน้ำลายพาสติก', 27, '64.00', 'm1010231', '220024', 'A-A-0056-SC', NULL),
(404, 'TURBO VAC น้ำยาล้าง suction', 5, '1605.00', 'm1010241', '220025', 'A-A-0058-EM', NULL),
(405, 'PROSEPT JET D 2L น้ำยาล้าง Suction', 8, '1200.00', 'm1010242', '120021', 'A-A-0062-EM', NULL),
(406, 'UNI GAUZE ผ้าก็อสม้วน ขนาด 36 นิ้ว x100 หลา แบบตัด 6 ท่อน', 28, '642.00', 'm1010251', '220026', 'A-A-0059-SC', NULL),
(407, 'หัวขัด Porcelain เทา ก้านยาว กรอช้า', 29, '250.00', 'm1010261', '220027', 'E-D-0058-DM', NULL),
(408, 'หัวขัด Porcelain เทา ก้านยาว กรอเร็ว', 29, '250.00', 'm1010271', '220028', 'E-D-0059-DM', NULL),
(409, 'VITREBOND KIT 7510', 21, '3022.00', 'm1010281', '220029', 'D-A-0151-3M', NULL),
(410, 'คอมโพสิต 3M BODY สี A2', 20, '1649.00', 'm1010291', '220030', 'D-A-0002-3M', NULL),
(411, 'คอมโพสิต 3M BODY สี A3', 20, '1649.00', 'm1010301', '220031', 'D-A-0003-3M', NULL),
(412, 'คอมโพสิต 3M BODY สี A3.5', 20, '1649.00', 'm1010311', '220032', 'D-A-0004-3M', NULL),
(413, 'เทปสเตอร์ไล', 14, '321.00', 'm1010321', '220033', 'A-A-0008-SC', NULL),
(414, 'APPROXI SANDPER STRIPS กระดาษขัดซอกฟัน', 4, '360.00', 'm1010331', '220034', 'D-A-0062-DM', NULL),
(415, 'ARTICUKATING เกือกม้า กระดาษเช็คสบฟัน', 4, '350.00', 'm1010341', '220035', 'D-A-0063-DM', NULL),
(416, 'DYCAL STANDARD PACK DENTIN', 21, '642.00', 'm1010351', '220036', 'C-A-0050-DK', NULL),
(417, 'คอมโพสิต Estellite E QUICK A1', 20, '950.00', 'm1010361', '220037', 'D-A-0018-UN', NULL),
(418, 'คอมโพสิต Estellite E QUICK A2', 20, '950.00', 'm1010371', '220038', 'D-A-0019-UN', NULL),
(419, 'คอมโพสิต Estellite E QUICK A3', 20, '950.00', 'm1010381', '220039', 'D-A-0020-UN', NULL),
(420, 'คอมโพสิต Estellite E QUICK A3.5', 20, '950.00', 'm1010391', '220040', 'D-A-0021-UN', NULL),
(421, 'ETCHING 50 ML เอชชิ่งอุดฟัน ใหญ่', 20, '550.00', 'm1010401', '220041', 'D-A-0069-DM', NULL),
(422, 'GI IONOSIT (แบบฉีด) Pack/6หลอด', 10, '535.00', 'm1010411', '220042', 'D-A-0073-AC', NULL),
(423, 'เม็ดอมัลกัม Hight-Alloy 1 spill 500 cap แบ่ง', 30, '10.00', 'm1010421', '220043', 'D-A-0057-SD', NULL),
(424, 'KNITTRAX PLAIN # 000 ( Cord No.000 )', 8, '380.00', 'm1010431', '220044', 'D-D-0022-DM', NULL),
(425, 'KNITTRAX PLAIN # 00 ( Cord No.00 )', 8, '380.00', 'm1010441', '220045', 'D-D-0023-DM', NULL),
(426, 'KNITTRAX PLAIN # 0 ( Cord No.0 )', 8, '380.00', 'm1010451', '220046', 'D-D-0024-DM', NULL),
(427, 'MATRIX BAND 0.04*5 mm. (ตลับ)', 4, '100.00', 'm1010461', '220047', 'D-A-0076-DM', NULL),
(428, 'MATRIX BAND 0.04*6 mm. (ตลับ)', 4, '100.00', 'm1010471', '220048', 'D-A-0077-DM', NULL),
(429, 'MATRIX BAND 0.04*7 mm. (ตลับ)', 4, '100.00', 'm1010481', '220049', 'D-A-0078-DM', NULL),
(430, 'MATRIX BAND 0.04 mm. (ตลับ)', 4, '100.00', 'm1010491', '220050', 'D-A-0079-DM', NULL),
(431, 'MATRIX BAND #102 ( ตัวยาว)', 31, '80.00', 'm1010501', '220051', 'D-A-0080-DM', NULL),
(432, 'MATRIX BAND #11 ( Band 2 รู )', 31, '80.00', 'm1010511', '220052', 'D-A-0081-DM', NULL),
(433, 'MATRIX BAND #12 ( Band 2 รู )', 31, '80.00', 'm1010521', '220053', 'D-A-0082-DM', NULL),
(434, 'MATRIX BAND #13 ( Band 2 รู )', 31, '80.00', 'm1010531', '220054', 'D-A-0083-DM', NULL),
(435, 'MATRIX BAND #14 ( Band 3 รู )', 31, '80.00', 'm1010541', '220055', 'D-A-0084-DM', NULL),
(436, 'MATRIX BAND #15 ( Band 3 รู )', 31, '80.00', 'm1010551', '220056', 'D-A-0085-DM', NULL),
(437, 'MATRIX BAND #16 ( Band 3 รู )', 31, '80.00', 'm1010561', '220057', 'D-A-0086-DM', NULL),
(438, 'MATRIX BAND #17 ( Band 3 รู )', 31, '80.00', 'm1010571', '220058', 'D-A-0087-DM', NULL),
(439, 'Maxem (Kerr) NX 3', 20, '1550.00', 'm1010581', '220059', 'D-D-0025-KR', NULL),
(440, 'Mixing tip สีฟ้า', 4, '350.00', 'm1010591', '220060', 'D-D-0026-SH', NULL),
(441, 'TOPICAL GEL PPF ฟลูออไรด์ #องุ่น', 8, '850.00', 'm1010601', '220061', 'D-A-0115-DM', NULL),
(442, 'MYLAR STRIP เซลลูลอยด์ เมทริก', 4, '350.00', 'm1010611', '220062', 'D-A-0102-DM', NULL),
(443, 'PUMICE # ละเอียด', 25, '120.00', 'm1010621', '220063', 'D-A-0117-DM', NULL),
(444, 'Regular Set Life Dycal', 20, '1250.00', 'm1010631', '220064', 'D-A-0123-DK', NULL),
(445, 'CLINPRO Sealant Syring Refill 3M', 20, '963.00', 'm1010641', '220065', 'D-A-0065-3M', NULL),
(446, 'RACESTYPTINE HAEMOSTATIC SOLUTION AGENT Stop bleed', 8, '1340.00', 'm1010651', '220066', 'D-A-0118-AC', NULL),
(447, 'Tallbot', 8, '120.00', 'm1010661', '220067', 'D-A-0133-CU', NULL),
(448, 'T-Band สีเงิน L ( ผู้ใหญ่ )', 31, '120.00', 'm1010671', '220068', 'D-A-0134-DM', NULL),
(449, 'T-Band สีเงิน M', 31, '120.00', 'm1010681', '220069', 'D-A-0135-DM', NULL),
(450, 'T-Band สีเงิน S ( เด็ก )', 31, '120.00', 'm1010691', '220070', 'D-A-0136-DM', NULL),
(451, 'Tetric N-bond refill 1x6 g บอนดิ้งอุดฟัน เหลือง', 8, '650.00', 'm1010701', '220071', 'D-A-0140-VD', NULL),
(452, 'คอมโพสิต Tetric N-Flow A2', 20, '400.00', 'm1010711', '220072', 'D-A-0031-VD', NULL),
(453, 'คอมโพสิต Tetric N-Flow A3', 20, '400.00', 'm1010721', '220073', 'D-A-0032-VD', NULL),
(454, 'คอมโพสิต Tetric N-Flow A3.5', 20, '400.00', 'm1010731', '220074', 'D-A-0033-VD', NULL),
(455, 'UNIMATRIX*Refill L', 31, '880.00', 'm1010741', '220075', 'D-A-0145-DM', NULL),
(456, 'UNIMATRIX*Refill M', 31, '880.00', 'm1010751', '220076', 'D-A-0146-DM', NULL),
(457, 'UNIMATRIX*Refill S', 31, '880.00', 'm1010761', '220077', 'D-A-0147-DM', NULL),
(458, 'VITREBOND น้ำ', 8, '1617.00', 'm1010771', '220078', 'D-A-0149-3M', NULL),
(459, 'Wedge ไม้ #S', 7, '35.00', 'm1010781', '220079', 'D-A-0161-DM', NULL),
(460, 'น้ำยาฟอกสีฟัน Zoom home day', 20, '1070.00', 'm1010791', '220080', 'D-A-0159-AC', NULL),
(461, 'น้ำยาฟอกสีฟัน Zoom home night', 20, '1070.00', 'm1010801', '220081', 'D-A-0160-AC', NULL),
(462, 'OPALESCENT 20% PF Melon refill', 20, '275.00', 'm1010811', '220083', 'D-A-0106-ND', NULL),
(463, 'Micro Applicator Super Fine Size S พู่กันเล็ก', 25, '70.00', 'm1010821', '220084', 'D-A-0090-CM', NULL),
(464, 'Gluma น้ำยาแก้เสียวฟัน', 8, '2640.00', 'm1010831', '220085', 'D-A-0074-TS', NULL),
(465, 'Wedge ไม้ #L', 7, '40.00', 'm1010841', '220087', 'D-A-0162-DM', NULL),
(466, 'Fuji 9 แบบ แคปซูล', 10, '4200.00', 'm1010851', '220088', 'D-A-0072-AC', NULL),
(467, 'ผงแอร์โฟร์ กลิ่น มะนาว', 8, '250.00', 'm1010861', '220089', 'D-A-0048-LC', NULL),
(468, 'Wedge ไม้ M', 7, '40.00', 'm1010871', '220090', 'D-A-0164-DM', NULL),
(469, 'Face shield', 21, '450.00', 'm1010881', '220091', 'D-A-0165-DM', NULL),
(470, 'อะไหล่ แผ่นใส Face shield', 32, '150.00', 'm1010891', '220092', 'D-A-0166-DM', NULL),
(471, 'Mouth miror SE plus กระจกส่องปาก', 23, '350.00', 'm1010901', '220093', 'C-A-0121-DM', NULL),
(472, 'Unimatrix Plier TDV', 22, '1100.00', 'm1010911', '220094', 'D-A-0183-DM', NULL),
(473, 'Unimatrix Clamp TDV', 7, '550.00', 'm1010921', '220095', 'D-A-0187-DM', NULL),
(474, 'Pola Office Bulk Kit ฟอกสีฟัน', 4, '4650.00', 'm1010931', '220096', 'D-A-0189-SH', NULL),
(475, 'เข็มน้ำเกลือ No.25 1\" กล่องส้ม', 4, '85.00', 'm1010941', '220097', 'D-B-0046-SC', NULL),
(476, 'ELASTIC Placers', 1, '400.00', 'm1010951', '720001', 'B-F-0021-CM', NULL),
(477, 'sheet ทำ retainer ใส 1.0 mm', 33, '500.00', 'm1010961', NULL, NULL, NULL),
(478, 'sheet ทำ retainer ใส 1.5 mm', 33, '500.00', 'm1010971', NULL, NULL, NULL),
(479, 'sheet ทำ retainer ใส 2.0 mm', 33, '500.00', 'm1010981', NULL, NULL, NULL),
(480, 'ผงแอร์โฟร์ กลิ่น สตรอเบอรี่', 8, '250.00', 'm1010991', NULL, NULL, NULL),
(481, 'หัวขูดหินปูน Woodpacker Scaler Tip P1', 29, '350.00', 'm1020011', '820001', 'C-A-0025-CM', NULL),
(482, 'หัวขัด Porcelain ชมพู ก้านยาว กรอช้า', 29, '250.00', 'm1020021', '820002', 'E-D-0054-DM', NULL),
(483, 'หัวขัด Porcelain ชมพู ก้านยาว กรอเร็ว', 29, '250.00', 'm1020031', '820003', 'E-D-0055-DM', NULL),
(484, 'JOTA DAIMOND BUR FG858EF/010 คาดเหลืองปลายแหลม', 29, '80.00', 'm1020041', '820004', 'E-A-0058-DV', NULL),
(485, 'หัวขัด Porcelain ชมพู ก้านสั้น กรอช้า', 29, '250.00', 'm1020051', '820005', 'E-D-0056-DM', NULL),
(486, 'หัวขัด Porcelain ชมพู ก้านสั้น กรอเร็ว', 29, '250.00', 'm1020061', '820006', 'E-D-0057-DM', NULL),
(487, 'หัวขัด Porcelain เทา ก้านสั้น กรอช้า', 29, '250.00', 'm1020071', '820007', 'E-D-0060-DM', NULL),
(488, 'ALPHAFLEX RA. #0033 หัวยางแดง ขัดโลหะ', 29, '50.00', 'm1020081', '820008', 'E-D-0009-DM', NULL),
(489, 'ALPHAFLEX RA. #0133 หัวยางเขียว ขัดโลหะ', 29, '50.00', 'm1020091', '820009', 'E-D-0010-DM', NULL),
(490, 'FISSURE CARBIDE ฟิชเชอร์/ช้า/ยาว SCH 31/021 ยกเลิกสั่ง', 29, '80.00', 'm1020101', '820010', 'E-B-0002-DM', NULL),
(491, 'FISSURE CARBIDE ฟิชเชอร์/ช้า/ยาว SCH 33/014', 22, '120.00', 'm1020111', '820011', 'E-B-0003-DM', NULL),
(492, 'Carbide คาดเขียว กรอฟันปลอม 010', 29, '60.00', 'm1020121', '820012', 'E-D-0011-DM', NULL),
(493, 'Carbide คาดเขียว กรอฟันปลอม 012', 29, '60.00', 'm1020131', '820013', 'E-D-0012-DM', NULL),
(494, 'Carbide คาดฟ้า กรอฟันปลอม 012', 29, '60.00', 'm1020141', '820014', 'E-D-0013-DM', NULL),
(495, 'Carbide คาดฟ้า กรอฟันปลอม 014', 29, '60.00', 'm1020151', '820015', 'E-D-0014-DM', NULL),
(496, 'ROUND CARBIDE LONG SHANK กลม/เร็ว/ยาว FG. SCLF 1/014', 22, '120.00', 'm1020161', '820016', 'E-C-0006-DM', NULL),
(497, 'ROUND CARBIDE LONG SHANK กลม/เร็ว/ยาว FG. SCLF 1/016', 22, '120.00', 'm1020171', '820017', 'E-C-0007-DM', NULL),
(498, 'ROUND CARBIDE LONG SHANK กลม/เร็ว/ยาว FG. SCLF 1/021', 22, '120.00', 'm1020181', '820018', 'E-C-0008-DM', NULL),
(499, 'ROUND CARBIDE LONG SHANK กลม/เร็ว/ยาว FG. SCLF 1/18', 29, '110.00', 'm1020191', '820019', 'E-C-0009-DM', NULL),
(500, 'ROUND CARBIDE LONG SHANK กลม/เร็ว/ยาว FG. SCLF 1/23', 29, '110.00', 'm1020201', '820020', 'E-C-0010-DM', NULL),
(501, 'Diamond bur FG858 010 ยกเลิกสั่ง', 29, '105.00', 'm1020211', '820021', 'E-A-0004-DD', NULL),
(502, 'DIAMOND/EDENTA FG 368.023C', 29, '85.00', 'm1020221', '820022', 'E-A-0005-DM', NULL),
(503, 'DIAMOND/EDENTA FG 801.010G', 29, '60.00', 'm1020231', '820023', 'E-A-0007-DM', NULL),
(504, 'DIAMOND/EDENTA FG 801.010S', 29, '60.00', 'm1020241', '820024', 'E-A-0008-DM', NULL),
(505, 'DIAMOND/EDENTA FG 801.012', 29, '70.00', 'm1020251', '820025', 'E-A-0009-DM', NULL),
(506, 'DIAMOND/EDENTA FG 801.012G', 29, '60.00', 'm1020261', '820026', 'E-A-0010-DM', NULL),
(507, 'DIAMOND/EDENTA FG 801.012S', 29, '60.00', 'm1020271', '820027', 'E-A-0011-DM', NULL),
(508, 'DIAMOND/EDENTA FG 801.014', 29, '70.00', 'm1020281', '820028', 'E-A-0012-DM', NULL),
(509, 'DIAMOND/EDENTA FG 801.016', 29, '70.00', 'm1020291', '820029', 'E-A-0014-DM', NULL),
(510, 'DIAMOND/EDENTA FG 801.018', 29, '70.00', 'm1020301', '820030', 'E-A-0015-DM', NULL),
(511, 'DIAMOND/EDENTA FG 801.021', 29, '70.00', 'm1020311', '820031', 'E-A-0016-DM', NULL),
(512, 'DIAMOND/EDENTA FG 835.010 FISSURE', 29, '70.00', 'm1020321', '820032', 'E-A-0018-DM', NULL),
(513, 'DIAMOND/EDENTA FG 835.012 FISSURE', 29, '70.00', 'm1020331', '820033', 'E-A-0020-DM', NULL),
(514, 'DIAMOND/EDENTA FG 835.014 FISSURE', 29, '70.00', 'm1020341', '820034', 'E-A-0021-DM', NULL),
(515, 'DIAMOND/EDENTA FG 835.016 FISSURE', 29, '70.00', 'm1020351', '820035', 'E-A-0022-DM', NULL),
(516, 'DIAMOND/EDENTA FG 835.018 FISSURE', 29, '70.00', 'm1020361', '820036', 'E-A-0023-DM', NULL),
(517, 'JOTA DIAMOND BUR FG862EF/010 คาดเหลืองตอปิโด', 29, '80.00', 'm1020371', '820037', 'E-A-0072-DV', NULL),
(518, 'JOTA DIAMOND BUR FG833F/018 คาดเหลืองรักบี้ปลายมน', 29, '100.00', 'm1020381', '820038', 'E-A-0070-DV', NULL),
(519, 'JOTA DIAMOND BUR FG833F/023 คาดเหลืองรักบี้ปลายมน', 29, '100.00', 'm1020391', '820039', 'E-A-0071-DV', NULL),
(520, 'JOTA DIAMOND BUR FG833EF/016 คาดเหลืองรักบี้ปลายมน', 29, '100.00', 'm1020401', '820040', 'E-A-0067-DV', NULL),
(521, 'JOTA DIAMOND BUR FG833EF/018 คาดเหลืองรักบี้ปลายมน', 29, '100.00', 'm1020411', '820041', 'E-A-0068-DV', NULL),
(522, 'JOTA DIAMOND BUR FG833EF/023 คาดเหลืองรักบี้ปลายมน', 29, '100.00', 'm1020421', '820042', 'E-A-0069-DV', NULL),
(523, 'Enhance', 4, '1124.00', 'm1020431', '820043', 'E-A-0028-DK', NULL),
(524, 'EXA-TECHNIK 0656 ( หัวขัดอะคลิลิก เหลือง )', 29, '80.00', 'm1020441', '820044', 'E-D-0015-DM', NULL),
(525, 'EXA-TECHNIK 0666 ( หัวขัดอะคลิลิก ดำ )', 29, '80.00', 'm1020451', '820045', 'E-D-0016-DM', NULL),
(526, 'EXA-TECHNIK 0676 ( หัวขัดอะคลิลิก เขียว )', 29, '80.00', 'm1020461', '820046', 'E-D-0017-DM', NULL),
(527, 'Green Stone flame กรอเร็ว/ก้านสั้น FGFL257 #PN0104', 34, '580.00', 'm1020471', '820047', 'E-A-0036-AC', NULL);
INSERT INTO `item` (`item_id`, `item_name`, `unit_id`, `price_stock`, `code_item`, `code_1`, `code_2`, `exd_date`) VALUES
(528, 'Green Stone round กรอเร็ว/ก้านสั้น FGRD122 #PN0107', 34, '580.00', 'm1020481', '820048', 'E-A-0038-AC', NULL),
(529, 'INTENSIVE : 19', 29, '210.00', 'm1020491', '820049', 'E-D-0034-BS', NULL),
(530, 'INTENSIVE : 19 A', 29, '240.00', 'm1020501', '820050', 'E-D-0035-BS', NULL),
(531, 'INTENSIVE : D12', 29, '210.00', 'm1020511', '820051', 'E-D-0019-BS', NULL),
(532, 'INTENSIVE : D16', 29, '180.00', 'm1020521', '820052', 'E-D-0020-BS', NULL),
(533, 'INTENSIVE : D2', 29, '180.00', 'm1020531', '820053', 'E-D-0021-BS', NULL),
(534, 'INTENSIVE : D8', 29, '180.00', 'm1020541', '820054', 'E-D-0023-BS', NULL),
(535, 'JOTA CARBIDE BUR C1.HP.016 ROUND', 29, '70.00', 'm1020551', '820055', 'E-B-0006-DV', NULL),
(536, 'JOTA CARBIDE BUR C1.HP.018 ROUND', 29, '70.00', 'm1020561', '820056', 'E-B-0007-DV', NULL),
(537, 'JOTA CARBIDE BUR C1.HP.021 ROUND', 29, '70.00', 'm1020571', '820057', 'E-B-0008-DV', NULL),
(538, 'JOTA CARBIDE BUR C1.HP.023 ROUND', 29, '70.00', 'm1020581', '820058', 'E-B-0009-DV', NULL),
(539, 'JOTA CARBIDE BUR C33.HP.016 FISSURE', 29, '70.00', 'm1020591', '820059', 'E-B-0010-DV', NULL),
(540, 'JOTA CARBIDE BUR C33.HP.018 FISSURE', 29, '70.00', 'm1020601', '820060', 'E-B-0011-DV', NULL),
(541, 'JOTA CARBIDE BUR C33.HP.021 FISSURE', 29, '70.00', 'm1020611', '820061', 'E-B-0012-DV', NULL),
(542, 'JOTA CARBIDE BUR C33.HP.023 FISSURE', 29, '70.00', 'm1020621', '820062', 'E-B-0013-DV', NULL),
(543, 'Micro Applicator Fine Size M พู่กันใหญ่', 25, '70.00', 'm1020631', '820063', 'D-A-0089-CM', NULL),
(544, 'PROPHY BRUSH SOET,NYLON Rubber Brush', 23, '100.00', 'm1020641', '820064', 'D-A-0116-DM', NULL),
(545, 'Rubber Cup พร้อม MENDREL (โหล) มีก้าน', 23, '150.00', 'm1020651', '820065', 'D-A-0124-DM', NULL),
(546, 'DIAMOND/EDENTA FG 835.010S FISSURE', 29, '60.00', 'm1020661', '820066', 'E-A-0019-DM', NULL),
(547, 'DIAMOND/EDENTA FG 835.010G FISSURE', 29, '60.00', 'm1020671', '820067', 'E-A-0045-DM', NULL),
(548, 'JOTA DAIMOND BUR FG801/021 คาดน้ำเงิน', 29, '80.00', 'm1020681', '820068', 'E-A-0082-DV', NULL),
(549, 'JOTA DIAMOND BUR FG862EF/012 คาดเหลืองตอปิโด', 29, '80.00', 'm1020691', '820069', 'E-A-0083-DV', NULL),
(550, 'White Stone flame กรอเร็ว/ก้านสั้น FGFL257 #PN0244', 34, '580.00', 'm1020701', '820070', 'E-A-0079-AC', NULL),
(551, 'White Stone round กรอเร็ว/ก้านสั้น FGRD122 #PN0247', 34, '580.00', 'm1020711', '820071', 'E-A-0081-AC', NULL),
(552, 'SOF. EXTRA THIN COARSE, 1/2', 31, '305.00', 'm1020721', '820072', 'D-A-0125-3M', NULL),
(553, 'SOF. EXTRA THIN FINE,1/2', 31, '305.00', 'm1020731', '820073', 'D-A-0127-3M', NULL),
(554, 'SOF. EXTRA THIN MEDIUM,1/2', 31, '305.00', 'm1020741', '820074', 'D-A-0129-3M', NULL),
(555, 'SOF. EXTRA THIN SUP. FINE,1/2', 31, '305.00', 'm1020751', '820075', 'D-A-0131-3M', NULL),
(556, 'ก้าน POP ON', 19, '180.00', 'm1020761', '820076', 'E-A-0002-DM', NULL),
(557, 'MSG Rubber cup รัพเบอคัพพร้อมก้าน คละสี', 23, '180.00', 'm1020771', '820077', 'D-A-0101-SD', NULL),
(558, 'SOF. EXTRA THIN COARSE, 3/8', 31, '305.00', 'm1020781', '820078', 'D-A-0126-3M', NULL),
(559, 'SOF.EXTRA THIN FINE.3/8', 31, '305.00', 'm1020791', '820079', 'D-A-0128-3M', NULL),
(560, 'SOF.EXTRA THIN MEDIUM, 3/8', 31, '305.00', 'm1020801', '820080', 'D-A-0130-3M', NULL),
(561, 'SOF.EXTRA THIN SUP. FINE3/8', 31, '305.00', 'm1020811', '820081', 'D-A-0132-3M', NULL),
(562, 'CARBIDE LONG SHANK FG. SCLR 1/014', 29, '120.00', 'm1020821', '820082', 'E-C-0001-DM', NULL),
(563, 'CARBIDE LONG SHANK FG. SCLR 1/016', 29, '120.00', 'm1020831', '820083', 'E-C-0002-DM', NULL),
(564, 'CARBIDE LONG SHANK FG. SCLR 1/018', 29, '120.00', 'm1020841', '820084', 'E-C-0003-DM', NULL),
(565, 'DIAMOND/EDENTA FG 801.021C', 29, '80.00', 'm1020851', '820085', 'E-A-0017-DM', NULL),
(566, 'CARBIDE LONG SHANK FG. SCLR 1/023', 29, '120.00', 'm1020861', '820086', 'E-C-0005-DM', NULL),
(567, 'DIAMOND/EDENTA FG 801.014s', 29, '60.00', 'm1020871', '820087', 'E-A-0013-DM', NULL),
(568, 'CARBIDE LONG SHANK FG. SCLR 1/021', 29, '120.00', 'm1020881', '820088', 'E-C-0004-DM', NULL),
(569, 'DIAMOND/EDENTA FG 801.010', 29, '120.00', 'm1020891', '820089', 'E-A-0006-DM', NULL),
(570, 'JOTA DAIMOND BUR FG801/012 คาดน้ำเงิน', 29, '80.00', 'm1020901', '820090', 'E-A-0039-DV', NULL),
(571, 'JOTA DAIMOND BUR FG801/014 คาดน้ำเงิน', 29, '80.00', 'm1020911', '820091', 'E-A-0040-DV', NULL),
(572, 'JOTA DAIMOND BUR FG835/012 คาดน้ำเงิน', 29, '80.00', 'm1020921', '820092', 'E-A-0056-DV', NULL),
(573, 'JOTA DAIMOND BUR FG852G/012 คาดเขียว', 29, '80.00', 'm1020931', '820093', 'E-A-0057-DV', NULL),
(574, 'Green Stone flame กรอช้า/ก้านสั้น CAFL257 #PN0060', 34, '580.00', 'm1020941', '820094', 'E-A-0035-AC', NULL),
(575, 'Green Stone round กรอช้า/ก้านสั้น CARD122 #PN0082', 34, '580.00', 'm1020951', '820095', 'E-A-0037-AC', NULL),
(576, 'White Stone flame กรอช้า/ก้านสั้น CAFL257 #PN0223', 34, '580.00', 'm1020961', '820096', 'E-A-0078-AC', NULL),
(577, 'White Stone round กรอช้า/ก้านสั้น CARD122 #PN0227', 34, '580.00', 'm1020971', '820097', 'E-A-0080-AC', NULL),
(578, 'JOTA DAIMOND BUR FG858EF/012 คาดเหลืองปลายแหลม', 29, '80.00', 'm1020981', '820098', 'E-A-0060-DV', NULL),
(579, 'JOTA DAIMOND BUR FG858EF/014 คาดเหลืองปลายแหลม', 29, '80.00', 'm1020991', '820099', 'E-A-0061-DV', NULL),
(580, 'JOTA DAIMOND BUR FG858EF/016 คาดเหลืองปลายแหลม', 29, '80.00', 'm1021001', '820100', 'E-A-0062-DV', NULL),
(581, 'JOTA DAIMOND BUR FG858EF/018 คาดเหลืองปลายแหลม', 29, '80.00', 'm1021011', '820101', 'E-A-0063-DV', NULL),
(582, 'JOTA DAIMOND BUR FG801/016 คาดน้ำเงิน', 29, '80.00', 'm1021021', '820102', 'E-A-0041-DV', NULL),
(583, 'JOTA DAIMOND BUR FG801/018 คาดน้ำเงิน', 29, '80.00', 'm1021031', '820103', 'E-A-0042-DV', NULL),
(584, 'JOTA DAIMOND BUR FG801/023 คาดน้ำเงิน', 29, '80.00', 'm1021041', '820104', 'E-A-0043-DV', NULL),
(585, 'JOTA DAIMOND BUR FG801EF/012 คาดเหลืองกลม', 29, '80.00', 'm1021051', '820105', 'E-A-0044-DV', NULL),
(586, 'JOTA DAIMOND BUR FG801EF/014 คาดเหลืองกลม', 29, '80.00', 'm1021061', '820106', 'E-A-0045-DV', NULL),
(587, 'JOTA DAIMOND BUR FG801EF/016 คาดเหลืองกลม', 29, '80.00', 'm1021071', '820107', 'E-A-0046-DV', NULL),
(588, 'JOTA DAIMOND BUR FG801EF/018 คาดเหลืองกลม', 29, '80.00', 'm1021081', '820108', 'E-A-0047-DV', NULL),
(589, 'JOTA DAIMOND BUR FG801EF/021 คาดเหลืองกลม', 29, '80.00', 'm1021091', '820109', 'E-A-0049-DV', NULL),
(590, 'JOTA DAIMOND BUR FG801EF/023 คาดเหลืองกลม', 29, '80.00', 'm1021101', '820110', 'E-A-0050-DV', NULL),
(591, 'JOTA DAIMOND BUR FG801F/018 คาดแดงกลม', 29, '100.00', 'm1021111', '820111', 'E-A-0052-DV', NULL),
(592, 'JOTA DAIMOND BUR FG801F/023 คาดแดงกลม', 29, '100.00', 'm1021121', '820112', 'E-A-0054-DV', NULL),
(593, 'JOTA DAIMOND BUR FG858F/010 คาดแดงปลายแหลม', 29, '100.00', 'm1021131', '820113', 'E-A-0064-DV', NULL),
(594, 'JOTA DAIMOND BUR FG859LF/014 คาดแดงปลายแหลมยาว', 29, '100.00', 'm1021141', '820114', 'E-A-0066-DV', NULL),
(595, 'JOTA DAIMOND BUR FG859LEF/014 คาดเหลืองปลายแหลมยาว', 29, '100.00', 'm1021151', '820115', 'E-A-0065-DV', NULL),
(596, 'JOTA DIAMOND BUR FG862EF/014 คาดเหลืองตอปิโด', 29, '100.00', 'm1021161', '820116', 'E-A-0073-DV', NULL),
(597, 'JOTA DIAMOND BUR FG862F/014 คาดแดงตอปิโด', 29, '100.00', 'm1021171', '820117', 'E-A-0074-DV', NULL),
(598, 'JOTA DIAMOND BUR FG890LF/008 คาดแดงแหลมเฉพาะปลาย', 29, '100.00', 'm1021181', '820118', 'E-A-0076-DV', NULL),
(599, 'JOTA DIAMOND BUR FG890LEF/008 คาดเหลืองแหลมเฉพาะปลาย', 29, '100.00', 'm1021191', '820119', 'E-A-0075-DV', NULL),
(600, 'JOTA DAIMOND BUR FG835/014 คาดน้ำเงิน', 29, NULL, 'm1021201', '820120', 'E-A-0085-DV', NULL),
(601, 'JOTA DAIMOND BUR FG835/016 คาดน้ำเงิน', 29, NULL, 'm1021211', '820121', 'E-A-0086-DV', NULL),
(602, 'JOTA DAIMOND BUR FG835/018 คาดน้ำเงิน', 29, NULL, 'm1021221', '820122', 'E-A-0087-DV', NULL),
(603, 'JOTA DIAMOND BUR FG830F/021 คาดแดง', 29, NULL, 'm1021231', '820123', 'E-A-0088-DV', NULL),
(604, 'JOTA DIAMOND BUR FG830EF/018 คาดเหลือง', 29, NULL, 'm1021241', '820124', 'E-A-0090-DV', NULL),
(605, 'JOTA DIAMOND BUR FG830EF/021 คาดเหลือง', 29, NULL, 'm1021251', '820125', 'E-A-0091-DV', NULL),
(606, 'หัวขูดหินปูน G1', 29, '234.00', 'm1021261', '820126', 'C-A-0141-CM', NULL),
(607, 'Diamond disc ก้านยาว 355.190', 22, '550.00', 'm1021271', '820127', 'F-I-0068-DM', NULL),
(608, 'DIAMOND/EDENTA FG 862.010C', 22, '85.00', 'm1021281', '820128', 'E-A-0094-DM', NULL),
(609, 'DIAMOND/EDENTA FG 852.010C', 22, '78.00', 'm1021291', '820129', 'E-A-0095-DM', NULL),
(610, 'DIAMOND/EDENTA FG 852.012C', 22, '78.00', 'm1021301', '820130', 'E-A-0096-DM', NULL),
(611, 'JOTA DAIMOND BAR FG 833.018', 35, '100.00', 'm1021311', '820131', 'E-A-0103-DV', NULL),
(612, 'JOTA VIPER CARBIDE BAR 31R.012', 35, '250.00', 'm1021321', '820132', 'E-A-0104-DV', NULL),
(613, 'JOTA STEEL BUR LONGSHANK 1/010', 29, '40.00', 'm1021331', '820133', 'E-A-0108-DV', NULL),
(614, 'JOTA STEEL BUR LONGSHANK 1/012', 29, '40.00', 'm1021341', '820134', 'E-A-0109-DV', NULL),
(615, 'JOTA STEEL BUR LONGSHANK 1/014', 29, '40.00', 'm1021351', '820135', 'E-A-0110-DV', NULL),
(616, 'JOTA STEEL BUR LONGSHANK 1/016', 29, '40.00', 'm1021361', '820136', 'E-A-0111-DV', NULL),
(617, 'JOTA STEEL BUR LONGSHANK 1/018', 29, '40.00', 'm1021371', '820137', 'E-A-0112-DV', NULL),
(618, 'JOTA DAIMOND BUR FG801/008 คาดน้ำเงิน', 29, '60.00', 'm1021381', '820138', 'E-A-0113-DV', NULL),
(619, 'JOTA DAIMOND BUR FG801/010 คาดน้ำเงิน', 29, '60.00', 'm1021391', '820139', 'E-A-0114-DV', NULL),
(620, 'EXA-TECHNIK 0674 ( หัวขัดอะคลิลิก เขียว )', 22, '80.00', 'm1021401', '820140', 'E-D-0076-DM', NULL),
(621, 'Round Steeel burs .1 016', 22, NULL, 'm1021411', '820141', 'E-A-0115-DM', NULL),
(622, 'Round Steeel burs .3 014', 22, NULL, 'm1021421', '820142', 'E-A-0116-DM', NULL),
(623, 'Round Steeel burs .4 016', 22, NULL, 'm1021431', '820143', 'E-A-0117-DM', NULL),
(624, 'Round Steeel burs .5 018', 22, NULL, 'm1021441', '820144', 'E-A-0118-DM', NULL),
(625, 'DIAMOND/EDENTA FG 835.008 FISSURE', 29, '70.00', 'm1021451', '820145', 'E-A-0119-DM', NULL),
(626, 'White stone FGCN1 #PN0101', 34, '580.00', 'm1021461', '820146', 'E-A-0120-AC', NULL),
(627, 'หัว Tungsten Carbide Cutter cross cut fine #1516', 29, NULL, 'm1021471', '820147', 'E-A-0121-DM', NULL),
(628, 'หัว Tungsten Carbide Cutter cross cut fine #1517', 29, NULL, 'm1021481', '820148', 'E-A-0122-DM', NULL),
(629, 'น้ำยาฟอกสีฟัน ผง (โซเดียมเพอบอเรต)', 25, '200.00', 'm1030011', '520001', 'D-A-0039-CU', NULL),
(630, 'Mouth miror Front Surface top vision Endo', 36, '550.00', 'm1030021', '520002', 'C-A-0070-SH', NULL),
(631, 'Root canal cement ซีเมนต์พิเศษอุดคลองรากฟัน', 25, '250.00', 'm1030031', '520003', 'D-C-0163-CU', NULL),
(632, 'H File no...45-80 25 MM (ชุด)', 4, '358.00', 'm1030041', '520004', 'D-C-0187-DK', NULL),
(633, 'MTA ซีเมนต์พิเศษอุดคลองรากฟัน', 4, '5618.00', 'm1030051', '520005', 'D-C-0154-DK', NULL),
(634, 'น้ำยาล้างคลองรากฟัน (คลอรอก2.5%) 1000 ML.', 8, '100.00', 'm1030061', '520006', 'D-C-0003-CU', NULL),
(635, 'Rubber dam sheet แผ่นยางกันน้ำลาย 6*6', 4, '250.00', 'm1030071', '520007', 'D-C-0185-SH', NULL),
(636, 'Colorinox barbe boarch 21 mm (แดง)', 4, '193.00', 'm1030081', '520008', 'D-C-0022-DK', NULL),
(637, 'Colorinox barbe boarch 21 mm (น้ำเงิน)', 4, '193.00', 'm1030091', '520009', 'D-C-0023-DK', NULL),
(638, 'Colorinox barbe boarch 21 mm (เหลือง)', 4, '193.00', 'm1030101', '520010', 'D-C-0024-DK', NULL),
(639, 'Calcium hydroxide (OH) 2 power', 25, '80.00', 'm1030111', '520011', 'D-C-0004-CU', NULL),
(640, 'Clove oil (โคลฟออย)', 8, '100.00', 'm1030121', '520012', 'D-C-0021-CU', NULL),
(641, 'EDTA', 8, '300.00', 'm1030131', '520013', 'D-C-0025-CU', NULL),
(642, 'Flex-O-File no...015-40 21 MM', 4, '434.00', 'm1030141', '520014', 'D-C-0031-DK', NULL),
(643, 'Flex-O-File no...15-40 25 MM', 4, '434.00', 'm1030151', '520015', 'D-C-0033-DK', NULL),
(644, 'Largo Gates 28MM ASS #1-6 (ชุด) ยกเลิกสั่ง', 4, '546.00', 'm1030161', '520016', 'D-C-0107-DK', NULL),
(645, 'Largo Gates 28MM #4 ยกเลิกสั่ง', 4, '546.00', 'm1030171', '520017', 'D-C-0104-DK', NULL),
(646, 'GLYDE SYAINGES KIT FILE PREP', 21, '1070.00', 'm1030181', '520018', 'D-C-0036-DK', NULL),
(647, 'Gutta Percha Points F', 4, '284.00', 'm1030191', '520019', 'D-C-0058-DK', NULL),
(648, 'Gutta Percha Points FF', 4, '284.00', 'm1030201', '520020', 'D-C-0059-DK', NULL),
(649, 'Gutta Percha Points MF', 4, '284.00', 'm1030211', '520021', 'D-C-0060-DK', NULL),
(650, 'H File no...010 21 MM', 4, '300.00', 'm1030221', '520022', 'D-C-0061-DK', NULL),
(651, 'H File no...15-40 21 MM (ชุด)', 4, '300.00', 'm1030231', '520023', 'D-C-0062-DK', NULL),
(652, 'H File no...15-40 25 MM (ชุด)', 4, '230.00', 'm1030241', '520024', 'D-C-0063-DK', NULL),
(653, 'H File no...45-80 21 MM (ชุด)', 4, '358.00', 'm1030251', '520025', 'D-C-0064-DK', NULL),
(654, 'H File no...8 21 MM', 4, '300.00', 'm1030261', '520026', 'D-C-0065-DK', NULL),
(655, 'IRM CEMENT IVORY (ขวด)', 8, '1712.00', 'm1030271', '520027', 'D-C-0066-DK', NULL),
(656, 'K File M-Access 008 31 MM', 4, '300.00', 'm1030281', '520028', 'D-C-0067-DK', NULL),
(657, 'K File M-Access 010 31 MM', 4, '300.00', 'm1030291', '520029', 'D-C-0068-DK', NULL),
(658, 'K File M-Access 015 31 MM', 4, '300.00', 'm1030301', '520030', 'D-C-0069-DK', NULL),
(659, 'K File M-Access 010 21 MM', 4, '300.00', 'm1030311', '520031', 'D-C-0070-DK', NULL),
(660, 'K File M-Access 010 25 MM', 4, '300.00', 'm1030321', '520032', 'D-C-0071-DK', NULL),
(661, 'K File M-Access 010 21 MM แข็งกว่าปกติใส่คลองรากตีบ', 4, '300.00', 'm1030331', '520033', 'D-C-0072-DK', NULL),
(662, 'K File M-Access 015 21 MM', 4, '300.00', 'm1030341', '520034', 'D-C-0073-DK', NULL),
(663, 'K File M-Access 015 25 MM', 4, '300.00', 'm1030351', '520035', 'D-C-0074-DK', NULL),
(664, 'K File M-Access 015-40 21 MM', 4, '300.00', 'm1030361', '520036', 'D-C-0075-DK', NULL),
(665, 'K File M-Access 015-40 25 MM', 4, '300.00', 'm1030371', '520037', 'D-C-0076-DK', NULL),
(666, 'K File M-Access 015-40 31 MM', 4, '300.00', 'm1030381', '520038', 'D-C-0077-DK', NULL),
(667, 'K ile no...015-40 31 MM (ชุด)', 21, '300.00', 'm1030391', '520039', 'D-C-0086-DK', NULL),
(668, 'K File M-Access 020 21 MM', 4, '300.00', 'm1030401', '520040', 'D-C-0078-DK', NULL),
(669, 'K File M-Access 45-80 21 MM', 4, '358.00', 'm1030411', '520041', 'D-C-0081-DK', NULL),
(670, 'K File M-Access 45-80 25 MM', 4, '358.00', 'm1030421', '520042', 'D-C-0082-DK', NULL),
(671, 'H File no...8 25 MM', 4, '300.00', 'm1030431', '520043', 'D-C--DK', NULL),
(672, 'K File M-Access 45-80 31 MM', 4, '358.00', 'm1030441', '520044', 'D-C-0084-DK', NULL),
(673, 'K File M-Access 008 21 MM', 4, '300.00', 'm1030451', '520045', 'D-C-0079-DK', NULL),
(674, 'K File M-Access 008 25 MM', 4, '300.00', 'm1030461', '520046', 'D-C-0080-DK', NULL),
(675, 'K File M-Access 008 25 MM แข็งกว่าปกติใส่คลองรากตีบ', 4, '300.00', 'm1030471', '520047', 'D-C-0085-DK', NULL),
(676, 'LARGO RA PEESO 32MM ASS 1-6 ยกเลิกสั่ง', 4, '546.00', 'm1030481', '520048', 'D-C-0142-DK', NULL),
(677, 'Gutta Percha No.M-Fine (Lateral cone) Sure-Endo', 4, '284.00', 'm1030491', '520049', 'D-C-0040-SH', NULL),
(678, 'Gutta Percha No.Fine (Lateral cone) Sure-Endo', 4, '284.00', 'm1030501', '520050', 'D-C-0039-SH', NULL),
(679, 'LENTULO #25 L25 (แดง)', 4, '260.00', 'm1030511', '520051', 'D-C-0147-DM', NULL),
(680, 'LENTULO #30 L21 (น้ำเงิน)', 4, '260.00', 'm1030521', '520052', 'D-C-0148-DM', NULL),
(681, 'LENTULO #30 L25 (น้ำเงิน)', 4, '260.00', 'm1030531', '520053', 'D-C-0149-DM', NULL),
(682, 'Lentulo # 3 25mm (เขียว) ยกเลิกสั่ง', 4, '342.00', 'm1030541', '520054', 'D-C-0151-DK', NULL),
(683, 'Lentulo #4 21mm (ดำ) ยกเลิกสั่ง', 4, '342.00', 'm1030551', '520055', 'D-C-0152-DK', NULL),
(684, 'Lentulo #1 21mm (แดง) ยกเลิกสั่ง', 4, '342.00', 'm1030561', '520056', 'D-C-0143-DK', NULL),
(685, 'Lentulo #1 25mm (แดง) ยกเลิกสั่ง', 4, '342.00', 'm1030571', '520057', 'D-C-0144-DK', NULL),
(686, 'Lentulo #2 21mm (น้ำเงิน) ยกเลิกสั่ง', 4, '342.00', 'm1030581', '520058', 'D-C-0145-DK', NULL),
(687, 'Lentulo #2 25mm (น้ำเงิน) ยกเลิกสั่ง', 4, '342.00', 'm1030591', '520059', 'D-C-0146-DK', NULL),
(688, 'Gutta Percha No. 45-80 (Main cone) Sure-Endo', 4, '284.00', 'm1030601', '520060', 'D-C-0038-SH', NULL),
(689, 'Gutta Percha No. 15-40 (Main cone) Sure-Endo', 4, '185.00', 'm1030611', '520061', 'D-C-0037-SH', NULL),
(690, 'paper piont #L', 4, '35.00', 'm1030621', '520062', 'D-C-0155-CU', NULL),
(691, 'paper piont #M', 4, '35.00', 'm1030631', '520063', 'D-C-0156-CU', NULL),
(692, 'paper piont #S', 4, '35.00', 'm1030641', '520064', 'D-C-0157-CU', NULL),
(693, 'Gutta percha point Protaper F1', 4, '642.00', 'm1030651', '520065', 'D-C-0055-DK', NULL),
(694, 'Gutta percha point Protaper F2', 4, '642.00', 'm1030661', '520066', 'D-C-0056-DK', NULL),
(695, 'Gutta percha point Protaper F3', 4, '642.00', 'm1030671', '520067', 'D-C-0057-DK', NULL),
(696, 'K File M-Access 010 25 MM แข็งกว่าปกติใส่คลองรากตีบ', 4, '300.00', 'm1030681', '520068', 'D-C-0188-DK', NULL),
(697, 'K File M-Access 010 31 MM แข็งกว่าปกติใส่คลองรากตีบ', 4, '300.00', 'm1030691', '520069', 'D-C-0189-DK', NULL),
(698, 'K File M-Access 008 21 MM แข็งกว่าปกติใส่คลองรากตีบ', 4, '358.00', 'm1030701', '520070', 'D-C-0190-DK', NULL),
(699, 'K File M-Access 008 31 MM แข็งกว่าปกติใส่คลองรากตีบ', 4, '358.00', 'm1030711', '520071', 'D-C-0191-DK', NULL),
(700, 'H File no...8 31 MM', 4, '300.00', 'm1030721', '520072', 'D-C--DK', NULL),
(701, 'GATE DRILL 32 MM #1-6', 4, '290.00', 'm1030731', '520073', 'D-C-0192-DM', NULL),
(702, 'C File READYSTEEL no...6 18 MM', 4, '375.00', 'm1030741', '520074', 'D-C-0012-DK', NULL),
(703, 'C File READYSTEEL no...8 18 MM', 4, '375.00', 'm1030751', '520075', 'D-C-0015-DK', NULL),
(704, 'C File READYSTEEL no...15 18 MM', 4, '375.00', 'm1030761', '520076', 'D-C-0009-DK', NULL),
(705, 'C File READYSTEEL no...6 21 MM', 4, '375.00', 'm1030771', '520077', 'D-C-0013-DK', NULL),
(706, 'C File READYSTEEL no...8 21 MM', 4, '375.00', 'm1030781', '520078', 'D-C-0016-DK', NULL),
(707, 'C File READYSTEEL no...10 21MM', 4, '375.00', 'm1030791', '520079', 'D-C-0007-DK', NULL),
(708, 'C File READYSTEEL no...15 21 MM', 4, '375.00', 'm1030801', '520080', 'D-C-0010-DK', NULL),
(709, 'C File READYSTEEL no...6 25 MM', 4, '375.00', 'm1030811', '520081', 'D-C-0014-DK', NULL),
(710, 'C File READYSTEEL no...ASSORT 18 MM', 4, '375.00', 'm1030821', '520082', 'D-C-0018-DK', NULL),
(711, 'C File READYSTEEL no...ASSORT 21 MM', 4, '375.00', 'm1030831', '520083', 'D-C-0019-DK', NULL),
(712, 'C File READYSTEEL no...ASSORT 25 MM', 4, '375.00', 'm1030841', '520084', 'D-C-0020-DK', NULL),
(713, 'C File READYSTEEL no...8 25 MM', 4, '375.00', 'm1030851', '520085', 'D-C-0017-DK', NULL),
(714, 'C File READYSTEEL no...10 25 MM', 4, '375.00', 'm1030861', '520086', 'D-C-0008-DK', NULL),
(715, 'C File READYSTEEL no...15 25 MM', 4, '375.00', 'm1030871', '520087', 'D-C-0011-DK', NULL),
(716, 'E-Temp เควิต', 4, '280.00', 'm1030881', '520088', 'D-C-0026-SH', NULL),
(717, 'Uitra cal calcium hydroxide (OH)2 แคลเซียมแบบฉีด', 20, '2580.00', 'm1030891', '520089', 'D-C-0186-ND', NULL),
(718, 'Largo Gates 28MM #1 ยกเลิกสั่ง', 4, '546.00', 'm1030901', '520090', 'D-C-0101-DK', NULL),
(719, 'LARGO PEESO 28MM ASS #1-6 ยกเลิกสั่ง', 4, '546.00', 'm1030911', '520091', 'D-C-0135-DK', NULL),
(720, 'GATE DRILL 21 MM #1', 4, '290.00', 'm1030921', '520092', 'D-C-0193-DM', NULL),
(721, 'GATE DRILL 21 MM #2', 4, '290.00', 'm1030931', '520093', 'D-C-0194-DM', NULL),
(722, 'GATE DRILL 21 MM #3', 4, '290.00', 'm1030941', '520094', 'D-C-0195-DM', NULL),
(723, 'GATE DRILL 21 MM #4', 4, '290.00', 'm1030951', '520095', 'D-C-0196-DM', NULL),
(724, 'GATE DRILL 21 MM #1-6', 4, '340.00', 'm1030961', '520096', 'D-C-0199-DM', NULL),
(725, 'GATE DRILL 25 MM #1', 4, '290.00', 'm1030971', '520097', 'D-C-0200-DM', NULL),
(726, 'GATE DRILL 25 MM #2', 4, '290.00', 'm1030981', '520098', 'D-C-0201-DM', NULL),
(727, 'GATE DRILL 25 MM #3', 4, '290.00', 'm1030991', '520099', 'D-C-0202-DM', NULL),
(728, 'GATE DRILL 25 MM #4', 4, '290.00', 'm1031001', '520100', 'D-C-0203-DM', NULL),
(729, 'GATE DRILL 28 MM #1', 4, '290.00', 'm1031011', '520101', 'D-C-0207-DM', NULL),
(730, 'GATE DRILL 28 MM #2', 4, '290.00', 'm1031021', '520102', 'D-C-0208-DM', NULL),
(731, 'GATE DRILL 28 MM #3', 4, '290.00', 'm1031031', '520103', 'D-C-0209-DM', NULL),
(732, 'GATE DRILL 28 MM #4', 4, '290.00', 'm1031041', '520104', 'D-C-0210-DM', NULL),
(733, 'GATE DRILL 28 MM #5', 4, '290.00', 'm1031051', '520105', 'D-C-0211-DM', NULL),
(734, 'GATE DRILL 28 MM #6', 4, '290.00', 'm1031061', '520106', 'D-C-0212-DM', NULL),
(735, 'GATE DRILL 28 MM #1-6', 4, '290.00', 'm1031071', '520107', 'D-C-0213-DM', NULL),
(736, 'GATE DRILL 32 MM #1', 4, '310.00', 'm1031081', '520108', 'D-C-0214-DM', NULL),
(737, 'GATE DRILL 32 MM #2', 4, '310.00', 'm1031091', '520109', 'D-C-0215-DM', NULL),
(738, 'GATE DRILL 32 MM #3', 4, '310.00', 'm1031101', '520110', 'D-C-0216-DM', NULL),
(739, 'GATE DRILL 32 MM #4', 4, '310.00', 'm1031111', '520111', 'D-C-0217-DM', NULL),
(740, 'GATE DRILL 32 MM #5', 4, '310.00', 'm1031121', '520112', 'D-C-0218-DM', NULL),
(741, 'GATE DRILL 32 MM #6', 4, '310.00', 'm1031131', '520113', 'D-C-0219-DM', NULL),
(742, 'Peper Point #L', 4, '35.00', 'm1031141', '520114', 'D-C-0221-DM', NULL),
(743, 'RC-Prep ครีมรองพื้นคลองรากฟัน', 4, '600.00', 'm1031151', '520115', 'D-C-0250-PL', NULL),
(744, 'super chain S สีเขียว', 14, '803.00', 'm1040011', '320002', 'F-I-0051-OL', NULL),
(745, 'Tube #6 0.22 ROTH T28', 35, '380.00', 'm1040021', '320003', 'F-B-0039-WH', NULL),
(746, 'TLTF162224 SS T-loop 016x22 26 MM', 4, '800.00', 'm1040031', '320004', 'F-I-0052-OB', NULL),
(747, 'Porcelain ETCH', 20, '1100.00', 'm1040041', '320005', 'D-D-0034-ND', NULL),
(748, 'Optragate assortment ( กล่อง 80 ชิ้น )', 19, '62.00', 'm1040051', '320006', 'D-A-0110-VD', NULL),
(749, 'OptraGate Regulr ( กล่อง 80 ชิ้น )', 19, '62.00', 'm1040061', '320007', 'D-A-0111-VD', NULL),
(750, 'OptraGate Small ( กล่อง 80 ชิ้น )', 19, '62.00', 'm1040071', '320008', 'D-A-0112-VD', NULL),
(751, 'TLTF162224 SS T-loop 016x22 28 MM', 4, '800.00', 'm1040081', '320009', 'F-I-0053-OB', NULL),
(752, 'Chain LT red', 14, '320.00', 'm1040091', '320010', 'F-E-0003-PF', NULL),
(753, 'Chain LT Burgundy', 14, '320.00', 'm1040101', '320011', 'F-E-0006-PF', NULL),
(754, 'Chain LT Neon Pink', 14, '320.00', 'm1040111', '320012', 'F-E-0011-PF', NULL),
(755, 'Chain LT Light pink', 14, '320.00', 'm1040121', '320013', 'F-E-0013-PF', NULL),
(756, 'Chain LT orange', 14, '320.00', 'm1040131', '320014', 'F-E-0016-PF', NULL),
(757, 'Chain LT Neon Green', 14, '320.00', 'm1040141', '320015', 'F-E-0024-PF', NULL),
(758, 'Chain LT Light Green', 14, '320.00', 'm1040151', '320016', 'F-E-0026-PF', NULL),
(759, 'Chain LT Green', 14, '320.00', 'm1040161', '320017', 'F-E-0037-PF', NULL),
(760, 'Chain LT Teal', 14, '320.00', 'm1040171', '320018', 'F-E-0040-PF', NULL),
(761, 'Chain LT Periwinkle', 14, '320.00', 'm1040181', '320019', 'F-E-0048-PF', NULL),
(762, 'Chain LT Neon Blue', 14, '320.00', 'm1040191', '320020', 'F-E-0041-PF', NULL),
(763, 'Chain LT Metallic Blue', 14, '320.00', 'm1040201', '320021', 'F-E-0052-PF', NULL),
(764, 'Chain LT Blue', 14, '320.00', 'm1040211', '320022', 'F-E-0054-PF', NULL),
(765, 'Chain LT Grape', 14, '320.00', 'm1040221', '320023', 'F-E-0057-PF', NULL),
(766, 'Chain LT Purple', 14, '320.00', 'm1040231', '320024', 'F-E-0060-PF', NULL),
(767, 'Chain LT silver', 14, '320.00', 'm1040241', '320025', 'F-E-0068-PF', NULL),
(768, 'Chain LT Gray', 14, '320.00', 'm1040251', '320026', 'F-E-0069-PF', NULL),
(769, 'Chain LT Rasberry', 14, '320.00', 'm1040261', '320027', 'F-E-0073-PF', NULL),
(770, 'Chain metalic red', 14, '342.00', 'm1040271', '320028', 'F-E-0001-OL', NULL),
(771, 'Chain Fire Red', 14, '342.00', 'm1040281', '320029', 'F-E-0002-OL', NULL),
(772, 'Chain red', 14, '342.00', 'm1040291', '320030', 'F-E-0004-OL', NULL),
(773, 'Chain maroon', 14, '342.00', 'm1040301', '320031', 'F-E-0005-OL', NULL),
(774, 'Chain jelly red', 14, '342.00', 'm1040311', '320032', 'F-E-0007-OL', NULL),
(775, 'Chain flu red *ขาดสต็อคชั่วคราว*', 14, '342.00', 'm1040321', '320033', 'F-E-0008-OL', NULL),
(776, 'Chain fusia', 14, '342.00', 'm1040331', '320034', 'F-E-0009-OL', NULL),
(777, 'Chain Fluorescent pink', 14, '342.00', 'm1040341', '320035', 'F-E-0010-OL', NULL),
(778, 'Chain hot pink', 14, '342.00', 'm1040351', '320036', 'F-E-0012-OL', NULL),
(779, 'Chain Light pink', 14, '342.00', 'm1040361', '320037', 'F-E-0014-OL', NULL),
(780, 'Chain Glow red', 14, '342.00', 'm1040371', '320038', 'F-E-0015-OL', NULL),
(781, 'Chain Orange', 14, '342.00', 'm1040381', '320039', 'F-E-0017-OL', NULL),
(782, 'Chain Glow orange', 14, '342.00', 'm1040391', '320040', 'F-E-0018-OL', NULL),
(783, 'Chain Yellow', 14, '342.00', 'm1040401', '320041', 'F-E-0019-OL', NULL),
(784, 'Chain Fluorescent Yellow *ขาดสต็อคชั่วคราว*', 14, '342.00', 'm1040411', '320042', 'F-E-0021-OL', NULL),
(785, 'Chain Fluorescent Green', 14, '342.00', 'm1040421', '320043', 'F-E-0022-OL', NULL),
(786, 'Chain Glow Green', 14, '342.00', 'm1040431', '320044', 'F-E-0023-OL', NULL),
(787, 'Chain Pearl Green', 14, '342.00', 'm1040441', '320045', 'F-E-0025-OL', NULL),
(788, 'Chain Light Green', 14, '342.00', 'm1040451', '320046', 'F-E-0027-OL', NULL),
(789, 'Chain Spring Green', 14, '342.00', 'm1040461', '320047', 'F-E-0028-OL', NULL),
(790, 'Chain Metallic Green', 14, '342.00', 'm1040471', '320048', 'F-E-0029-OL', NULL),
(791, 'Chain Green', 14, '342.00', 'm1040481', '320049', 'F-E-0030-OL', NULL),
(792, 'Chain Aquamarine', 14, '342.00', 'm1040491', '320050', 'F-E-0031-OL', NULL),
(793, 'Chain Emerald Green', 14, '342.00', 'm1040501', '320051', 'F-E-0032-OL', NULL),
(794, 'Chain Jade jewel', 14, '342.00', 'm1040511', '320052', 'F-E-0033-OL', NULL),
(795, 'Chain Metal Ocean Green', 14, '342.00', 'm1040521', '320053', 'F-E-0034-OL', NULL),
(796, 'Chain Teal', 14, '342.00', 'm1040531', '320054', 'F-E-0035-OL', NULL),
(797, 'Chain Jelly Green', 14, '342.00', 'm1040541', '320055', 'F-E-0036-OL', NULL),
(798, 'Chain Green', 14, '342.00', 'm1040551', '320056', 'F-E-0038-OL', NULL),
(799, 'Chain Turquoise', 14, '342.00', 'm1040561', '320057', 'F-E-0039-OL', NULL),
(800, 'Chain Jelly Blue *ขาดสต็อคชั่วคราว*', 14, '342.00', 'm1040571', '320058', 'F-E-0042-OL', NULL),
(801, 'Chain Sky Blue', 14, '342.00', 'm1040581', '320059', 'F-E-0043-OL', NULL),
(802, 'Chain Glow Blue', 14, '342.00', 'm1040591', '320060', 'F-E-0044-OL', NULL),
(803, 'Chain Cobalt Blue', 14, '342.00', 'm1040601', '320061', 'F-E-0045-OL', NULL),
(804, 'Chain Sapphire jewel', 14, '342.00', 'm1040611', '320062', 'F-E-0046-OL', NULL),
(805, 'Chain Pearl Blue', 14, '342.00', 'm1040621', '320063', 'F-E-0047-OL', NULL),
(806, 'Chain Light Blue', 14, '342.00', 'm1040631', '320064', 'F-E-0049-OL', NULL),
(807, 'Chain Navy Blue', 14, '342.00', 'm1040641', '320065', 'F-E-0050-OL', NULL),
(808, 'Chain Metallic Blue', 14, '342.00', 'm1040651', '320066', 'F-E-0051-OL', NULL),
(809, 'Chain Blue', 14, '342.00', 'm1040661', '320067', 'F-E-0053-OL', NULL),
(810, 'Chain Jelly plum *ขาดสต็อคชั่วคราว*', 14, '342.00', 'm1040671', '320068', 'F-E-0055-OL', NULL),
(811, 'Chain Violet', 14, '342.00', 'm1040681', '320069', 'F-E-0056-OL', NULL),
(812, 'Chain Orchid Purple', 14, '342.00', 'm1040691', '320070', 'F-E-0058-OL', NULL),
(813, 'Chain Glow Purple *ยกเลิกผลิต*', 14, '342.00', 'm1040701', '320071', 'F-E-0059-OL', NULL),
(814, 'Chain Metallic Purple', 14, '342.00', 'm1040711', '320072', 'F-E-0061-OL', NULL),
(815, 'Chain Amethyst jewel', 14, '320.00', 'm1040721', '320073', 'F-E-0062-OB', NULL),
(816, 'Chain Purple', 14, '342.00', 'm1040731', '320074', 'F-E-0063-OL', NULL),
(817, 'Chain Metallic Copper *ขาดสต็อคชั่วคราว*', 14, '342.00', 'm1040741', '320075', 'F-E-0065-OL', NULL),
(818, 'Chain Black', 14, '342.00', 'm1040751', '320076', 'F-E-0066-OL', NULL),
(819, 'Chain Silver', 14, '342.00', 'm1040761', '320077', 'F-E-0067-OL', NULL),
(820, 'Chain White', 14, '342.00', 'm1040771', '320078', 'F-E-0070-OL', NULL),
(821, 'Chain Pearl White', 14, '342.00', 'm1040781', '320079', 'F-E-0071-OL', NULL),
(822, 'Chain Clear', 14, '342.00', 'm1040791', '320080', 'F-E-0072-OL', NULL),
(823, 'Chain LT Carolina Blue', 14, '320.00', 'm1040801', '320081', 'F-E-0074-PF', NULL),
(824, 'O-Ring LT red', 31, '320.00', 'm1040811', '320082', 'F-D-0003-PF', NULL),
(825, 'O-Ring LT Burgundy', 31, '320.00', 'm1040821', '320083', 'F-D-0006-PF', NULL),
(826, 'O-Ring LT Neon Pink', 31, '320.00', 'm1040831', '320084', 'F-D-0011-PF', NULL),
(827, 'O-Ring LT Light pink', 31, '320.00', 'm1040841', '320085', 'F-D-0013-PF', NULL),
(828, 'O-Ring LT orange', 31, '320.00', 'm1040851', '320086', 'F-D-0016-PF', NULL),
(829, 'O-Ring LT Neon Green', 31, '320.00', 'm1040861', '320087', 'F-D-0024-PF', NULL),
(830, 'O-Ring LT Light Green', 31, '320.00', 'm1040871', '320088', 'F-D-0026-PF', NULL),
(831, 'O-Ring Dark Green', 31, '342.00', 'm1040881', '320089', 'F-D-0037-OL', NULL),
(832, 'O-Ring LT Teal', 31, '320.00', 'm1040891', '320090', 'F-D-0040-PF', NULL),
(833, 'O-Ring LT Periwinkle', 31, '320.00', 'm1040901', '320091', 'F-D-0048-PF', NULL),
(834, 'O-Ring LT Neon Blue', 31, '320.00', 'm1040911', '320092', 'F-D-0041-PF', NULL),
(835, 'O-Ring LT Metallic Blue', 31, '320.00', 'm1040921', '320093', 'F-D-0052-PF', NULL),
(836, 'O-Ring LT Blue', 31, '320.00', 'm1040931', '320094', 'F-D-0054-PF', NULL),
(837, 'O-Ring LT Grape', 31, '320.00', 'm1040941', '320095', 'F-D-0057-PF', NULL),
(838, 'O-Ring LT Purple', 31, '320.00', 'm1040951', '320096', 'F-D-0060-PF', NULL),
(839, 'O-Ring LT silver', 31, '320.00', 'm1040961', '320097', 'F-D-0068-PF', NULL),
(840, 'O-Ring LT Gray', 31, '320.00', 'm1040971', '320098', 'F-D-0069-PF', NULL),
(841, 'O-Ring LT Rasberry', 31, '320.00', 'm1040981', '320099', 'F-D-0073-PF', NULL),
(842, 'O-Ring metalic red', 31, '342.00', 'm1040991', '320100', 'F-D-0001-OL', NULL),
(843, 'O-Ring Fire Red', 31, '342.00', 'm1041001', '320101', 'F-D-0002-OL', NULL),
(844, 'O-Ring red', 31, '342.00', 'm1041011', '320102', 'F-D-0004-OL', NULL),
(845, 'O-Ring Maroon', 31, '342.00', 'm1041021', '320103', 'F-D-0005-OL', NULL),
(846, 'O-Ring jelly red', 31, '342.00', 'm1041031', '320104', 'F-D-0007-OL', NULL),
(847, 'O-Ring flu red *ขาดสต็อคชั่วคราว*', 31, '342.00', 'm1041041', '320105', 'F-D-0008-OL', NULL),
(848, 'O-Ring fusia', 31, '342.00', 'm1041051', '320106', 'F-D-0009-OL', NULL),
(849, 'O-Ring flu pink', 31, '342.00', 'm1041061', '320107', 'F-D-0010-OL', NULL),
(850, 'O-Ring hot pink *ขาดสต็อคชั่วตราว*', 31, '342.00', 'm1041071', '320108', 'F-D-0012-OL', NULL),
(851, 'O-Ring light pink', 31, '342.00', 'm1041081', '320109', 'F-D-0014-OL', NULL),
(852, 'O-Ring Glow red', 31, '342.00', 'm1041091', '320110', 'F-D-0015-OL', NULL),
(853, 'O-Ring Orange', 31, '342.00', 'm1041101', '320111', 'F-D-0017-OL', NULL),
(854, 'O-Ring Glow orange', 31, '342.00', 'm1041111', '320112', 'F-D-0018-OL', NULL),
(855, 'O-Ring Yellow', 31, '342.00', 'm1041121', '320113', 'F-D-0019-OL', NULL),
(856, 'O-Ring Fluorescent Yellow', 31, '342.00', 'm1041131', '320114', 'F-D-0021-OL', NULL),
(857, 'O-Ring Fluorescent Green', 31, '342.00', 'm1041141', '320115', 'F-D-0022-OL', NULL),
(858, 'O-Ring Glow Green', 31, '342.00', 'm1041151', '320116', 'F-D-0023-OL', NULL),
(859, 'O-Ring Pearl Green', 31, '342.00', 'm1041161', '320117', 'F-D-0025-OL', NULL),
(860, 'O-Ring Light Green', 31, '342.00', 'm1041171', '320118', 'F-D-0027-OL', NULL),
(861, 'O-Ring Spring Green', 31, '342.00', 'm1041181', '320119', 'F-D-0028-OL', NULL),
(862, 'O-Ring Metallic Green', 31, '342.00', 'm1041191', '320120', 'F-D-0029-OL', NULL),
(863, 'O-Ring Green', 31, '342.00', 'm1041201', '320121', 'F-D-0030-OL', NULL),
(864, 'O-Ring Aquamarine', 31, '342.00', 'm1041211', '320122', 'F-D-0031-OL', NULL),
(865, 'O-Ring Emerald Green', 31, '342.00', 'm1041221', '320123', 'F-D-0032-OL', NULL),
(866, 'O-Ring Jade jewel', 31, '342.00', 'm1041231', '320124', 'F-D-0033-OL', NULL),
(867, 'O-Ring Metal Ocean Green', 31, '342.00', 'm1041241', '320125', 'F-D-0034-OL', NULL),
(868, 'O-Ring Teal *ขาดสต็อคชั่วคราว*', 31, '342.00', 'm1041251', '320126', 'F-D-0035-OL', NULL),
(869, 'O-Ring Jelly Green *ขาดสต็อคชั่วคราว*', 31, '342.00', 'm1041261', '320127', 'F-D-0036-OL', NULL),
(870, 'O-Ring Green', 31, '342.00', 'm1041271', '320128', 'F-D-0038-OL', NULL),
(871, 'O-Ring Turquoise', 31, '342.00', 'm1041281', '320129', 'F-D-0039-OL', NULL),
(872, 'O-Ring Jelly Blue', 31, '342.00', 'm1041291', '320130', 'F-D-0042-OL', NULL),
(873, 'O-Ring Sky Blue', 31, '342.00', 'm1041301', '320131', 'F-D-0043-OL', NULL),
(874, 'O-Ring Glow Blue', 31, '342.00', 'm1041311', '320132', 'F-D-0044-OL', NULL),
(875, 'O-Ring Cobalt Blue', 31, '342.00', 'm1041321', '320133', 'F-D-0045-OL', NULL),
(876, 'O-Ring Sapphire jewel', 31, '342.00', 'm1041331', '320134', 'F-D-0046-OL', NULL),
(877, 'O-Ring Pearl Blue', 31, '342.00', 'm1041341', '320135', 'F-D-0047-OL', NULL),
(878, 'O-Ring Light Blue', 31, '342.00', 'm1041351', '320136', 'F-D-0049-OL', NULL),
(879, 'O-Ring Navy Blue', 31, '342.00', 'm1041361', '320137', 'F-D-0050-OL', NULL),
(880, 'O-Ring Metallic Blue', 31, '342.00', 'm1041371', '320138', 'F-D-0051-OL', NULL),
(881, 'O-Ring Blue', 31, '342.00', 'm1041381', '320139', 'F-D-0053-OL', NULL),
(882, 'O-Ring Jelly plum *ขาดสต็อคชั่วคราว*', 31, '342.00', 'm1041391', '320140', 'F-D-0055-OL', NULL),
(883, 'O-Ring Violet *ขาดสต็อคชั่วคราว*', 31, '342.00', 'm1041401', '320141', 'F-D-0056-OL', NULL),
(884, 'O-Ring Orchid Purple', 31, '342.00', 'm1041411', '320142', 'F-D-0058-OL', NULL),
(885, 'O-Ring Glow Purple ยกเลิกผลิต', 31, '342.00', 'm1041421', '320143', 'F-D-0059-OL', NULL),
(886, 'O-Ring Metallic Purple', 31, '342.00', 'm1041431', '320144', 'F-D-0061-OL', NULL),
(887, 'O-Ring Amethyst jewel', 31, '320.00', 'm1041441', '320145', 'F-D-0062-OB', NULL),
(888, 'O-Ring Purple', 31, '342.00', 'm1041451', '320146', 'F-D-0063-OL', NULL),
(889, 'O-Ring Metallic Copper', 31, '342.00', 'm1041461', '320147', 'F-D-0065-OL', NULL),
(890, 'O-Ring Black', 31, '342.00', 'm1041471', '320148', 'F-D-0066-OL', NULL),
(891, 'O-Ring Silver', 31, '342.00', 'm1041481', '320149', 'F-D-0067-OL', NULL),
(892, 'O-Ring White', 31, '342.00', 'm1041491', '320150', 'F-D-0070-OL', NULL),
(893, 'O-Ring Pearl Whte', 31, '342.00', 'm1041501', '320151', 'F-D-0071-OL', NULL),
(894, 'O-Ring Clear', 31, '342.00', 'm1041511', '320152', 'F-D-0072-OL', NULL),
(895, 'O-Ring LT Carolina Blue', 31, '320.00', 'm1041521', '320153', 'F-D-0074-PF', NULL),
(896, 'TLTF162224 SS T-loop 016x22 30MM', 4, '800.00', 'm1041531', '320154', 'F-I-0054-OB', NULL),
(897, 'น้ำมันหล่อลื่นเครื่องมือ', 8, '650.00', 'm1041541', '320155', 'F-I-0005-OB', NULL),
(898, 'ลวด 0.12 NITI Lower', 37, '70.00', 'm1041551', '320156', 'F-C-0001-WH', NULL),
(899, 'ลวด 0.12 NITI Upper', 37, '70.00', 'm1041561', '320157', 'F-C-0003-WH', NULL),
(900, 'ลวด 0.12 SS Lower', 37, '60.00', 'm1041571', '320158', 'F-C-0004-WH', NULL),
(901, 'ลวด 0.12 SS Upper', 37, '60.00', 'm1041581', '320159', 'F-C-0006-WH', NULL),
(902, 'ลวด 0.14 NITI Lower', 37, '70.00', 'm1041591', '320160', 'F-C-0009-WH', NULL),
(903, 'ลวด 0.14 NITI Upper', 37, '70.00', 'm1041601', '320161', 'F-C-0011-WH', NULL),
(904, 'ลวด 0.14 SS Lower', 37, '60.00', 'm1041611', '320162', 'F-C-0012-WH', NULL),
(905, 'ลวด 0.14 SS Upper', 37, '60.00', 'm1041621', '320163', 'F-C-0014-WH', NULL),
(906, 'ลวด 0.16*0.16 NITI Lower', 37, '100.00', 'm1041631', '320164', 'F-C-0017-WH', NULL),
(907, 'ลวด 0.16*0.16 NITI Upper', 37, '100.00', 'm1041641', '320165', 'F-C-0019-WH', NULL),
(908, 'ลวด 0.16*0.16 SS Lower', 37, '90.00', 'm1041651', '320166', 'F-C-0020-WH', NULL),
(909, 'ลวด 0.16*0.16 SS Upper', 37, '90.00', 'm1041661', '320167', 'F-C-0022-WH', NULL),
(910, 'ลวด 0.16*0.22 NITI Lower', 37, '100.00', 'm1041671', '320168', 'F-C-0023-WH', NULL),
(911, 'ลวด 0.16*0.22 NITI Upper', 37, '100.00', 'm1041681', '320169', 'F-C-0025-WH', NULL),
(912, 'ลวด 0.16*0.22 SS Lower', 37, '90.00', 'm1041691', '320170', 'F-C-0026-WH', NULL),
(913, 'ลวด 0.16*0.22 SS Upper', 37, '90.00', 'm1041701', '320171', 'F-C-0028-WH', NULL),
(914, 'ลวด 0.16 NITI Lower', 37, '70.00', 'm1041711', '320172', 'F-C-0029-WH', NULL),
(915, 'ลวด 0.16 NITI Upper', 37, '70.00', 'm1041721', '320173', 'F-C-0031-WH', NULL),
(916, 'ลวด 0.16 SS Lower', 37, '60.00', 'm1041731', '320174', 'F-C-0032-WH', NULL),
(917, 'ลวด 0.16 SS Upper', 37, '60.00', 'm1041741', '320175', 'F-C-0034-WH', NULL),
(918, 'ลวด 0.17*0.25 NITI Lower', 37, '100.00', 'm1041751', '320176', 'F-C-0035-WH', NULL),
(919, 'ลวด 0.17*0.25 NITI Upper', 37, '100.00', 'm1041761', '320177', 'F-C-0037-WH', NULL),
(920, 'ลวด 0.17*0.25 SS Lower', 37, '90.00', 'm1041771', '320178', 'F-C-0038-WH', NULL),
(921, 'ลวด 0.17*0.25 SS Upper', 37, '90.00', 'm1041781', '320179', 'F-C-0040-WH', NULL),
(922, 'ลวด 0.18*0.25 NITI Lower', 37, '100.00', 'm1041791', '320180', 'F-C-0041-WH', NULL),
(923, 'ลวด 0.18*0.25 NITI Upper', 37, '100.00', 'm1041801', '320181', 'F-C-0043-WH', NULL),
(924, 'ลวด 0.18*0.25 SS Lower', 37, '90.00', 'm1041811', '320182', 'F-C-0044-WH', NULL),
(925, 'ลวด 0.18*0.25 SS Upper', 37, '90.00', 'm1041821', '320183', 'F-C-0046-WH', NULL),
(926, 'ลวด 0.18 NITI Lower', 37, '70.00', 'm1041831', '320184', 'F-C-0047-WH', NULL),
(927, 'ลวด 0.18 NITI Upper', 37, '70.00', 'm1041841', '320185', 'F-C-0049-WH', NULL),
(928, 'ลวด 0.18 SS Lower', 37, '60.00', 'm1041851', '320186', 'F-C-0050-WH', NULL),
(929, 'ลวด 0.18 SS Upper', 37, '60.00', 'm1041861', '320187', 'F-C-0052-WH', NULL),
(930, 'ลวด Damon Copper NITI .018', 38, '400.00', 'm1041871', '320188', 'F-C-0075-AO', NULL),
(931, 'Bracket Molar #6 0.22 standard T4', 35, '400.00', 'm1041881', '320189', 'F-A-0056-WH', NULL),
(932, 'ลวด 0.19*0.25 NITI Lower', 37, '100.00', 'm1041891', '320190', 'F-C-0053-WH', NULL),
(933, 'ลวด 0.19*0.25 NITI Upper', 37, '100.00', 'm1041901', '320191', 'F-C-0054-WH', NULL),
(934, 'ลวด 0.19*0.25 SS Lower', 37, '90.00', 'm1041911', '320192', 'F-C-0055-WH', NULL),
(935, 'ลวด 0.19*0.25 SS Upper', 37, '90.00', 'm1041921', '320193', 'F-C-0057-WH', NULL),
(936, 'JOTA DIAMOND BUR FG830F/018 คาดแดง', 29, '100.00', 'm1041931', '320194', 'E-A-0084-DV', NULL),
(937, 'ลวด 0.20 NITI Lower', 37, '70.00', 'm1041941', '320195', 'F-C-0058-WH', NULL),
(938, 'ลวด 0.20 NITI Upper', 37, '70.00', 'm1041951', '320196', 'F-C-0060-WH', NULL),
(939, 'ลวด 0.20 SS Lower', 37, '100.00', 'm1041961', '320197', 'F-C-0061-WH', NULL),
(940, 'ลวด 0.20 SS Upper', 37, '60.00', 'm1041971', '320198', 'F-C-0063-WH', NULL),
(941, 'ลวด Damon Copper NITI .013', 39, '400.00', 'm1041981', '320199', 'F-C-0093-AO', NULL),
(942, 'MINI Screw SS Bioray A-1P 1.5*8 mm.', 22, '1200.00', 'm1041991', '320200', 'F-F-0048-AO', NULL),
(943, 'ลวดพิเศษ AOS 0.012', 4, '900.00', 'm1042001', '320201', 'F-C-0064-AS', NULL),
(944, 'ลวดพิเศษ AOS 0.014', 4, '900.00', 'm1042011', '320202', 'F-C-0065-AS', NULL),
(945, 'ลวดพิเศษ AOS 0.014*0.25', 4, '1260.00', 'm1042021', '320203', 'F-C-0066-AS', NULL),
(946, 'ลวดพิเศษ AOS 0.016', 4, '900.00', 'm1042031', '320204', 'F-C-0067-AS', NULL),
(947, 'ลวดพิเศษ AOS 0.016*0.25', 4, '1260.00', 'm1042041', '320205', 'F-C-0068-AS', NULL),
(948, 'ลวด Damon Copper NITI .014', 39, '400.00', 'm1042051', '320206', 'F-C-0070-AO', NULL),
(949, 'ลวด Damon Copper NITI .014*025', 39, '400.00', 'm1042061', '320207', 'F-C-0071-AO', NULL),
(950, 'ลวด Damon Copper NITI .016', 39, '400.00', 'm1042071', '320208', 'F-C-0072-AO', NULL),
(951, 'ลวด Damon Copper NITI .016*025', 39, '400.00', 'm1042081', '320209', 'F-C-0073-AO', NULL),
(952, 'ลวด Damon TMA 017*025', 39, '400.00', 'm1042091', '320210', 'F-C-0074-AO', NULL),
(953, 'ลวด Damon Copper NITI .018*025', 39, '400.00', 'm1042101', '320211', 'F-C-0076-AO', NULL),
(954, 'ลวด Damon TMA .019*025', 39, '400.00', 'm1042111', '320212', 'F-C-0077-AO', NULL),
(955, 'ลวด NITI Reverse 16*16 Lower', 37, '350.00', 'm1042121', '320213', 'F-C-0086-WH', NULL),
(956, 'ลวด NITI Reverse 16*16 Upper', 37, '350.00', 'm1042131', '320214', 'F-C-0087-WH', NULL),
(957, 'ลวด NITI Reverse 16*22 Lower', 37, '350.00', 'm1042141', '320215', 'F-C-0088-WH', NULL),
(958, 'ลวด NITI Reverse 16*22 Upper', 37, '350.00', 'm1042151', '320216', 'F-C-0089-WH', NULL),
(959, 'Band 0.22 6 Con.v. LL 34', 22, '75.00', 'm1042161', '320217', 'F-G-0003-ID', NULL),
(960, 'Band 0.22 6 Con.v. LL 34+', 22, '75.00', 'm1042171', '320218', 'F-G-0004-ID', NULL),
(961, 'Band 0.22 6 Con.v. LL 35', 22, '75.00', 'm1042181', '320219', 'F-G-0005-ID', NULL),
(962, 'Band 0.22 6 Con.v. LL 35+', 22, '75.00', 'm1042191', '320220', 'F-G-0006-ID', NULL),
(963, 'Band 0.22 6 Con.v. LL 36', 22, '75.00', 'm1042201', '320221', 'F-G-0007-ID', NULL),
(964, 'Band 0.22 6 Con.v. LL 36+', 22, '65.00', 'm1042211', '320222', 'F-G-0008-ID', NULL),
(965, 'Band 0.22 6 Con.v. LL 37', 22, '75.00', 'm1042221', '320223', 'F-G-0009-ID', NULL),
(966, 'Band 0.22 6 Con.v. LL 37+', 22, '75.00', 'm1042231', '320224', 'F-G-0010-ID', NULL),
(967, 'Band 0.22 6 Con.v. LL 38', 22, '65.00', 'm1042241', '320225', 'F-G-0011-ID', NULL),
(968, 'Band 0.22 6 Con.v. LL 38+', 22, '75.00', 'm1042251', '320226', 'F-G-0012-ID', NULL),
(969, 'Band 0.22 6 Con.v. LL 39', 22, '75.00', 'm1042261', '320227', 'F-G-0013-ID', NULL),
(970, 'Band 0.22 6 Con.v. LL 39+', 22, '75.00', 'm1042271', '320228', 'F-G-0014-ID', NULL),
(971, 'Band 0.22 6 Con.v. LL 40', 22, '75.00', 'm1042281', '320229', 'F-G-0015-ID', NULL),
(972, 'Band 0.22 6 Con.v. LL 40+', 22, '75.00', 'm1042291', '320230', 'F-G-0016-ID', NULL),
(973, 'Band 0.22 6 Con.v. LL 41', 22, '75.00', 'm1042301', '320231', 'F-G-0017-ID', NULL),
(974, 'Band 0.22 6 Con.v. LL 41+', 22, '75.00', 'm1042311', '320232', 'F-G-0018-ID', NULL),
(975, 'Band 0.22 6 Con.v. LR 34', 22, '75.00', 'm1042321', '320233', 'F-G-0021-ID', NULL),
(976, 'Band 0.22 6 Con.v. LR 34+', 22, '75.00', 'm1042331', '320234', 'F-G-0022-ID', NULL),
(977, 'Band 0.22 6 Con.v. LR 35', 22, '75.00', 'm1042341', '320235', 'F-G-0023-ID', NULL),
(978, 'Band 0.22 6 Con.v. LR 35+', 22, '65.00', 'm1042351', '320236', 'F-G-0024-ID', NULL),
(979, 'Band 0.22 6 Con.v. LR 36', 22, '65.00', 'm1042361', '320237', 'F-G-0025-ID', NULL),
(980, 'Band 0.22 6 Con.v. LR 36+', 22, '75.00', 'm1042371', '320238', 'F-G-0026-ID', NULL),
(981, 'Band 0.22 6 Con.v. LR 37', 22, '75.00', 'm1042381', '320239', 'F-G-0027-ID', NULL),
(982, 'Band 0.22 6 Con.v. LR 37+', 22, '75.00', 'm1042391', '320240', 'F-G-0028-ID', NULL),
(983, 'Band 0.22 6 Con.v. LR 38', 22, '75.00', 'm1042401', '320241', 'F-G-0029-ID', NULL),
(984, 'Band 0.22 6 Con.v. LR 38+', 22, '75.00', 'm1042411', '320242', 'F-G-0030-ID', NULL),
(985, 'Band 0.22 6 Con.v. LR 39+', 22, '75.00', 'm1042421', '320243', 'F-G-0031-ID', NULL),
(986, 'Band 0.22 6 Con.v. LR 40', 22, '75.00', 'm1042431', '320244', 'F-G-0032-ID', NULL),
(987, 'Band 0.22 6 Con.v. LR 40+', 22, '75.00', 'm1042441', '320245', 'F-G-0033-ID', NULL),
(988, 'Band 0.22 6 Con.v. LR 41', 22, '75.00', 'm1042451', '320246', 'F-G-0034-ID', NULL),
(989, 'Band 0.22 6 Con.v. LR 41+', 22, '75.00', 'm1042461', '320247', 'F-G-0035-ID', NULL),
(990, 'Band 0.22 6 Con.v. UL 34', 22, '65.00', 'm1042471', '320248', 'F-G-0038-ID', NULL),
(991, 'Band 0.22 6 Con.v. UL 34+', 22, '65.00', 'm1042481', '320249', 'F-G-0039-ID', NULL),
(992, 'Band 0.22 6 Con.v. UL 35', 22, '75.00', 'm1042491', '320250', 'F-G-0040-ID', NULL),
(993, 'Band 0.22 6 Con.v. UL 35+', 22, '65.00', 'm1042501', '320251', 'F-G-0041-ID', NULL),
(994, 'Band 0.22 6 Con.v. UL 36', 22, '75.00', 'm1042511', '320252', 'F-G-0042-ID', NULL),
(995, 'Band 0.22 6 Con.v. UL 36+', 22, '75.00', 'm1042521', '320253', 'F-G-0043-ID', NULL),
(996, 'Band 0.22 6 Con.v. UL 37', 22, '75.00', 'm1042531', '320254', 'F-G-0044-ID', NULL),
(997, 'Band 0.22 6 Con.v. UL 37+', 22, '75.00', 'm1042541', '320255', 'F-G-0045-ID', NULL),
(998, 'Band 0.22 6 Con.v. UL 38', 22, '75.00', 'm1042551', '320256', 'F-G-0046-ID', NULL),
(999, 'Band 0.22 6 Con.v. UL 38+', 22, '75.00', 'm1042561', '320257', 'F-G-0047-ID', NULL),
(1000, 'Band 0.22 6 Con.v. UL 39', 22, '75.00', 'm1042571', '320258', 'F-G-0048-ID', NULL),
(1001, 'Band 0.22 6 Con.v. UL 39+', 22, '75.00', 'm1042581', '320259', 'F-G-0049-ID', NULL),
(1002, 'Band 0.22 6 Con.v. UL 40', 22, '75.00', 'm1042591', '320260', 'F-G-0050-ID', NULL),
(1003, 'Band 0.22 6 Con.v. UL 40+', 22, '75.00', 'm1042601', '320261', 'F-G-0051-ID', NULL),
(1004, 'Band 0.22 6 Con.v. UL 41', 22, '75.00', 'm1042611', '320262', 'F-G-0052-ID', NULL),
(1005, 'Band 0.22 6 Con.v. UL 41+', 22, '75.00', 'm1042621', '320263', 'F-G-0053-ID', NULL),
(1006, 'Band 0.22 6 Con.v. UR 34', 22, '75.00', 'm1042631', '320264', 'F-G-0056-ID', NULL),
(1007, 'Band 0.22 6 Con.v. UR 34+', 22, '75.00', 'm1042641', '320265', 'F-G-0057-ID', NULL),
(1008, 'Band 0.22 6 Con.v. UR 35', 22, '65.00', 'm1042651', '320266', 'F-G-0058-ID', NULL),
(1009, 'Band 0.22 6 Con.v. UR 35+', 22, '75.00', 'm1042661', '320267', 'F-G-0059-ID', NULL),
(1010, 'Band 0.22 6 Con.v. UR 36', 22, '75.00', 'm1042671', '320268', 'F-G-0060-ID', NULL),
(1011, 'Band 0.22 6 Con.v. UR 36+', 22, '75.00', 'm1042681', '320269', 'F-G-0061-ID', NULL),
(1012, 'Band 0.22 6 Con.v. UR 37', 22, '75.00', 'm1042691', '320270', 'F-G-0062-ID', NULL),
(1013, 'Band 0.22 6 Con.v. UR 37+', 22, '75.00', 'm1042701', '320271', 'F-G-0063-ID', NULL),
(1014, 'Band 0.22 6 Con.v. UR 38', 22, '75.00', 'm1042711', '320272', 'F-G-0064-ID', NULL),
(1015, 'Band 0.22 6 Con.v. UR 38+', 22, '75.00', 'm1042721', '320273', 'F-G-0065-ID', NULL),
(1016, 'Band 0.22 6 Con.v. UR 39', 22, '75.00', 'm1042731', '320274', 'F-G-0066-ID', NULL),
(1017, 'Band 0.22 6 Con.v. UR 39+', 22, '75.00', 'm1042741', '320275', 'F-G-0067-ID', NULL),
(1018, 'Band 0.22 6 Con.v. UR 40', 22, '75.00', 'm1042751', '320276', 'F-G-0068-ID', NULL),
(1019, 'Band 0.22 6 Con.v. UR 40+', 22, '75.00', 'm1042761', '320277', 'F-G-0069-ID', NULL),
(1020, 'Band 0.22 6 Con.v. UR 41', 22, '75.00', 'm1042771', '320278', 'F-G-0070-ID', NULL),
(1021, 'Band 0.22 6 Con.v. UR 41+', 22, '75.00', 'm1042781', '320279', 'F-G-0071-ID', NULL),
(1022, 'Bracket – AOSC Hook # 3', 4, '850.00', 'm1042791', '320280', 'F-A-0001-AS', NULL),
(1023, 'Bracket – AOSC Hook # 3 4 5', 4, '850.00', 'm1042801', '320281', 'F-A-0002-AS', NULL),
(1024, 'Bracket DAMON CLEAR', 35, '14500.00', 'm1042811', '320282', 'F-A-0019-AO', NULL),
(1025, 'Bracket DAMON Q', 35, '10000.00', 'm1042821', '320283', 'F-A-0021-AO', NULL),
(1026, 'Bracket – Pacific 018 เต็ม ยกเลิกสั่ง', 35, '520.00', 'm1042831', '320284', 'F-A-0023-PF', NULL),
(1027, 'Bracket – Pacific 018 เต็ม Hook 3 4 5 ยกเลิกสั่ง', 35, '520.00', 'm1042841', '320285', 'F-A-0024-PF', NULL),
(1028, 'Bracket – Tomy Omiarch 018เต็ม', 35, '900.00', 'm1042851', '320286', 'F-A-0031-OL', NULL),
(1029, 'Bracket – Tomy Omiarch 018 เว้น', 35, '720.00', 'm1042861', '320287', 'F-A-0032-OL', NULL),
(1030, 'Bracket – Tomy Omiarch 022 เต็ม', 35, '900.00', 'm1042871', '320288', 'F-A-0033-OL', NULL),
(1031, 'Bracket – Tomy Omiarch 022 เว้น', 35, '720.00', 'm1042881', '320289', 'F-A-0034-OL', NULL),
(1032, 'Bracket - Vapor Ceramic', 35, '4900.00', 'm1042891', '320290', 'F-A-0037-OB', NULL),
(1033, 'Bracket – W & H B11 022 ROTH Mini 3H', 35, '200.00', 'm1042901', '320291', 'F-A-0038-WH', NULL),
(1034, 'Bracket – W & H B14-1 022 Standard MBT 345H', 35, '200.00', 'm1042911', '320292', 'F-A-0040-WH', NULL),
(1035, 'Bracket – W & H B14 022 Standard MBT 3H', 35, '200.00', 'm1042921', '320293', 'F-A-0039-WH', NULL),
(1036, 'Bracket – W & H B16-1 018 ROTH 345H', 35, '200.00', 'm1042931', '320294', 'F-A-0042-WH', NULL),
(1037, 'Bracket – W & H B16 018 ROTH 3H', 35, '200.00', 'm1042941', '320295', 'F-A-0041-WH', NULL),
(1038, 'Bracket – W & H B17 018 ROTH 3H', 35, '200.00', 'm1042951', '320296', 'F-A-0043-WH', NULL),
(1039, 'Bracket – W & H B18 018 Standard MBT 3H', 35, '200.00', 'm1042961', '320297', 'F-A-0045-WH', NULL),
(1040, 'Bracket - W&H B17-1 018 ROTH 345H', 35, '200.00', 'm1042971', '320298', 'F-A-0044-WH', NULL),
(1041, 'Bracket – W & H B19-1 022 MBT Mini 345H', 35, '280.00', 'm1042981', '320299', 'F-A-0047-WH', NULL),
(1042, 'Bracket – W & H B19 022 MBT Mini 3H', 35, '280.00', 'm1042991', '320300', 'F-A-0046-WH', NULL),
(1043, 'Bracket – W & H B6-1 022 ST EDGEWISE 345H', 35, '150.00', 'm1043001', '320301', 'F-A-0049-WH', NULL),
(1044, 'Bracket – W & H B6 022 ST EDGEWISE 3H', 35, '150.00', 'm1043011', '320302', 'F-A-0048-WH', NULL),
(1045, 'Bracket – W & H B9 022 ROTH 3H', 35, '200.00', 'm1043021', '320303', 'F-A-0050-WH', NULL),
(1046, 'Bracket – W & H B9-1 022 ROTH 345H', 35, '200.00', 'm1043031', '320304', 'F-A-0051-WH', NULL),
(1047, 'Double Sided Lightning Strip Fine ABRASIVE 4 mm', 4, '120.00', 'm1043041', '320305', 'F-I-0020-DM', NULL),
(1048, 'Double Sided Lightning Strip Fine ABRASIVE 6 mm', 4, '120.00', 'm1043051', '320306', 'F-I-0021-DM', NULL),
(1049, 'HOOK DROP-IN ฮุกดาม่อน', 10, '1200.00', 'm1043061', '320307', 'F-I-0026-AO', NULL),
(1050, 'ยาง ELASTIC COLOR CHIPMUNK สี 1/8 3.5 OZ.', 4, '1600.00', 'm1043071', '320308', 'B-F-0002-AO', NULL),
(1051, 'ยาง ELASTIC COLOR FOX สี 1/4 3.5 OZ.', 4, '1600.00', 'm1043081', '320309', 'B-F-0003-AO', NULL),
(1052, 'ยาง ELASTIC COLOR RABBIT สี 3/16 3.5 OZ.', 4, '1600.00', 'm1043091', '320310', 'B-F-0008-AO', NULL),
(1053, 'กาวติด BK ENLIGHT REFILL 7400179 คู่บอนดิ้ง', 21, '2020.00', 'm1043101', '320311', 'F-H-0001-AO', NULL),
(1054, 'Etching SOLUTION 740-0038 เอชชิ่งใสจัดฟัน', 8, '500.00', 'm1043111', '320312', 'F-H-0006-AO', NULL),
(1055, 'Eyelet AOSC', 40, '1050.00', 'm1043121', '320313', 'F-I-0022-AS', NULL),
(1056, 'Botton Chain (เงิน)', 22, '100.00', 'm1043131', '320314', 'F-I-0009-WH', NULL),
(1057, 'กาวติด BK GRENGLOO SYRINGE REFILL #740-0321', 20, '3320.00', 'm1043141', '320315', 'F-H-0003-AO', NULL),
(1058, 'Hook 3 mm', 40, '90.00', 'm1043151', '320316', 'F-I-0024-WH', NULL),
(1059, 'Hook 6 mm', 40, '90.00', 'm1043161', '320317', 'F-I-0025-WH', NULL),
(1060, 'Hook Stop', 40, '100.00', 'm1043171', '320319', 'F-I-0029-WH', NULL),
(1061, 'Ligature 009 (ม้วนใหญ่)', 14, '900.00', 'm1043181', '320320', 'F-I-0031-OL', NULL),
(1062, 'Ligature 012 (ม้วนใหญ่)', 14, '900.00', 'm1043191', '320321', 'F-I-0035-OL', NULL),
(1063, 'Ligature 010 (ม้วนใหญ่)', 41, '200.00', 'm1043201', '320322', 'F-I-0033-WH', NULL),
(1064, 'Lingual Botton', 40, '100.00', 'm1043211', '320323', 'F-I-0036-WH', NULL),
(1065, 'MINI Screw JEIT 1.4*10', 22, '700.00', 'm1043221', '320324', 'F-F-0006-DI', NULL),
(1066, 'MINI Screw JEIT 1.4*6', 22, '700.00', 'm1043231', '320325', 'F-F-0008-DI', NULL),
(1067, 'MINI Screw JEIT 1.4*8', 22, '700.00', 'm1043241', '320326', 'F-F-0009-DI', NULL),
(1068, 'MINI Screw JEIT 1.6*10', 22, '700.00', 'm1043251', '320327', 'F-F-0010-DI', NULL),
(1069, 'MINI Screw JEIT 1.6*6', 22, '700.00', 'm1043261', '320328', 'F-F-0012-DI', NULL),
(1070, 'MINI Screw JEIT 1.6*8', 22, '700.00', 'm1043271', '320329', 'F-F-0013-DI', NULL),
(1071, 'MINI Screw JEIT 2.0*10', 22, '700.00', 'm1043281', '320330', 'F-F-0014-DI', NULL),
(1072, 'MINI Screw JEIT 2.0*12', 22, '700.00', 'm1043291', '320331', 'F-F-0015-DI', NULL),
(1073, 'MINI Screw JEIT 2.0*6', 22, '700.00', 'm1043301', '320332', 'F-F-0016-DI', NULL);
INSERT INTO `item` (`item_id`, `item_name`, `unit_id`, `price_stock`, `code_item`, `code_1`, `code_2`, `exd_date`) VALUES
(1074, 'MINI Screw JEIT 2.0*8', 22, '700.00', 'm1043311', '320333', 'F-F-0017-DI', NULL),
(1075, 'MINI Screw OSTEM 1.4*6', 22, '600.00', 'm1043321', '320334', 'F-F-0033-OS', NULL),
(1076, 'MINI Screw OSTEM 1.4*8', 22, '559.00', 'm1043331', '320335', 'F-F-0034-OS', NULL),
(1077, 'MINI Screw OSTEM 1.6*10', 22, '559.00', 'm1043341', '320336', 'F-F-0035-OS', NULL),
(1078, 'MINI Screw OSTEM 1.6*6', 22, '600.00', 'm1043351', '320337', 'F-F-0037-OS', NULL),
(1079, 'MINI Screw OSTEM 1.6*8', 22, '559.00', 'm1043361', '320338', 'F-F-0038-OS', NULL),
(1080, 'MINI Screw OSTEM 1.8*10', 22, '559.00', 'm1043371', '320339', 'F-F-0039-OS', NULL),
(1081, 'MINI Screw OSTEM 1.8*6', 22, '559.00', 'm1043381', '320340', 'F-F-0041-OS', NULL),
(1082, 'MINI Screw OSTEM 1.8*8', 22, '600.00', 'm1043391', '320341', 'F-F-0042-OS', NULL),
(1083, 'Band lock blue', 42, '3000.00', 'm1043401', '320342', 'F-H-0010-CM', NULL),
(1084, 'MINI Screw SS Bioray A-1P 2.0*10 mm.', 22, '1200.00', 'm1043411', '320343', 'F-F-0050-AO', NULL),
(1085, 'MINI Screw SS Bioray A-1P 2.0*8 mm.', 22, '1200.00', 'm1043421', '320344', 'F-F-0051-AO', NULL),
(1086, 'OPEN COIL SPING 10', 31, '200.00', 'm1043431', '320345', 'F-I-0039-WH', NULL),
(1087, 'Ortho Solo Bonding บอนดิ้งจัดฟัน', 8, '1400.00', 'm1043441', '320346', 'F-H-0007-AO', NULL),
(1088, 'Power Chain', 10, '450.00', 'm1043451', '320347', 'F-I-0042-AO', NULL),
(1089, 'Hook Power 6 mm. UL/LR Long hook 25 LL', 40, '90.00', 'm1043461', '320348', 'F-I-0027-WH', NULL),
(1090, 'Hook Power 6 mm. UR/LL Long hook 25 UR', 40, '90.00', 'm1043471', '320349', 'F-I-0028-WH', NULL),
(1091, 'Rotation Wedg', 22, '40.00', 'm1043481', '320350', 'F-I-0043-WH', NULL),
(1092, 'Single Sided Lightning Strip Fine ABRASIVE 4 mm', 4, '1020.00', 'm1043491', '320351', 'F-I-0044-DM', NULL),
(1093, 'Single Sided Lightning Strip Fine ABRASIVE 6 mm', 4, '120.00', 'm1043501', '320352', 'F-I-0045-DM', NULL),
(1094, 'TLTF162224 SS T-loop 016x22 24 MM', 4, '800.00', 'm1043511', '320353', 'F-I-0046-OB', NULL),
(1095, 'Tissue Guard (สีเทา)', 18, '428.00', 'm1043521', '320354', 'F-I-0049-OL', NULL),
(1096, 'Tube #6 0.18 ROTH T38', 35, '280.00', 'm1043531', '320355', 'F-B-0009-WH', NULL),
(1097, 'Tube #6 0.18 ROTH T40-1', 35, '280.00', 'm1043541', '320356', 'F-B-0010-WH', NULL),
(1098, 'Tube #6 0.22 MBT T15', 35, '280.00', 'm1043551', '320357', 'F-B-0013-WH', NULL),
(1099, 'Tube #6 0.22 ROTH T21', 35, '280.00', 'm1043561', '320358', 'F-B-0016-WH', NULL),
(1100, 'Tube #6 0.22 ROTH T22', 35, '280.00', 'm1043571', '320359', 'F-B-0017-WH', NULL),
(1101, 'Tube #6 0.22 ROTH T27 Mini', 35, '380.00', 'm1043581', '320360', 'F-B-0018-WH', NULL),
(1102, 'Tube #7 0.18 ROTH T49', 35, '280.00', 'm1043591', '320361', 'F-B-0023-WH', NULL),
(1103, 'Tube #7 0.22 MBT T20', 35, '280.00', 'm1043601', '320362', 'F-B-0026-WH', NULL),
(1104, 'Tube #7 0.22 ROTH T30', 35, '280.00', 'm1043611', '320363', 'F-B-0029-WH', NULL),
(1105, 'Tube #7 0.18 ROTH T44', 35, '280.00', 'm1043621', '320364', 'F-B-0030-WH', NULL),
(1106, 'Ultra Bandlock', 20, '749.00', 'm1043631', '320365', 'F-H-0008-OL', NULL),
(1107, 'ยาง ZOO MASTER PACK CHIPMUNK 1/8 ใส 3.5 oz.', 4, '1290.00', 'm1043641', '320366', 'B-F-0012-AO', NULL),
(1108, 'ยาง ZOO MASTER PACK FOX 1/4 ใส 3.5 oz.', 4, '1290.00', 'm1043651', '320367', 'B-F-0013-AO', NULL),
(1109, 'ยาง ZOO MASTER PACK PENGUIN 5/16 ใส 3.5 oz.', 4, '1290.00', 'm1043661', '320368', 'B-F-0017-AO', NULL),
(1110, 'ยาง ZOO MASTER PACK RABBIT 3/16 ใส 3.5 oz.', 4, '1290.00', 'm1043671', '320369', 'B-F-0018-AO', NULL),
(1111, 'Band 0.22 6 Con.v. UR 33', 22, '75.00', 'm1043681', '320370', 'F-G-0054-ID', NULL),
(1112, 'Band 0.22 6 Con.v. LR 33', 22, '75.00', 'm1043691', '320371', 'F-G-0019-ID', NULL),
(1113, 'Band 0.22 6 Con.v. UL 33', 22, '75.00', 'm1043701', '320372', 'F-G-0036-ID', NULL),
(1114, 'Band 0.22 6 Con.v. LL 33', 22, '75.00', 'm1043711', '320373', 'F-G-0001-ID', NULL),
(1115, 'Band 0.22 6 Con.v. UR 33+', 22, '75.00', 'm1043721', '320374', 'F-G-0055-ID', NULL),
(1116, 'Band 0.22 6 Con.v. LR 33+', 22, '75.00', 'm1043731', '320375', 'F-G-0020-ID', NULL),
(1117, 'Band 0.22 6 Con.v. UL 33+', 22, '75.00', 'm1043741', '320376', 'F-G-0037-ID', NULL),
(1118, 'Band 0.22 6 Con.v. LL 33+', 22, '75.00', 'm1043751', '320377', 'F-G-0002-ID', NULL),
(1119, 'ยาง ZOO MASTER PACK BEAR 1/4 ใส 4.5 oz.', 4, '1290.00', 'm1043761', '320378', 'B-F-0011-AO', NULL),
(1120, 'ยาง ZOO MASTER PACK ZEBRA 5/16 ใส 4.5 oz.', 4, '1290.00', 'm1043771', '320379', 'B-F-0020-AO', NULL),
(1121, 'ยาง ZOO MASTER PACK KANGAROO 3/16 ใส 4.5 oz.', 4, '1290.00', 'm1043781', '320380', 'B-F-0015-AO', NULL),
(1122, 'ยาง ZOO MASTER PACK RAM 1/4 ใส 6 oz.', 4, '1290.00', 'm1043791', '320381', 'B-F-0019-AO', NULL),
(1123, 'ยาง ZOO MASTER PACK MOOSE 5/16 ใส 6 oz.', 4, '1290.00', 'm1043801', '320382', 'B-F-0016-AO', NULL),
(1124, 'ยาง ZOO MASTER PACK IMPALA 3/16 ใส 6 oz.', 4, '1290.00', 'm1043811', '320383', 'B-F-0014-AO', NULL),
(1125, 'ยาง ELASTIC COLOR BEAR สี 1/4 4.5 OZ.', 4, '1600.00', 'm1043821', '320384', 'B-F-0001-AO', NULL),
(1126, 'ยาง ELASTIC COLOR PENGUIN สี 5/16 3.5 OZ.', 4, '1600.00', 'm1043831', '320385', 'B-F-0007-AO', NULL),
(1127, 'ยาง ELASTIC COLOR RAM สี 1/4 6 OZ.', 4, '1600.00', 'm1043841', '320386', 'B-F-0009-AO', NULL),
(1128, 'ยาง ELASTIC COLOR IMPALA สี 3/16 6 OZ .', 4, '1600.00', 'm1043851', '320387', 'B-F-0004-AO', NULL),
(1129, 'ยาง ELASTIC COLOR MOOSE สี 5/16 6 OZ.', 4, '1600.00', 'm1043861', '320388', 'B-F-0006-AO', NULL),
(1130, 'กาวติด BK SYRING ENLIGHT 7400195', 20, '1310.00', 'm1043871', '320389', 'F-H-0005-AO', NULL),
(1131, 'ชุดStipping งานจัดฟันพร้อมหัวไมโคร', 21, '37000.00', 'm1043881', '320390', 'A-C-0015-LC', NULL),
(1132, 'หัวStippingจัดฟัน ทุกไซต์', 21, '5900.00', 'm1043891', '320391', 'A-C-0029-LC', NULL),
(1133, 'Tube #6 0.22 ROTH Model A non-con', 35, '260.00', 'm1043901', '320392', 'F-B-0014-CM', NULL),
(1134, 'Tube #6 0.22 MBT Model A non-con', 35, '260.00', 'm1043911', '320393', 'F-B-0011-CM', NULL),
(1135, 'Tube #6 0.18 ROTH Model A non-con', 35, '230.00', 'm1043921', '320394', 'F-B-0007-CM', NULL),
(1136, 'Tube #7 0.22 ROTH Model A non-con', 35, '260.00', 'm1043931', '320395', 'F-B-0027-CM', NULL),
(1137, 'Tube #7 0.22 MBT Model A non-con', 35, '260.00', 'm1043941', '320396', 'F-B-0024-CM', NULL),
(1138, 'กาวติด BK Orthodontic Adhesive', 20, '270.00', 'm1043951', '320397', 'F-H-0004-CM', NULL),
(1139, 'Diamond Disc 1 ด้าน บน', 4, '450.00', 'm1043961', '320398', 'F-I-0011-DM', NULL),
(1140, 'Diamond Disc 1 ด้าน ล่าง', 4, '450.00', 'm1043971', '320399', 'F-I-0014-DM', NULL),
(1141, 'Diamond Disc 2 ด้าน', 4, '550.00', 'm1043981', '320400', 'F-I-0015-DM', NULL),
(1142, 'Tube #5 #4 0.22 ST', 35, '700.00', 'm1043991', '320401', 'F-B-0003-WH', NULL),
(1143, 'Tube #5 #4 0.18 ROTH T32-2', 35, '700.00', 'm1044001', '320402', 'F-B-0001-WH', NULL),
(1144, 'Tube #5 #4 0.22 ROTH T32-1', 35, '700.00', 'm1044011', '320403', 'F-B-0002-WH', NULL),
(1145, 'super chain M สีเขียว', 14, '803.00', 'm1044021', '320404', 'F-I-0050-OL', NULL),
(1146, 'ลวด NITI Reverse 17*25 Lower', 37, '350.00', 'm1044031', '320405', 'F-C-0094-WH', NULL),
(1147, 'ลวด NITI Reverse 17*25 Upper', 37, '350.00', 'm1044041', '320406', 'F-C-0095-WH', NULL),
(1148, 'ลวด NITI Reverse 19*25 Lower', 37, '350.00', 'm1044051', '320407', 'F-C-0096-WH', NULL),
(1149, 'ลวด NITI Reverse 19*25 Upper', 37, '350.00', 'm1044061', '320408', 'F-C-0097-WH', NULL),
(1150, 'Bracket Molar #6 0.22 standard T4-1', 35, '380.00', 'm1044071', '320409', 'F-A-0057-WH', NULL),
(1151, 'Clear Rotation wedge', 43, '500.00', 'm1044081', '320410', 'F-I-0056-OL', NULL),
(1152, 'Eyelet', 7, '500.00', 'm1044091', '320411', 'F-I-0062-CM', NULL),
(1153, 'HIGHLAND SS Reg 009 Ligature Wire', 14, '1400.00', 'm1044101', '320412', 'F-I-0064-CM', NULL),
(1154, 'Closed-coil sping 6 mm (แพคละ10ตัว)', 1, '150.00', 'm1044111', '320413', 'F-I-0065-CM', NULL),
(1155, 'Closed-coil sping 9 mm (แพคละ10ตัว)', 1, '150.00', 'm1044121', '320414', 'F-I-0066-CM', NULL),
(1156, 'Closed-coil sping 12 mm (แพคละ10ตัว)', 1, '150.00', 'm1044131', '320415', 'F-I-0067-CM', NULL),
(1157, 'Micro appicator brush พู่กันหางม้า', 1, '150.00', 'm1044141', '320416', 'D-A-0176-DM', NULL),
(1158, 'Bracket - หน้า 018 หลัง 022 MBT Hook 3', 35, '190.00', 'm1044151', '320417', 'F-A-0060-CM', NULL),
(1159, 'Bracket - หน้า 018 หลัง 022 MBT Hook 3,4,5', 35, '190.00', 'm1044161', '320418', 'F-A-0061-CM', NULL),
(1160, 'IQ Chromatic alginate 450g', 7, '130.00', 'm1044171', '320419', 'A-A-0061-CM', NULL),
(1161, 'Double Tube #6 0.22 ROTH Con Model A', 35, '550.00', 'm1044181', '320420', 'F-B-0040-CM', NULL),
(1162, 'Double Tube #6 0.22 ROTH NON-Con Model A', 35, '500.00', 'm1044191', '320421', 'F-B-0041-CM', NULL),
(1163, 'ยางแยกฟัน', 1, '700.00', 'm1044201', '320422', 'F-I-0069-OL', NULL),
(1164, 'Tube #7 0.22 MBT T11-2 mini', 35, '280.00', 'm1044211', '320423', 'F-B-0042-WH', NULL),
(1165, 'Bracket – W & H B19N 022 MBT Mini 3H', 35, '200.00', 'm1044221', '320424', 'F-A-0058-WH', NULL),
(1166, 'MINI Screw SS Bioray A-1P 2.0*12 mm.', 22, '1200.00', 'm1044231', '320425', 'F-F-0063-AO', NULL),
(1167, 'Hook Righ L5.5mm', 1, '183.00', 'm1044241', '320426', 'F-I-0071-DM', NULL),
(1168, 'Hook Left L5.5mm', 1, '183.00', 'm1044251', '320427', 'F-I-0072-DM', NULL),
(1169, 'TFI SS T-loop 016x22 32 MM', 4, '1231.00', 'm1044261', '320428', 'F-I-0073-OL', NULL),
(1170, 'Monoblock Hinge ตัวกั้นลิ้น', 22, '20.00', 'm1044271', '320429', 'F-I-0074-WH', NULL),
(1171, 'ลวด Damon Copper SS .016*.025 (กล่อง/10เส้น)', 4, '1880.00', 'm1044281', '320430', 'F-C-0107-AO', NULL),
(1172, 'BAND-LOCK BLUE', 20, '214.00', 'm1044291', '320431', 'F-H-0012-NA', NULL),
(1173, 'Tube #6 0.22 MBT T15', 35, NULL, 'm1044301', '320432', 'F-B-0043-WH', NULL),
(1174, 'Torque Spring S', 44, '750.00', 'm1044311', '320433', 'F-G-0077-ID', NULL),
(1175, 'Torque Spring M', 44, '750.00', 'm1044321', '320434', 'F-G-0078-ID', NULL),
(1176, 'Torque Spring L', 44, '750.00', 'm1044331', '320435', 'F-G-0079-ID', NULL),
(1177, 'Tube #6 0.22 ROTH Model A non-con', 35, '260.00', 'm1044341', '320436', 'F-B-0029-CM', NULL),
(1178, 'Tube #7 0.18 ROTH Model A non-con', 35, '230.00', 'm1044351', '320437', 'F-B-0030-CM', NULL),
(1179, 'Wax knive', 10, '120.00', 'm1050011', '620001', 'C-D-0025-DM', NULL),
(1180, 'RELYX FIBER POST SIZE 1 10/BG 56861 เดือยไฟเบอร์ #1', 22, '357.00', 'm1050021', '620002', 'D-D-0041-3M', NULL),
(1181, 'RELYX FIBER POST SIZE 2 10/BG 56862 เดือยไฟเบอร์ #2', 22, '357.00', 'm1050031', '620003', 'D-D-0042-3M', NULL),
(1182, 'RELYX FIBER POST SIZE 3 10/BG 56863 เดือยไฟเบอร์ #3', 22, '357.00', 'm1050041', '620004', 'D-D-0043-3M', NULL),
(1183, 'RELYX FIBER POST SIZE 0 10/BG 56872 เดือยไฟเบอร์ #0', 22, '357.00', 'm1050051', '620005', 'D-D-0040-3M', NULL),
(1184, 'น้ำผสมผงอะคลิลิก (ขวด)', 8, '1300.00', 'm1050061', '620006', 'D-D-0007-SH', NULL),
(1185, 'วัสดุพิพม์ปาก Impregum HP', 21, '3435.00', 'm1050071', '620007', 'D-D-0009-3M', NULL),
(1186, 'RELYX Drill post #0', 22, '1006.00', 'm1050081', '620008', 'D-D-0036-3M', NULL),
(1187, 'EXCITE F DSC แบ่ง', 20, '150.00', 'm1050091', '620009', 'D-D-0015-VD', NULL),
(1188, 'Elite Light body ไลท์ บอดี้', 20, '2200.00', 'm1050101', '620010', 'D-D-0012-UN', NULL),
(1189, 'Elite Putty พุตตี้', 21, '1950.00', 'm1050111', '620011', 'D-D-0013-UN', NULL),
(1190, 'FITCHECKER #Base', 20, '1240.00', 'm1050121', '620012', 'D-D-0017-AC', NULL),
(1191, 'FITCHECKER #catalyst', 20, '1240.00', 'm1050131', '620013', 'D-D-0018-AC', NULL),
(1192, 'Ketac cem', 21, '1730.00', 'm1050141', '620014', 'D-D-0020-3M', NULL),
(1193, 'Multicore Flow', 20, '3500.00', 'm1050151', '620015', 'D-D-0028-VD', NULL),
(1194, 'Occlufast bite', 20, '990.00', 'm1050161', '620016', 'D-D-0029-UN', NULL),
(1195, 'pink wax', 4, '200.00', 'm1050171', '620017', 'D-D-0031-DM', NULL),
(1196, 'Rely-x U200', 20, '6163.00', 'm1050181', '620018', 'D-D-0044-3M', NULL),
(1197, 'Shimstock foil 8 mic. metallic', 4, '650.00', 'm1050191', '620019', 'D-D-0046-HD', NULL),
(1198, 'SHIMSTOCK METAL FOIL #480180', 4, '830.00', 'm1050201', '620020', 'D-D-0047-AC', NULL),
(1199, 'Stiky wax', 4, '180.00', 'm1050211', '620021', 'D-D-0049-SH', NULL),
(1200, 'Temp Bond', 21, '1250.00', 'm1050221', '620022', 'D-D-0051-KR', NULL),
(1201, 'Temp crown ฟันหน้า', 45, '250.00', 'm1050231', '620023', 'D-D-0052-SH', NULL),
(1202, 'Temp crown ฟันหลัง', 45, '250.00', 'm1050241', '620024', 'D-D-0053-SH', NULL),
(1203, 'Unifast GC Powder+Liquid Ivory ขาว ชุด', 21, '2400.00', 'm1050251', '620025', 'D-D-0054-SH', NULL),
(1204, 'Unifast GC Powder+Liquid pink ชมพู ชุด', 21, '2400.00', 'm1050261', '620026', 'D-D-0055-SH', NULL),
(1205, 'Unifast GC Powder Ivory ขาว (ผง)', 8, '1400.00', 'm1050271', '620027', 'D-D-0056-SH', NULL),
(1206, 'Unifast GC Powder pink ชมพู (ผง)', 8, '1400.00', 'm1050281', '620028', 'D-D-0057-SH', NULL),
(1207, 'Zine Phosphate Cement', 8, '1270.00', 'm1050291', '620029', 'D-D-0058-AC', NULL),
(1208, 'ปลายทิปมัลติคอล สีฟ้า', 10, '78.00', 'm1050301', '620030', 'D-D-0008-VD', NULL),
(1209, 'Super Bond C&B Set', 4, '7000.00', 'm1050311', '620031', 'D-D-0050-UM', NULL),
(1210, 'RELYX Drill post #1', 22, '1006.00', 'm1050321', '620032', 'D-D-0037-3M', NULL),
(1211, 'RELYX Drill post #2', 22, '1006.00', 'm1050331', '620033', 'D-D-0038-3M', NULL),
(1212, 'RELYX Drill post #3', 22, '1006.00', 'm1050341', '620034', 'D-D-0039-3M', NULL),
(1213, 'FITCHECKER 1-1 KIT #00398', 4, '2480.00', 'm1050351', '620035', 'D-D-0016-AC', NULL),
(1214, 'INTENSIV FG : D8', 22, '155.00', 'm1050361', '620036', 'E-D-0063-BS', NULL),
(1215, 'NX3 Refill AUTOMIX DUAL SYR WHITE', 4, '1780.00', 'm1050371', '620037', 'D-D-0063-KR', NULL),
(1216, 'Peeso Drill 28 mm #1', 4, '340.00', 'm1050381', '620038', 'D-C-0236-DM', NULL),
(1217, 'Peeso Drill 28 mm #2', 4, '340.00', 'm1050391', '620039', 'D-C-0237-DM', NULL),
(1218, 'Peeso Drill 28 mm #3', 4, '340.00', 'm1050401', '620040', 'D-C-0238-DM', NULL),
(1219, 'Peeso Drill 28 mm #4', 4, '340.00', 'm1050411', '620041', 'D-C-0239-DM', NULL),
(1220, 'Peeso Drill 28 mm #5', 4, '340.00', 'm1050421', '620042', 'D-C-0240-DM', NULL),
(1221, 'Peeso Drill 28 mm #6', 4, '340.00', 'm1050431', '620043', 'D-C-0241-DM', NULL),
(1222, 'Peeso Drill 32 mm #1', 4, '340.00', 'm1050441', '620044', 'D-C-0242-DM', NULL),
(1223, 'Peeso Drill 32 mm #2', 4, '340.00', 'm1050451', '620045', 'D-C-0243-DM', NULL),
(1224, 'Peeso Drill 32 mm #3', 4, '340.00', 'm1050461', '620046', 'D-C-0244-DM', NULL),
(1225, 'Peeso Drill 32 mm #4', 4, '340.00', 'm1050471', '620047', 'D-C-0245-DM', NULL),
(1226, 'Peeso Drill 32 mm #5', 4, '340.00', 'm1050481', '620048', 'D-C-0246-DM', NULL),
(1227, 'Peeso Drill 32 mm #6', 4, '340.00', 'm1050491', '620049', 'D-C-0247-DM', NULL),
(1228, 'Soft Liner 1-1 #B2360000', 4, '2810.00', 'm1050501', '620050', 'D-D-0066-AC', NULL),
(1229, 'หัวขัดครอบฟัน Zilmaster Finishing and Polishing KIT HP #PNS0009', 21, '4500.00', 'm1050511', '620051', 'E-D-0074-AC', NULL),
(1230, 'หัว ALPHAFLEX RA. #AS01 หัวยางขาว โลหะ', 22, NULL, 'm1050521', '620052', 'E-D-0075-DM', NULL),
(1231, 'Protemp4 สี A2', 4, '3210.00', 'm1050531', '620053', 'D-D-0067-3M', NULL),
(1232, 'Protemp4 สี A3', 4, '3210.00', 'm1050541', '620054', 'D-D-0068-3M', NULL),
(1233, 'Putty Fast', 21, '1630.00', 'm1050551', '620055', 'D-D-0069-PL', NULL),
(1234, 'ปลายทิปมัลติคอล สีเหลือง', 10, '46.00', 'm1050561', '620056', 'D-D-0058-VD', NULL),
(1235, 'ถุงขยะแดง ใหญ่ 28*36', 1, '96.00', 'm1060031', '120001', 'A-B-0013-SC', NULL),
(1236, 'ถุงมือ-มีแป้ง size XS', 4, '96.00', 'm1060041', '120002', 'A-A-0004-SC', NULL),
(1237, 'ถุงมือ-มีแป้ง size S', 4, '96.00', 'm1060051', '120003', 'A-A-0003-SC', NULL),
(1238, 'ถุงมือ-มีแป้ง size M', 4, '96.00', 'm1060061', '120004', 'A-A-0002-SC', NULL),
(1239, 'ถุงมือ ไม่มีแป้ง size XS', 4, '129.00', 'm1060071', '120005', 'A-A-0007-SC', NULL),
(1240, 'ถุงมือ ไม่มีแป้ง size S', 4, '129.00', 'm1060081', '120006', 'A-A-0006-SC', NULL),
(1241, 'ถุงมือ ไม่มีแป้ง size M', 4, '129.00', 'm1060091', '120007', 'A-A-0005-SC', NULL),
(1242, 'ปูนขาว', 46, '535.00', 'm1060101', '120008', 'A-A-0013-SC', NULL),
(1243, 'ปูนเขียว', 46, '482.00', 'm1060111', '120009', 'A-A-0014-SC', NULL),
(1244, 'ปูนแดง', 46, '589.00', 'm1060121', '120010', 'A-A-0015-SC', NULL),
(1245, 'HI-Clean Spray สเปรย์หัวกรอ', 9, '450.00', 'm1060131', '120011', 'A-A-0042-EM', NULL),
(1246, 'Cavex Green Scaling ผงแช่Tray', 25, '1000.00', 'm1060141', '120012', 'A-A-0030-SH', NULL),
(1247, 'ถุงขยะแดง ไซต์ 18*20', 1, '96.00', 'm1060151', '120013', 'A-B-0012-SC', NULL),
(1248, 'Sterilization Reel Pouneh 2\" ซองสเตอไรล์ 2 นิ้ว', 14, '380.00', 'm1060161', '120014', 'A-A-0051-CM', NULL),
(1249, 'Sterilization Reel Pouneh 3\" ซองสเตอไรล์ 3 นิ้ว', 14, '520.00', 'm1060171', '120015', 'A-A-0052-CM', NULL),
(1250, 'Sterilization Reel Pouneh 4\" ซองสเตอไรล์ 4นิ้ว', 14, '760.00', 'm1060181', '120016', 'A-A-0053-CM', NULL),
(1251, 'Sterilization Reel Pouneh 6\" ซองสเตอไรล์ 6 นิ้ว', 14, '1000.00', 'm1060191', '120017', 'A-A-0054-CM', NULL),
(1252, 'Sterilization Reel Pouneh 8\" ซองสเตอไรล์ 8 นิ้ว', 14, '1200.00', 'm1060201', '120018', 'A-A-0055-CM', NULL),
(1253, 'Sterilization Reel Pouneh 10\" ซองสเตอไรล์ 10 นิ้ว', 14, '1500.00', 'm1060211', '120019', 'A-A-0050-CM', NULL),
(1254, 'เม็ดกันสนิม', 8, '100.00', 'm1060221', '120020', 'A-A-0024-CU', NULL),
(1255, 'ผงล้างเครื่อง Autoclave', 41, '161.00', 'm1060231', '120022', 'A-A-0064-SC', NULL),
(1256, 'Prosept Fortis 5 ลิตร น้ำยาแช่เครื่องมือ', 5, '3500.00', 'm1060241', '120033', 'A-A-0071-EM', NULL),
(1257, 'Carestream ฟิล์ม ผู้ใหญ่เดี่ยว DF-58 #2', 4, '2080.00', 'm1060251', '120035', 'D-A-0172-SD', NULL),
(1258, 'อัลจิเนต Ortho print', 7, '155.00', 'm1060261', '320001', 'A-A-0027-UN', NULL),
(1259, 'Motex Surgical Gloves , Powdered Sterile No.7.0', 26, '589.00', 'm1070011', '420001', 'A-A-0045-SC', NULL),
(1260, 'เบลด12', 4, '749.00', 'm1070021', '420002', 'D-B-0021-SC', NULL),
(1261, 'เบลด15', 4, '749.00', 'm1070031', '420003', 'D-B-0022-SC', NULL),
(1262, 'เบลด15 c', 4, '749.00', 'm1070041', '420004', 'D-B-0023-SC', NULL),
(1263, 'SCANDONNEST PLAIN ยาชา3%', 4, '800.00', 'm1070051', '420005', 'D-B-0032-AC', NULL),
(1264, 'ไหมเย็บ No.4/0', 14, '320.00', 'm1070061', '420006', 'D-B-0025-SH', NULL),
(1265, 'เข็มเย็บ No.18 1/2 (1ซอง/12pcs)', 41, '250.00', 'm1070071', '420007', 'D-B-0012-DM', NULL),
(1266, 'เข็มเย็บ No.18 3/8 (1ซอง/12pcs)', 41, '250.00', 'm1070081', '420008', 'D-B-0013-DM', NULL),
(1267, 'เข็มเย็บ No.21 1/2 (1ซอง/12pcs)', 41, '250.00', 'm1070091', '420009', 'D-B-0014-DM', NULL),
(1268, 'เข็มเย็บ No.21 3/8 (1ซอง/12pcs)', 41, '250.00', 'm1070101', '420010', 'D-B-0015-DM', NULL),
(1269, 'เข็มเย็บ No.24 1/2 (1ซอง/12pcs)', 41, '250.00', 'm1070111', '420011', 'D-B-0016-DM', NULL),
(1270, 'เข็มเย็บ No.24 3/8 (1ซอง/12pcs)', 41, '250.00', 'm1070121', '420012', 'D-B-0017-DM', NULL),
(1271, 'ไหมละลาย No. 4/0 Chromic', 36, '850.00', 'm1070131', '420013', 'D-B-0027-SH', NULL),
(1272, 'GELATAMP #274007 ฟองน้ำห้ามเลือด', 4, '1040.00', 'm1070141', '420014', 'D-B-0030-AC', NULL),
(1273, 'SURGISPON ฟองน้ำห้ามเลือด', 4, '1500.00', 'm1070151', '420015', 'D-B-0035-AC', NULL),
(1274, 'Topical Anesthetic Gel ยาชาเจล', 8, '375.00', 'm1070161', '420016', 'D-A-0141-SC', NULL),
(1275, 'VCP 4/0 PS-2 3/8 19MM 70CM REV CUTT ไหมละลาย Vicryl Plus 4-0 แบ่ง', 19, '161.00', 'm1070171', '420017', 'D-B-0037-DK', NULL),
(1276, 'VCP 4/0 PS-2 3/8 19MM 70CM REV CUTT ไหมละลาย Vicryl Plus 4-0', 4, '8025.00', 'm1070181', '420018', 'D-B-0036-DK', NULL),
(1277, 'Topical Gal ยาชาป้าย สตอเบอรี่', 25, '350.00', 'm1070191', '420020', 'D-A-0168-DM', NULL),
(1278, 'Bone curette Lucas 85', 22, '400.00', 'm1070201', '420021', 'C-B-0084-SD', NULL),
(1279, 'Surgicel แผ่นห้ามเลือด (24 ชิ้น)', 4, '8560.00', 'm1070211', '420022', 'D-B-0047-DK', NULL),
(1280, 'ยาชา 2%', 4, '480.00', 'm1070221', '420023', 'D-B-0048-##', NULL),
(1281, 'ยาชา 4%', 4, '695.00', 'm1070231', '420024', 'D-B-0049-##', NULL),
(1282, 'กล่องล้างฟิล์ม Stainless 27cm x 37cm x 27cm', 11, '2300.00', 'm2010011', '220001', 'A-A-0001-SD', NULL),
(1283, 'ที่หนีบฟิล์มเดี่ยว', 10, '70.00', 'm2010021', '230002', 'C-A-0018-SH', NULL),
(1284, 'แผ่นกันแสง ไม้ปิงปองสีส้ม', 10, '180.00', 'm2010031', '230003', 'D-A-0050-DM', NULL),
(1285, 'กระปอก Forceps \"1*4\"', 10, '350.00', 'm2010041', '230004', 'C-A-0001-SH', NULL),
(1286, 'กระปอก Forceps \"2*4.5\"', 10, '450.00', 'm2010051', '230005', 'C-A-0002-SH', NULL),
(1287, 'กระปุกผ้าก๊อซ \"4*2.5\"', 25, '250.00', 'm2010061', '230006', 'C-A-0003-SH', NULL),
(1288, 'กระปุกผ้าก๊อซ \"4*3\"', 25, '300.00', 'm2010071', '230007', 'C-A-0004-SH', NULL),
(1289, 'กล่องแสตนเลสใส่ผ้าก๊อซ \"12*8\"', 4, '1700.00', 'm2010081', '230008', 'C-A-0005-SH', NULL),
(1290, 'กล่องแสตนเลสใส่ผ้าก๊อซ \"8*5\"', 4, '2500.00', 'm2010091', '230009', 'C-A-0006-SH', NULL),
(1291, 'แก้วแสตนเลส 12 Oz', 11, '85.00', 'm2010101', '230010', 'C-A-0007-SH', NULL),
(1292, 'แก้วแสตนเลส 7 Oz', 11, '75.00', 'm2010111', '230011', 'C-A-0008-SH', NULL),
(1293, 'ช้อนตัก Pumish', 10, '10.00', 'm2010121', '230012', 'C-A-0009-SH', NULL),
(1294, 'ชุดตรวจ (Set 5 ชิ้น)', 21, '399.00', 'm2010131', '230013', 'C-A-0010-SD', NULL),
(1295, 'ด้าม Mouth miror', 47, '70.00', 'm2010141', '230014', 'C-A-0011-SH', NULL),
(1296, 'ถาดเล็ก ถาดเปล่า', 11, '110.00', 'm2010151', '230015', 'C-A-0012-SD', NULL),
(1297, 'ถาดเล็ก (ถาดเปล่า) Tray 5 \'\'x9\'\'', 11, '110.00', 'm2010161', '230016', 'C-A-0013-SH', NULL),
(1298, 'Amalgam หกเหลี่ยม', 10, '180.00', 'm2010171', '230017', 'C-A-0028-SH', NULL),
(1299, 'Amalgam Carvers', 10, '150.00', 'm2010181', '230018', 'C-A-0031-SH', NULL),
(1300, 'Amalgam plugers', 10, '150.00', 'm2010191', '230019', 'C-A-0033-SH', NULL),
(1301, 'Composite Instruments', 10, '150.00', 'm2010201', '230020', 'C-A-0043-SH', NULL),
(1302, 'Dappen Glass', 11, '0.00', 'm2010211', '230021', 'C-A-0044-DM', NULL),
(1303, 'Discoid cleoids', 10, '150.00', 'm2010221', '230022', 'C-A-0048-SH', NULL),
(1304, 'Explorer', 10, '90.00', 'm2010231', '230023', 'C-A-0051-SD', NULL),
(1305, 'Explorer', 19, '90.00', 'm2010232', '230024', 'C-A-0052-SH', NULL),
(1306, 'Gracey curetks #11/12', 10, '1130.00', 'm2010241', '230025', 'C-F-0001-AC', NULL),
(1307, 'Gracey curetks #13/14', 10, '1130.00', 'm2010251', '230026', 'C-F-0002-AC', NULL),
(1308, 'Gracey curetks #3/4', 10, '1130.00', 'm2010261', '230027', 'C-F-0003-AC', NULL),
(1309, 'Gracey curetks #7/8', 10, '1130.00', 'm2010271', '230028', 'C-F-0004-AC', NULL),
(1310, 'Hot Plate', 10, '150.00', 'm2010281', '230029', 'C-D-0011-DM', NULL),
(1311, 'Impression Tray Size (แบบมีรู L #12)', 48, '220.00', 'm2010291', '230030', 'C-A-0058-SH', NULL),
(1312, 'Impression Tray Size (แบบมีรู M #13)', 48, '220.00', 'm2010301', '230031', 'C-A-0059-SH', NULL),
(1313, 'Ivory Holder', 10, '300.00', 'm2010311', '230032', 'C-A-0061-SH', NULL),
(1314, 'Mouth Gag 11 CM', 22, '800.00', 'm2010321', '230033', 'C-A-0065-DM', NULL),
(1315, 'Mouth Gag 9 CM', 22, '800.00', 'm2010331', '230034', 'C-A-0067-DM', NULL),
(1316, 'Plaster Shear คีมตัดปูน', 10, '120.00', 'm2010341', '230035', 'C-A-0089-DM', NULL),
(1317, 'Plastick Instruments', 10, '140.00', 'm2010351', '230036', 'C-A-0090-SH', NULL),
(1318, 'SICKLE SH 11/126', 10, '1100.00', 'm2010361', '230037', 'C-F-0007-AC', NULL),
(1319, 'SICKLE SH 3/46', 10, '1100.00', 'm2010371', '230038', 'C-F-0008-AC', NULL),
(1320, 'Hu-Fidry SCALER SATIN STEEL #SH6/76 Sickle', 10, '1130.00', 'm2010381', '230039', 'C-F-0005-AC', NULL),
(1321, 'SICKLE SH 7/86', 10, '1000.00', 'm2010391', '230040', 'C-F-0009-AC', NULL),
(1322, 'Spoons สั้น อุดฟัน', 10, '90.00', 'm2010401', '230041', 'C-A-0102-SH', NULL),
(1323, 'suction tip 3 MM', 10, '450.00', 'm2010411', '230042', 'C-A-0103-SH', NULL),
(1324, 'T-Ball Burnisher 29-33 ใหญ่', 10, '105.00', 'm2010421', '230043', 'C-A-0107-SD', NULL),
(1325, 'T-Ball Burnisher 27-31 เล็ก', 10, '105.00', 'm2010431', '230044', 'C-A-0106-SD', NULL),
(1326, 'Tipple Syring', 10, '90.00', 'm2010441', '230045', 'C-A-0111-SD', NULL),
(1327, 'Tissu forceps', 10, '450.00', 'm2010451', '230046', 'C-B-0067-SH', NULL),
(1328, 'Tofflemire Holder', 10, '450.00', 'm2010461', '230047', 'C-A-0112-SH', NULL),
(1329, 'Cement spatula', 10, '120.00', 'm2010471', '230048', 'C-A-0118-DM', NULL),
(1330, 'suction tip 5 MM', 10, '750.00', 'm2010481', '230049', 'C-B-0070-SH', NULL),
(1331, 'Thompson Composite GTX 6', 10, '1580.00', 'm2010491', '230050', 'C-A-0108-SD', NULL),
(1332, 'Thompson Composite GTX 7', 10, '1580.00', 'm2010501', '230051', 'C-A-0109-SD', NULL),
(1333, 'ที่ขันหัว P 1 ยี่ห้อ Woodpacker', 22, '690.00', 'm2010511', '230053', 'C-A-0016-SH', NULL),
(1334, 'ซิกเกล (sickle)', 29, '4500.00', 'm2010521', '230059', 'A-C-0031-DP', NULL),
(1335, 'เชดไกด์ Mature Dent', 10, '1500.00', 'm2010531', '230061', 'D-D-0001-SH', NULL),
(1336, 'เชดไกด์ VITA 3 D', 10, '2800.00', 'm2010541', '230062', 'D-D-0003-SH', NULL),
(1337, 'ถ้วยยางผสม ACRYLIC ไซต์ L', 10, '80.00', 'm2010551', '230063', 'D-D-0005-DM', NULL),
(1338, 'ถ้วยยางผสม ACRYLIC ไซต์ M', 10, '120.00', 'm2010561', '230064', 'D-D-0006-DM', NULL),
(1339, 'ถ้วยยางผสม ACRYLIC ไซต์ S', 10, '80.00', 'm2010571', '230065', 'D-A-0036-DM', NULL),
(1340, 'ยางใส่ Mouth GAG', 22, '100.00', 'm2010581', '230066', 'C-A-0021-DM', NULL),
(1341, 'แว่นตากันแสงสีส้ม', 10, '250.00', 'm2010591', '230067', 'D-A-0060-DM', NULL),
(1342, 'ALVEOGYL #5712U', 8, '1050.00', 'm2010601', '230068', 'D-B-0028-AC', NULL),
(1343, 'Amalgam Burnisher', 10, '150.00', 'm2010611', '230069', 'C-A-0029-SH', NULL),
(1344, 'Amalgam Carrier', 10, '150.00', 'm2010621', '230070', 'C-A-0030-SH', NULL),
(1345, 'Cosmo Shade Guide CM-10301G', 35, '289.00', 'm2010631', '230071', 'D-D-0011-HD', NULL),
(1346, 'Dycal carrier', 10, '120.00', 'm2010641', '230072', 'C-A-0049-SH', NULL),
(1347, 'Mixing plate w. Light prot ถาดบลอดดิ่ง ฝาสีส้ม', 19, '820.00', 'm2010651', '230073', 'D-A-0091-VD', NULL),
(1348, 'Mixing Bowl ไซต์ M', 19, '150.00', 'm2010661', '230074', 'C-A-0062-DM', NULL),
(1349, 'Mixing Bowl ไซต์ S', 19, '150.00', 'm2010671', '230075', 'C-A-0063-DM', NULL),
(1350, 'Mouth Prob ดำ #L', 10, '380.00', 'm2010681', '230076', 'D-A-0096-DM', NULL),
(1351, 'Mouth Prob ดำ #M', 10, '380.00', 'm2010691', '230077', 'D-A-0097-DM', NULL),
(1352, 'Mouth Gag Sleeve', 48, '0.00', 'm2010701', '230078', 'C-A-0068-DM', NULL),
(1353, 'Mouth Prob', 10, '60.00', 'm2010711', '230079', 'D-A-0095-SD', NULL),
(1354, 'Mouth Prob ดำ #S', 10, '380.00', 'm2010721', '230080', 'D-A-0098-DM', NULL),
(1355, 'Mouth Prop เขียว #L', 22, '80.00', 'm2010731', '230081', 'D-A-0099-DM', NULL),
(1356, 'Mouth Prop เขียว #S', 22, '80.00', 'm2010741', '230082', 'D-A-0100-DM', NULL),
(1357, 'Tray Fluoride #L', 10, '35.00', 'm2010751', '230083', 'C-A-0113-DM', NULL),
(1358, 'Tray Fluoride #M', 10, '35.00', 'm2010761', '230084', 'C-A-0114-DM', NULL),
(1359, 'Tray Fluoride #S', 10, '35.00', 'm2010771', '230085', 'C-A-0115-DM', NULL),
(1360, 'UNIMATRIX and Elastic Wedges mini Kit', 21, '1800.00', 'm2010781', '230086', 'D-A-0143-DM', NULL),
(1361, 'UNIMATRIX MINI KIT (TDV)', 4, '850.00', 'm2010791', '230087', 'D-A-0144-DM', NULL),
(1362, 'พายผสมวัสดุพาสติก', 10, '100.00', 'm2010801', '230088', 'C-A-0020-DM', NULL),
(1363, 'ซักชั่นทิป ขนาด 5 mm', 10, '350.00', 'm2010811', '230089', 'C-B-0010-DM', NULL),
(1364, 'V3 band kit', 22, '1250.00', 'm2010821', '230090', 'D-A-0148-DM', NULL),
(1365, 'ปืนฉีดGI FUJI9', 10, '2600.00', 'm2010831', '230092', 'D-A-0047-AC', NULL),
(1366, 'TD-1L Torque Wrench ที่ขันหัวขูด P 5', 29, '580.00', 'm2010841', '230093', 'D-A-0137-CM', NULL),
(1367, 'Tray Unit ถาดวางทิชชู่ติดยูนิต', 10, '550.00', 'm2010851', '230094', 'A-A-0057-LC', NULL),
(1368, 'PROBE SATIN STEEL #PCPUNC156', 10, '820.00', 'm2010861', '230095', 'C-F-0006-AC', NULL),
(1369, 'Hu-Fidry HEIDBRINK #EHB13/14', 10, '2000.00', 'm2010871', '230096', 'C-B-0033-AC', NULL),
(1370, 'Tofflemire matrix holder', 10, '750.00', 'm2010881', '230098', 'C-A-0131-DM', NULL),
(1371, 'Ivory matrix holder (ก้ามปู)', 10, '650.00', 'm2010891', '230099', 'C-A-0132-DM', NULL),
(1372, 'Mouth miror Economy กระจกส่องปากธรรมดา', 4, '200.00', 'm2010901', '230100', 'C-A-0135-DM', NULL),
(1373, 'Long forceps 6 (15cm) ทรานเฟอร์ฟอเซพ', 22, '120.00', 'm2010911', '230101', 'D-A-0169-SD', NULL),
(1374, 'Cord Packer', 47, '100.00', 'm2010921', '230102', 'C-A-0145-DM', NULL),
(1375, 'ถาดตื้น 11 นิ้ว', 11, '150.00', 'm2010931', '230103', 'C-A-0144-DM', NULL),
(1376, 'Ultrasonic Handpiece Woodpecker LED HW-5L', 47, '2800.00', 'm2010941', '230104', 'A-C-0042-CM', NULL),
(1377, 'Cord Packer Thomson', 10, '1300.00', 'm2010951', '230105', 'C-A-0148-SD', NULL),
(1378, 'Pumice Cup', 49, '180.00', 'm2010961', '230106', 'D-A-0179-DM', NULL),
(1379, 'Amalgam Well', 10, '180.00', 'm2010971', '230107', 'C-A-0147-DM', NULL),
(1380, 'Spoon #1.5', 22, '78.00', 'm2010981', '230108', 'C-A-0154-DM', NULL),
(1381, 'Spoon #18', 22, '78.00', 'm2010991', '230109', 'C-A-0149-DM', NULL),
(1382, 'Carver No.1/2', 22, '78.00', 'm2011001', '230110', 'C-A-0150-DM', NULL),
(1383, 'Discoid Cleoid #3118', 22, '78.00', 'm2011011', '230111', 'C-A-0151-DM', NULL),
(1384, 'Amalgam Plugger NO.1/2', 10, '78.00', 'm2011021', '230112', 'C-A-0153-DM', NULL),
(1385, 'Bite Block / ยางรองกัด สีเขียว', 4, '530.00', 'm2011031', '230113', 'D-A-0190- DL', NULL),
(1386, 'Composite Carver', 10, '550.00', 'm2011041', '230114', 'C-A-0158-SH', NULL),
(1387, 'High power suction มีปีกกันลิ้น', 19, '144.00', 'm2011051', '230117', 'C-A-0164-DM', NULL),
(1388, 'Air Flow', 10, '23000.00', 'm2011061', NULL, NULL, NULL),
(1389, 'ปืนฉีด Protemp', 10, '5000.00', 'm2011071', NULL, NULL, NULL),
(1390, 'Spoons ยาว รักษาราก', 10, '180.00', 'm2030011', '530001', 'C-C-0032-SH', NULL),
(1391, 'Clamp #0', 22, '250.00', 'm2030021', '530002', 'C-C-0001-DM', NULL),
(1392, 'Clamp #00', 22, '250.00', 'm2030031', '530003', 'C-C-0002-DM', NULL),
(1393, 'Clamp #1', 22, '250.00', 'm2030041', '530004', 'C-C-0003-DM', NULL),
(1394, 'Clamp #12A', 22, '250.00', 'm2030051', '530005', 'C-C-0004-DM', NULL),
(1395, 'Clamp #13A', 22, '250.00', 'm2030061', '530006', 'C-C-0006-DM', NULL),
(1396, 'Clamp #14A', 22, '250.00', 'm2030071', '530007', 'C-C-0008-DM', NULL),
(1397, 'Clamp #2', 22, '250.00', 'm2030081', '530008', 'C-C-0009-DM', NULL),
(1398, 'Clamp #2A', 22, '250.00', 'm2030091', '530009', 'C-C-0011-DM', NULL),
(1399, 'Clamp #6', 22, '250.00', 'm2030101', '530010', 'C-C-0012-DM', NULL),
(1400, 'Clamp #7', 22, '250.00', 'm2030111', '530011', 'C-C-0013-DM', NULL),
(1401, 'Clamp #9', 22, '250.00', 'm2030121', '530012', 'C-C-0014-DM', NULL),
(1402, 'Clamping ring', 10, '600.00', 'm2030131', '530013', 'C-C-0015-SH', NULL),
(1403, 'Finger Ruler Ring แหวนไม้บรรทัด', 10, '250.00', 'm2030141', '530014', 'C-C-0016-SH', NULL),
(1404, 'Finger Ruler Ring แหวนไม้บรรทัด', 10, '250.00', 'm2030151', '530015', 'C-C-0017-DM', NULL),
(1405, 'Root canal plugger', 10, '450.00', 'm2030161', '530016', 'C-C-0027-SH', NULL),
(1406, 'Hu-Fidry Root canal spreaders D11T', 10, '790.00', 'm2030171', '530017', 'C-C-0022-AC', NULL),
(1407, 'Hu-Fidry Root canal spreaders D11Ts', 10, '790.00', 'm2030181', '530018', 'C-C-0023-AC', NULL),
(1408, 'Glass Lamp (ตะเกียง Alcohol)', 19, '80.00', 'm2030191', '530019', 'C-A-0055-DM', NULL),
(1409, 'Glass slab', 10, '180.00', 'm2030201', '530020', 'C-A-0056-SH', NULL),
(1410, 'Grick number 1', 10, '150.00', 'm2030211', '530021', 'C-C-0019-SH', NULL),
(1411, 'Plate แก้ว #เล็ก', 10, '70.00', 'm2030221', '530022', 'D-A-0113-DM', NULL),
(1412, 'Plate แก้ว #ใหญ่', 10, '100.00', 'm2030231', '530023', 'D-A-0114-SH', NULL),
(1413, 'Clamp #8A', 10, '250.00', 'm2030241', '530024', 'C-C-0033-DM', NULL),
(1414, 'File Cleaner แท่นเสียบไฟล์', 10, '250.00', 'm2030251', '530025', 'D-C-0028-DM', NULL),
(1415, 'Finger Endo ไม้บรรทัด', 10, '250.00', 'm2030261', '530026', 'D-C-0029-DM', NULL),
(1416, 'Clamp #212', 22, NULL, 'm2030271', '530027', 'C-C-0034-DM', NULL),
(1417, 'Rubber dam forcep /ปากี', 10, '750.00', 'm2030281', '530028', 'C-C-0038-DM', NULL),
(1418, 'Rubber dam punch (ปากี)', 10, '850.00', 'm2030291', '530029', 'C-C-0039-DM', NULL),
(1419, 'Rubber dam Frame (ปากี)', 10, '200.00', 'm2030301', '530030', 'C-C-0040-DM', NULL),
(1420, 'Plate แก้ว 4 ช่อง', 10, '750.00', 'm2030311', '530031', 'C-C-0042-DM', NULL),
(1421, 'Spreader D11T', 22, NULL, 'm2030321', '530032', 'C-C-0043-DM', NULL),
(1422, 'ตะเกียง Alcohol', 22, '140.00', 'm2030331', '530033', 'C-A-0159-SH', NULL),
(1423, 'Clamp #7A', 22, '250.00', 'm2030341', '530034', 'C-C-0045-DM', NULL),
(1424, 'Clamp #8', 22, '250.00', 'm2030351', '530035', 'C-C-0046-DM', NULL),
(1425, 'Clamp #10', 22, '250.00', 'm2030361', '530036', 'C-C-0047-DM', NULL),
(1426, 'Clamp #206', 22, '250.00', 'm2030371', '530037', 'C-C-0048-DM', NULL),
(1427, 'Hook Crimping Plier', 10, '2500.00', 'm2040011', '320318', 'C-E-0020-CM', NULL),
(1428, 'Perforated Trays #11 L มีรู', 10, '115.00', 'm2040021', '330001', 'C-A-0078-DM', NULL),
(1429, 'Perforated Trays #11 U มีรู', 10, '115.00', 'm2040031', '330002', 'C-A-0079-DM', NULL),
(1430, 'Perforated Trays #12 L มีรู', 10, '115.00', 'm2040041', '330003', 'C-A-0080-DM', NULL),
(1431, 'Perforated Trays #12 U มีรู', 10, '115.00', 'm2040051', '330004', 'C-A-0081-DM', NULL),
(1432, 'Perforated Trays #13 L มีรู', 10, '115.00', 'm2040061', '330005', 'C-A-0082-DM', NULL),
(1433, 'Perforated Trays #13 U มีรู', 10, '115.00', 'm2040071', '330006', 'C-A-0083-DM', NULL),
(1434, 'Perforated Trays #14 L มีรู', 10, '115.00', 'm2040081', '330007', 'C-A-0084-DM', NULL),
(1435, 'Perforated Trays #14 U มีรู', 10, '115.00', 'm2040091', '330008', 'C-A-0085-DM', NULL),
(1436, 'Rim Lock Trays Solid #11 L ไม่มีรู', 10, '110.00', 'm2040101', '330009', 'C-A-0091-DM', NULL),
(1437, 'Rim Lock Trays Solid #11 U ไม่มีรู', 10, '110.00', 'm2040111', '330010', 'C-A-0092-DM', NULL),
(1438, 'Rim Lock Trays Solid #12 L ไม่มีรู', 10, '110.00', 'm2040121', '330011', 'C-A-0093-DM', NULL),
(1439, 'Rim Lock Trays Solid #12 U ไม่มีรู', 10, '110.00', 'm2040131', '330012', 'C-A-0094-DM', NULL),
(1440, 'Rim Lock Trays Solid #13 L ไม่มีรู', 10, '110.00', 'm2040141', '330013', 'C-A-0095-DM', NULL),
(1441, 'Rim Lock Trays Solid #13 U ไม่มีรู', 10, '110.00', 'm2040151', '330014', 'C-A-0096-DM', NULL),
(1442, 'Rim Lock Trays Solid #14 L ไม่มีรู', 10, '110.00', 'm2040161', '330015', 'C-A-0097-DM', NULL),
(1443, 'Rim Lock Trays Solid #14 U ไม่มีรู', 10, '110.00', 'm2040171', '330016', 'C-A-0098-DM', NULL),
(1444, 'Cheek Retractor A #S สีขุ่น', 10, '250.00', 'm2040181', '330017', 'C-A-0039-DM', NULL),
(1445, 'Cheek Retractor A #M สีขุ่น', 10, '250.00', 'm2040191', '330018', 'C-A-0038-DM', NULL),
(1446, 'Driver l Mini Screw JEIL', 21, '2000.00', 'm2040201', '330019', 'C-E-0048-DI', NULL),
(1447, 'Cheek Retractor A #L สีขุ่น', 48, '250.00', 'm2040211', '330020', 'C-A-0037-DM', NULL),
(1448, 'Cheek Retractor Hl-03335', 48, '950.00', 'm2040221', '330021', 'C-A-0040-DM', NULL),
(1449, 'Cheek Retractor #L s/e (D)', 48, '250.00', 'm2040231', '330022', 'C-A-0041-DM', NULL),
(1450, 'IX800 SMALL WEINGART', 19, '3780.00', 'm2040241', '330023', 'C-E-0022-OB', NULL),
(1451, 'คีม 3 ขา', 22, '2000.00', 'm2040251', '330024', 'C-E-0001-CM', NULL),
(1452, 'คีมทำ Ligature', 10, '3500.00', 'm2040261', '330025', 'C-E-0002-ID', NULL),
(1453, 'คีม Step 0.5 MM', 22, '2500.00', 'm2040271', '330026', 'C-E-0003-ID', NULL),
(1454, 'ด้าม Mini mold Bite', 10, '2500.00', 'm2040281', '330027', 'F-I-0004-OL', NULL),
(1455, 'ตัวเปิดทิ้ว', 22, '6500.00', 'm2040291', '330028', 'C-E-0004-OL', NULL),
(1456, 'opening/closeing tool ตัวเปิด-ปิด Damon', 10, '2000.00', 'm2040301', '330029', 'C-E-0032-AO', NULL),
(1457, 'ที่งอลวด', 10, '650.00', 'm2040311', '330030', 'C-E-0005-OL', NULL),
(1458, 'ที่วัด ตำแหน่งBracket', 10, '1000.00', 'm2040321', '330031', 'C-E-0006-WH', NULL),
(1459, 'IX953 LINGUAL CINCH BACK PLIER ฉลามหัวฆ้อน พับปลายลวด', 10, '5500.00', 'm2040331', '330032', 'C-E-0025-OB', NULL),
(1460, 'แมททิว หนีบยาง ยกเลิกสั่ง', 10, '600.00', 'm2040341', '330033', 'C-E-0007-OL', NULL),
(1461, 'Band Pusher', 10, '500.00', 'm2040351', '330034', 'C-E-0009-WH', NULL),
(1462, 'Band Remove', 10, '1300.00', 'm2040361', '330035', 'C-E-0010-WH', NULL),
(1463, 'Band seater', 10, '200.00', 'm2040371', '330036', 'C-E-0011-WH', NULL),
(1464, 'Bird Beak Plier', 10, '4500.00', 'm2040381', '330037', 'C-E-0012-CM', NULL),
(1465, 'BOONE BRACKET POSITIONING ตัววัดตำแหน่งBK', 10, '800.00', 'm2040391', '330038', 'C-E-0013-OB', NULL),
(1466, 'Adult Cheek Retractor แบบประกอบ', 21, '750.00', 'm2040401', '330039', 'C-E-0008-OL', NULL),
(1467, 'Disal End cutter With Fiush End (Mini)', 22, '2100.00', 'm2040411', '330040', 'C-E-0016-CM', NULL),
(1468, 'Distal End Cutter flush cut IX958', 10, '6900.00', 'm2040422', '330041', 'C-E-0018-OB', NULL),
(1469, 'Distal End Cutter 8040-1003', 22, '4500.00', 'm2040433', '330042', 'C-E-0017-OL', NULL),
(1470, 'Drill Mini Screw JEIL', 10, '2300.00', 'm2040441', '330043', 'F-F-0001-DI', NULL),
(1471, 'Drill Mini Screw Ostem', 10, '2800.00', 'm2040451', '330044', 'F-F-0003-OS', NULL),
(1472, 'Hollow Chep Groop', 22, '1800.00', 'm2040461', '330045', 'C-E-0019-ID', NULL),
(1473, 'IX975 INTRA-ORAL DETAILNG PLIER', 10, '6500.00', 'm2040471', '330046', 'C-E-0021-OB', NULL),
(1474, 'Jarabak', 22, NULL, 'm2040481', '330047', 'C-E-0026-OL', NULL),
(1475, 'Ligature Cutter', 10, '850.00', 'm2040491', '330048', 'C-E-0027-OL', NULL),
(1476, 'IX911 LIGATURE CUTTER STRAIGH (ลิเกเจอร์คัตเตอร์)', 10, '4200.00', 'm2040501', '330049', 'C-E-0028-OB', NULL),
(1477, 'LINGUAL BACK PLIER (ตัวงอลวด) 5 mm.', 10, NULL, 'm2040511', '330050', 'C-E-0029-OL', NULL),
(1478, 'IX828 DIRECT BOND REMOVER CURVED', 10, '3780.00', 'm2040521', '330051', 'C-E-0023-OB', NULL),
(1479, 'Mathieu Very fine Smaha Ix863', 10, '2200.00', 'm2040531', '330052', 'C-E-0030-OB', NULL),
(1480, 'Mature ด้ามทอง', 10, '1284.00', 'm2040541', '330053', 'C-E-0031-OL', NULL),
(1481, 'Mini mold Bite Bonder Tip 3 mm', 10, '2500.00', 'm2040551', '330054', 'F-I-0037-OL', NULL),
(1482, 'Mini mold Bite Bonder Tip 5 mm', 10, '2500.00', 'm2040561', '330055', 'F-I-0038-OL', NULL),
(1483, 'Photo Cheek Retractor d/e (F)', 48, '250.00', 'm2040571', '330056', 'C-E-0034-DM', NULL),
(1484, 'Photo Cheek Retractor s/e (E)', 48, '250.00', 'm2040581', '330057', 'C-E-0035-DM', NULL),
(1485, 'Photo Miror Angled Occlusal', 19, '590.00', 'm2040591', '330058', 'C-E-0036-DM', NULL),
(1486, 'Photo Miror Basicset', 21, '2200.00', 'm2040601', '330059', 'C-E-0037-DM', NULL),
(1487, 'Photo Miror Buccal', 19, '2200.00', 'm2040611', '330060', 'C-E-0038-DM', NULL),
(1488, 'Photo Miror Liguil', 19, '2200.00', 'm2040621', '330061', 'C-E-0039-DM', NULL),
(1489, 'Photo Miror Occlusal', 19, '2200.00', 'm2040631', '330062', 'C-E-0040-DM', NULL),
(1490, 'Driver l Mini Screw Ostem', 10, '8900.00', 'm2040641', '330063', 'F-F-0005-OS', NULL),
(1491, 'Twieed Arch Plier', 10, '3400.00', 'm2040651', '330064', 'C-E-0044-ID', NULL),
(1492, 'V-Bend วีแบน', 22, '2800.00', 'm2040661', '330065', 'C-E-0045-ID', NULL),
(1493, 'We ingart Plier วายกาจ', 10, '850.00', 'm2040671', '330066', 'C-E-0046-OL', NULL),
(1494, 'Glass bead refill #7001201', 1, '790.00', 'm2040681', '330067', 'F-I-0057-AO', NULL),
(1495, 'กล่องเก็บลวด 20 slot', 4, '1000.00', 'm2040691', '330068', 'F-I-0058-CM', NULL),
(1496, 'กล่องเก็บ Power Chain 20 Slot', 4, '700.00', 'm2040701', '330069', 'F-I-0059-CM', NULL),
(1497, 'กล่องเก็บเครื่องมือ(คีม)', 4, '700.00', 'm2040711', '330070', 'F-I-0060-CM', NULL),
(1498, 'ที่หนีบแบรกเกต ปลายแหลม', 10, '160.00', 'm2040721', '330071', 'C-E-0052-WH', NULL),
(1499, 'ที่หนีบ Tube', 10, '160.00', 'm2040731', '330072', 'C-E-0053-WH', NULL),
(1500, 'Cheek Retractor Adult', 1, '550.00', 'm2040741', '330073', 'C-A-0133-SH', NULL),
(1501, 'Ligual Button round base (50/ถุง)', 7, '500.00', 'm2040751', '330074', 'F-I-0061-CM', NULL),
(1502, 'Band pusher (16-244)', 10, '500.00', 'm2040761', '330075', 'C-C-0035-CM', NULL),
(1503, 'Band seater (16-256)', 10, '300.00', 'm2040771', '330076', 'C-C-0036-CM', NULL),
(1504, 'กรรไกรตัด Band (18-306)', 10, '700.00', 'm2040781', '330077', 'C-C-0037-CM', NULL),
(1505, 'Bracket Remover Pliers P105-06L', 10, '1575.00', 'm2040791', '330078', 'C-E-0049-CM', NULL),
(1506, 'Band Remover Pliers P105-16', 10, '1575.00', 'm2040801', '330079', 'C-E-0050-CM', NULL),
(1507, 'Crimpable hook Plier P105-08L', 10, '1575.00', 'm2040811', '330080', 'C-E-0051-CM', NULL),
(1508, 'Jarabak P105-15', 10, '1575.00', 'm2040821', '330081', 'C-E-0052-CM', NULL),
(1509, 'Tweed Loop Pliers P105-02', 10, '1575.00', 'm2040831', '330082', 'C-E-0053-CM', NULL),
(1510, 'Torque Pliers P105-01', 10, '1575.00', 'm2040841', '330083', 'C-E-0054-CM', NULL),
(1511, 'Light Wire Pliers P106-07', 10, '1575.00', 'm2040851', '330084', 'C-E-0055-CM', NULL),
(1512, 'Nance loop plier', 10, '1575.00', 'm2040861', '330085', 'C-E-0056-CM', NULL),
(1513, 'Ligature forming plier', 10, '1575.00', 'm2040871', '330086', 'C-E-0057-CM', NULL),
(1514, 'Hollow chop', 10, '1575.00', 'm2040881', '330087', 'C-E-0058-CM', NULL),
(1515, 'Weingart Plier วายกาจ P105-07', 10, '1725.00', 'm2040891', '330088', 'C-E-0059-CM', NULL),
(1516, 'Mini Ligature Wire Cutter P106-01M', 10, '1725.00', 'm2040901', '330089', 'C-E-0060-CM', NULL),
(1517, 'Samaha จับโอริง (Mathieu Pliers)', 10, '1350.00', 'm2040911', '330090', 'C-E-0061-CM', NULL),
(1518, 'Niti Cinch back plier double head P106-10L', 10, '1575.00', 'm2040921', '330091', 'C-E-0062-CM', NULL),
(1519, 'Three jaw pliers P105-14', 10, '1575.00', 'm2040931', '330092', 'C-E-0068-CM', NULL),
(1520, 'Cinch back plier 13-200A', 10, '1575.00', 'm2040941', '330093', 'C-E-0069-CM', NULL),
(1521, 'Step Pliers 0.75mm 5092', 10, '1575.00', 'm2040951', '330094', 'C-E-0070-CM', NULL),
(1522, 'Tweezers 18-408', 10, '220.00', 'm2040961', '330095', 'C-E-0071-CM', NULL),
(1523, 'Tweezers 18-414', 10, '220.00', 'm2040971', '330096', 'C-E-0072-CM', NULL),
(1524, 'Leteral Cheek Retracter', 10, '175.00', 'm2040981', '330097', 'C-A-0137-CM', NULL),
(1525, 'Convertible cap removing plier (ตัวเปิด Tube)', 10, '3650.00', 'm2040991', '330098', 'C-E-0073-DM', NULL),
(1526, 'Placement Marker-Measuring Gauge (Boon gauge มีดินสอ)', 10, '3400.00', 'm2041001', '330099', 'F-C-0099-AO', NULL),
(1527, 'Driver Screw Biorey', 21, '60000.00', 'm2041011', '330100', 'F-F-0052-AO', NULL),
(1528, 'Light Cure Band Adhesive KIT', 50, '3500.00', 'm2041021', '330101', 'F-H-0014-CM', NULL),
(1529, 'Mathieu Ortho M', 22, '800.00', 'm2041031', '330102', 'C-E-0074-ID', NULL),
(1530, 'Light Guide, Straight 11mm #60013951', 19, '4490.00', 'm2041041', '330103', 'A-C-0043-AO', NULL),
(1531, 'คีม Step 0.75 MM', 22, '2500.00', 'm2041051', '330104', 'C-E-0075-ID', NULL),
(1532, 'คีม Step 1 MM', 22, '2500.00', 'm2041061', '330105', 'C-E-0076-ID', NULL),
(1533, 'Mathieu Narrow Head IOS', 10, '1350.00', 'm2041071', '330106', 'C-E-0077-CM', NULL),
(1534, 'Driver body Screw JEIL', 10, NULL, 'm2041081', '330107', 'F-F-0064-DI', NULL),
(1535, 'Driver Shaft Screw JEIL', 10, NULL, 'm2041091', '330108', 'F-F-0065-DI', NULL),
(1536, 'Partial perforated Trays #10', 10, '115.00', 'm2050011', '630001', 'C-D-0013-DM', NULL),
(1537, 'Partial perforated Trays #7', 10, '115.00', 'm2050021', '630002', 'C-D-0014-DM', NULL),
(1538, 'Partial perforated Trays #8', 10, '115.00', 'm2050031', '630003', 'C-D-0015-DM', NULL),
(1539, 'Partial perforated Trays #9', 10, '115.00', 'm2050041', '630004', 'C-D-0016-DM', NULL),
(1540, 'Partial perforated Trays # หมุน L', 10, '115.00', 'm2050051', '630005', 'C-D-0017-DM', NULL),
(1541, 'Partial perforated Trays # หมุน M', 10, '115.00', 'm2050061', '630006', 'C-D-0018-DM', NULL),
(1542, 'Partial perforated Trays # หมุน S', 10, '115.00', 'm2050071', '630007', 'C-D-0019-DM', NULL),
(1543, 'Roach wax carver', 10, '120.00', 'm2050081', '630008', 'C-D-0020-DM', NULL),
(1544, 'Silicone Dispensergun', 19, '1200.00', 'm2050091', '630009', 'C-D-0021-UN', NULL),
(1545, 'Tripple Tray ซ้าย-ขวา', 19, '110.00', 'm2050101', '630010', 'C-D-0023-DM', NULL),
(1546, 'Tripple Tray ฟันหน้า', 19, '110.00', 'm2050111', '630011', 'C-D-0024-DM', NULL),
(1547, 'Edentulous Tray Perforate L #M', 10, '110.00', 'm2050121', '630012', 'C-D-0003-DM', NULL),
(1548, 'Edentulous Tray Perforate U #M', 10, '110.00', 'm2050131', '630013', 'C-D-0007-DM', NULL),
(1549, 'Green Stick compound', 4, '250.00', 'm2050141', '630014', 'D-D-0019-SH', NULL),
(1550, 'SPATULA NO.7', 10, '120.00', 'm2050151', '630015', 'C-D-0022-DM', NULL),
(1551, 'Multicore Dispenser GUN', 10, '2000.00', 'm2050161', '630016', 'C-D-0012-VD', NULL),
(1552, 'Plaster spatula Alginate (ปลายมีด)', 22, '120.00', 'm2050171', '630017', 'D-D-0061-SD', NULL),
(1553, 'Peeso Drill', 4, '340.00', 'm2050181', '630018', 'D-C-0222-DM', NULL),
(1554, 'Plaster Knive', 10, '120.00', 'm2060151', '130001', 'C-A-0088-DM', NULL),
(1555, 'เสื้อกันรังสี ผู้ใหญ่', 22, '6500.00', 'm2060161', '130005', 'A-C-0016-DM', NULL),
(1556, 'Smap-X-ray Holder', 19, NULL, 'm2060171', '130006', 'C-A-0101-DM', NULL),
(1557, 'XCP', 1, '1000.00', 'm2060181', '130007', 'C-A-0116-CM', NULL),
(1558, 'กล่องล้างฟิล์มเอ็กซเรย์', 11, '2500.00', 'm2060191', '130008', 'A-A-0148-DM', NULL),
(1559, 'LUXTOR ELVATOR 3MM STRAIGHT BLACKLINE #EL3SX', 10, '2500.00', 'm2070011', '420019', 'C-B-0045-AC', NULL),
(1560, 'ที่ดูดน้ำลายโลหะฟราเซีย F3 (2mm.)', 10, '650.00', 'm2070021', '430001', 'C-B-0012-SD', NULL),
(1561, 'ที่ดูดน้ำลายโลหะฟราเซีย F3 (3mm.)', 10, '650.00', 'm2070031', '430002', 'C-B-0013-SD', NULL),
(1562, 'กรรไกรตัดไหมโค้ง', 10, '150.00', 'm2070041', '430003', 'C-B-0001-SD', NULL),
(1563, 'คีมถอนฟัน 88L', 10, '1500.00', 'm2070051', '430004', 'C-B-0003-SH', NULL),
(1564, 'คีมถอนฟัน 88R', 10, '1500.00', 'm2070061', '430005', 'C-B-0004-SH', NULL),
(1565, 'คีมถอนฟัน Cowhorn no23', 10, '1500.00', 'm2070071', '430006', 'C-B-0009-SH', NULL),
(1566, 'ด้าม Blade', 10, '80.00', 'm2070081', '430007', 'C-B-0011-SD', NULL),
(1567, 'Artery forcep Mosquito โค้ง 15 cm.', 10, '380.00', 'm2070091', '430008', 'C-B-0015-SD', NULL),
(1568, 'Bone File', 10, '800.00', 'm2070101', '430009', 'C-B-0017-SH', NULL),
(1569, 'Byonet ซ้าย', 10, '490.00', 'm2070111', '430010', 'C-B-0018-SH', NULL),
(1570, 'Bone Curette', 10, '220.00', 'm2070121', '430011', 'C-B-0016-SH', NULL),
(1571, 'Double end root tip pick', 10, '950.00', 'm2070131', '430012', 'C-B-0019-SH', NULL),
(1572, 'Elevator 190', 10, '460.00', 'm2070141', '430013', 'C-B-0020-SD', NULL),
(1573, 'Elevator 191', 10, '460.00', 'm2070151', '430014', 'C-B-0021-SD', NULL),
(1574, 'Elevator ด้ามตรง #2 C-type 3mm CM-2 ปลายตัด', 10, '460.00', 'm2070161', '430015', 'C-B-0022-SD', NULL),
(1575, 'SELDIN ELEVATOR Curve #E2C', 10, '2500.00', 'm2070171', '430016', 'C-B-0059-AC', NULL),
(1576, 'SELDIN ELEVATOR Curve #E3C', 19, '2500.00', 'm2070181', '430017', 'C-B-0060-AC', NULL),
(1577, 'SELDIN ELEVATOR Curve #E5C', 19, '2500.00', 'm2070191', '430018', 'C-B-0061-AC', NULL),
(1578, 'ELEVATOR Molt เบอร์ 9', 10, '380.00', 'm2070201', '430019', 'C-B-0023-SD', NULL),
(1579, 'SELDIN ELEVATOR Straigth #E2S', 10, '2500.00', 'm2070211', '430020', 'C-B-0063-AC', NULL),
(1580, 'SELDIN ELEVATOR Straigth #E3S', 10, '2500.00', 'm2070221', '430021', 'C-B-0064-AC', NULL),
(1581, 'SELDIN ELEVATOR Straigth #E5S', 19, '2500.00', 'm2070231', '430022', 'C-B-0065-AC', NULL),
(1582, 'Hu-Fidry Endo EXPLORER SATIN #EXDG166', 10, '770.00', 'm2070241', '430023', 'C-C-0020-AC', NULL),
(1583, 'Flock Plate', 10, '150.00', 'm2070251', '430024', 'C-D-0010-DM', NULL),
(1584, 'Forcep clamping ring', 10, '700.00', 'm2070261', '430025', 'C-C-0018-SH', NULL),
(1585, 'Kohler Fragment Ejectors No.1 (ดับเบิ้นเอ็น)', 22, '1300.00', 'm2070271', '430026', 'C-B-0037-SD', NULL),
(1586, 'Kohler Root Elevator Cryer Left', 22, '1600.00', 'm2070281', '430027', 'C-B-0038-SD', NULL),
(1587, 'Kohler Root Elevator Cryer Right', 22, '1600.00', 'm2070291', '430028', 'C-B-0039-SD', NULL),
(1588, 'LUXTOR ELVATOR 3MM STRIGHT #E3S', 10, '2500.00', 'm2070301', '430029', 'C-B-0046-AC', NULL),
(1589, 'LUXTOR ELVATOR 2MM STRAIGHT #E2S', 10, '2500.00', 'm2070311', '430030', 'C-B-0043-AC', NULL),
(1590, 'LUXTOR ELVATOR 5MM STRIGHT #E5S', 10, '2500.00', 'm2070321', '430031', 'C-B-0050-AC', NULL),
(1591, 'LUXTOR ELVATOR 3MM CURVED #E3C', 10, '2500.00', 'm2070331', '430032', 'C-B-0044-AC', NULL),
(1592, 'LUXTOR ELVATOR 2MM CURVED #E2C', 10, '2500.00', 'm2070341', '430033', 'C-B-0041-AC', NULL),
(1593, 'LUXTOR ELVATOR 5MM CURVED #E5C', 10, '2500.00', 'm2070351', '430034', 'C-B-0048-AC', NULL),
(1594, 'Periosteal retractor', 10, '250.00', 'm2070361', '430035', 'C-B-0051-SH', NULL),
(1595, 'Ronguer forcep คีมตัดกระดูก', 10, '1100.00', 'm2070371', '430036', 'C-B-0052-SH', NULL),
(1596, 'Root canal Double End', 10, '350.00', 'm2070381', '430037', 'C-C-0026-SH', NULL),
(1597, 'Root tip pick โค้ง #2', 22, '460.00', 'm2070391', '430038', 'C-B-0053-SD', NULL),
(1598, 'Root tip pick โค้ง #3', 22, '460.00', 'm2070401', '430039', 'C-B-0054-SD', NULL),
(1599, 'Root tip pick ตรง', 10, '1200.00', 'm2070411', '430040', 'C-B-0055-SH', NULL),
(1600, 'Root tip pick ตรง #1', 22, '460.00', 'm2070421', '430041', 'C-B-0056-SD', NULL),
(1601, 'Scissor-Silk (โค้ง) Long Blade', 10, '150.00', 'm2070431', '430042', 'C-B-0058-SH', NULL),
(1602, 'SELDIN Periosteal Elevator เบอร์ 23', 22, '380.00', 'm2070441', '430043', 'C-B-0066-SD', NULL),
(1603, 'Tooth forceps no.23', 22, '750.00', 'm2070451', '430044', 'C-B-0068-SD', NULL),
(1604, 'Tweezer Forceps (ตรง)', 10, '75.00', 'm2070461', '430045', 'C-B-0069-SH', NULL),
(1605, 'ไส้ไก่', 23, '500.00', 'm2070471', '430046', 'D-B-0024-TG', NULL),
(1606, 'Needle Holder Mayo Hegar 15 CM.', 10, '380.00', 'm2070481', '430047', 'D-B-0031-SD', NULL),
(1607, 'LUXTOR ELVATOR 5MM CURVED BLACKLINE #EL5CX', 10, '2500.00', 'm2070491', '430048', 'C-B-0047-AC', NULL),
(1608, 'Hu-Fidry - Root Focep Serrated #F301', 10, '3500.00', 'm2070501', '430049', 'C-B-0036-AC', NULL),
(1609, 'Hu-Fidry - Root Focep Serrated #F300', 10, '3500.00', 'm2070511', '430050', 'C-B-0035-AC', NULL),
(1610, 'LUXTOR ELVATOR 2MM STRAIGHT BLACKLINE #EL2SX', 10, '2500.00', 'm2070521', '430051', 'C-B-0042-AC', NULL),
(1611, 'SELDIN ELEVATOR #E34S', 10, '2300.00', 'm2070531', '430052', 'C-B-0062-AC', NULL),
(1612, 'LUXTOR ELVATOR 5MM STRAIGHT BLACKLINE #EL5SX', 10, '2500.00', 'm2070541', '430053', 'C-B-0049-AC', NULL),
(1613, 'Luxator โค้ง 3 mm', 10, '850.00', 'm2070551', '430054', 'C-B-0074-SH', NULL),
(1614, 'Luxator ตรง 3 mm', 10, '850.00', 'm2070561', '430055', 'C-B-0075-SH', NULL),
(1615, 'Luxator โค้ง 5 mm', 10, '850.00', 'm2070571', '430056', 'C-B-0076-SH', NULL),
(1616, 'Luxator ตรง 5 mm', 10, '850.00', 'm2070581', '430057', 'C-B-0077-SH', NULL),
(1617, 'Aspirated Syringe (A-Dent) แบบลูกศร', 10, '850.00', 'm2070591', '430058', 'D-B-0041-SD', NULL),
(1618, 'Kohler Tooth Forceps WITZER โค้ง (คีมถอนฟันปากจิ้งจก)', 22, '3200.00', 'm2070601', '430059', 'C-B-0080-SD', NULL),
(1619, 'Kohler Caewood Minnesota Cheek retractor', 22, '850.00', 'm2070611', '430060', 'D-A-0171-SD', NULL),
(1620, 'Elevator No.2 Us-Dontic', 10, '350.00', 'm2070621', '430061', 'C-B-0083-SH', NULL),
(1621, 'Root Tip Pick (ซ้าย) #2', 10, '350.00', 'm2070631', '430062', 'C-B-0085-SH', NULL);
INSERT INTO `item` (`item_id`, `item_name`, `unit_id`, `price_stock`, `code_item`, `code_1`, `code_2`, `exd_date`) VALUES
(1622, 'Root Tip Pick (ขวา) #3', 10, '350.00', 'm2070641', '430063', 'C-B-0086-SH', NULL),
(1623, 'Elevator No.1 Us-Dontic', 10, '350.00', 'm2070651', '430064', 'C-B-0087-SH', NULL),
(1624, 'Elevator ซ้าย Us-Dontic 190', 10, '350.00', 'm2070661', '430065', 'C-B-0088-SH', NULL),
(1625, 'Elevator ขวา Us-Dontic 191', 10, '350.00', 'm2070671', '430066', 'C-B-0089-SH', NULL),
(1626, 'Artery Forcep (ตรง)', 10, '150.00', 'm2070681', '430067', 'C-B-0090-SH', NULL),
(1627, 'Artery Forcep (โค้ง)', 10, '150.00', 'm2070691', '430068', 'C-B-0091-SH', NULL),
(1628, 'Needle holder (5 1/2\")', 10, '220.00', 'm2070701', '430069', 'D-B-0042-SH', NULL),
(1629, 'Blade holder No.3', 10, '60.00', 'm2070711', '430070', 'D-B-0043-SH', NULL),
(1630, 'Bone Curette #84', 10, '180.00', 'm2070721', '430071', 'C-B-0092-SH', NULL),
(1631, 'Bone Curette #85', 10, '180.00', 'm2070731', '430072', 'C-B-0093-SH', NULL),
(1632, 'Periosteal Elevator Molt No.9', 10, '300.00', 'm2070741', '430073', 'C-B-0094-SH', NULL),
(1633, 'Scissor Silk (โค้ง) สั้น', 10, '120.00', 'm2070751', '430074', 'C-B-0095-SH', NULL),
(1634, 'Syringe ยาชา/หักได้', 10, '550.00', 'm2070761', '430075', 'D-B-0044-DM', NULL),
(1635, 'Luxator Periotome L3S 3mm.', 10, '3300.00', 'm2070771', '430076', 'C-B-0100-##', NULL),
(1636, 'Luxator Periotome L3C 3mm.', 10, '3300.00', 'm2070781', '430077', 'C-B-0101-##', NULL),
(1637, 'Luxator Periotome L5S 5mm.', 10, '3300.00', 'm2070791', '430078', 'C-B-0102-##', NULL),
(1638, 'Luxator Periotome L5C 5mm.', 10, '3300.00', 'm2070801', '430079', 'C-B-0103-##', NULL),
(1639, 'Luxator Forte Elevator F25 2.5mm', 10, '3300.00', 'm2070811', '430080', 'C-B-0104-##', NULL),
(1640, 'Luxator Forte Elevator F32 3.25mm', 10, '3300.00', 'm2070821', '430081', 'C-B-0105-##', NULL),
(1641, 'Byonet ขวา', 10, '490.00', 'm2070831', '430082', 'C-B-0107-SH', NULL),
(1642, 'Mead rongeurs #R1A Hu-Friedy', 10, NULL, 'm2070841', '430083', 'C -B-0108-AC', NULL),
(1643, 'Forcep #69 Hu-Friedy', 10, NULL, 'm2070851', '430084', 'C -B-0109-AC', NULL),
(1644, 'La grange scissors', 10, '1000.00', 'm2070861', '430085', 'C-B-0110-DM', NULL),
(1645, 'หัวกรอเร็ว Air Router', 10, '11000.00', 'm3010011', '230054', 'A-C-0021-EM', NULL),
(1646, 'หัวกรอเร็ว Air Router', NULL, NULL, 'm3010012', NULL, NULL, NULL),
(1647, 'หัวกรอ Straight ', 10, '5850.00', 'm3010021', '230057', 'A-C-0028-EM', NULL),
(1648, 'หัวกรอ Straight ', 21, '8000.00', 'm3010022', '220082', 'A-C-0034-TS', NULL),
(1649, 'หัวกรอ Phophy ', 10, '3500.00', 'm3010031', '230056', 'A-C-0025-EM', NULL),
(1650, 'หัวกรอ Contra ', 29, '4900.00', 'm3010041', '230058', 'A-C-0023-EM', NULL),
(1651, 'หัวกรอ Contra ', 10, '4500.00', 'm3010042', '230055', 'A-C-0024-EM', NULL),
(1652, 'หัวกรอ Contra ', 21, '8800.00', 'm3010043', '230097', 'A-C-0037-TS', NULL),
(1653, 'ด้ามกรอช้า Air motor', 21, '13000.00', 'm3010051', '230091', 'A-C-0035-TS', NULL),
(1654, 'ด้ามกรอช้า Air motor', 10, '6500.00', 'm3010052', '230052', 'A-C-0018-EM', NULL),
(1655, 'เครื่องพ่นทราย', 13, '2500.00', 'm3010061', '230116', 'C-A-0163-SH', NULL),
(1656, 'เครื่องปั่น Amalgam ', 13, '5800.00', 'm3010071', '210004', 'A-C-0011-DM', NULL),
(1657, 'เครื่องฉายแสงจัดฟีน สีดำ  LED USA PLUG #60013941', 13, '28000.00', 'm3010081', '210005', 'A-C-0007-AC', NULL),
(1658, 'เครื่องฉายแสง ยี่ห้ออื่นๆ', 13, '15000.00', 'm3010091', '210002', 'A-C-0006-OB', NULL),
(1659, 'เครื่องฉายแสง Woodpacker', 13, '10000.00', 'm3010101', '210003', 'A-C-0008-SH', NULL),
(1660, 'เครื่องฉายแสง ', 13, '7500.00', 'm3010111', '230115', 'A-C-0065-CM', NULL),
(1661, 'เครื่องขูดหินปูน ', 13, '5950.00', 'm3010121', '210001', 'A-C-0005-SH', NULL),
(1662, 'Joint Air Router ', 29, '6900.00', 'm3010131', '230060', 'A-C-0032-EM', NULL),
(1663, 'เครื่องทำ retainer ใส', 13, '10000.00', 'm3010141', NULL, NULL, NULL),
(1664, 'เครื่องกล๊าสบีซ', 13, '4500.00', 'm3040011', '310001', 'A-C-0002-DK', NULL),
(1665, 'เครื่องซีล Fhshand Operated Single Impulse Sealer', 13, '10000.00', 'm3060011', '110002', 'A-C-0010-SM', NULL),
(1666, 'เครื่องซีล Automatic Manual Sealer', 13, '15000.00', 'm3060021', '110001', 'A-C-0009-SM', NULL),
(1667, 'เครื่องกรอฟันคุด Micro motor', 13, '38500.00', 'm3070011', '410001', 'A-C-0001-EM', NULL),
(1668, 'ตัวนำร่องไหม', 23, '480.00', 'm4010011', '730002', 'B-G-0005-TG', NULL),
(1669, 'น้ำยาบ้วนปาก Phos-flur', 23, '1862.00', 'm4010021', '730003', 'B-E-0003-DK', NULL),
(1670, 'ยาสีฟัน AUTRO PRO APPLE แอปเปิ้ล', 23, '1440.00', 'm4010031', '730009', 'B-C-0008-TG', NULL),
(1671, 'ยา AMOXY 500 MG', 4, '620.00', 'm4010041', '730010', 'B-A-0001-SN', NULL),
(1672, 'ยา CEMOL 1000 MG. พาราเซตามอล', 25, '255.00', 'm4010051', '730011', 'B-A-0002-SN', NULL),
(1673, 'ยา CLINDAVID 300 MG.', 4, '320.00', 'm4010061', '730012', 'B-A-0003-SN', NULL),
(1674, 'ยา I-BRUFEN 400 MG.', 4, '505.00', 'm4010071', '730013', 'B-A-0004-SN', NULL),
(1675, 'ยา METROLEX 400 MG', 4, '112.00', 'm4010081', '730014', 'B-A-0005-SN', NULL),
(1676, 'ไหมขัดฟัน 55 หลา M มิ้น', 23, '430.00', 'm4010091', '730015', 'B-D-0001-TG', NULL),
(1677, 'ไหมขัดฟัน callgate', 4, '589.00', 'm4010101', '730016', 'B-D-0002-DK', NULL),
(1678, 'น้ำยาบ้วนปาก C-20 สีชมพู', 3, '588.00', 'm4010111', '730017', 'B-E-0001-OS', NULL),
(1679, 'ไหมขัดฟัน SUPREME FLOSS (100)', 4, '205.00', 'm4010121', '730018', 'B-D-0003-TG', NULL),
(1680, 'กล่องใสน้ำยาฟอกสีฟัน สำหรับแจกคนไข้', 1, '140.00', 'm4010131', '730020', 'A-B-0003-QP', NULL),
(1681, 'ยาสีฟัน AUTRO PRO LEMON มะนาว', 23, '1440.00', 'm4010141', '730021', 'B-C-0010-TG', NULL),
(1682, 'ยาสีฟัน Dentium MINT มิ้น 100g', 23, '1440.00', 'm4010151', '730022', 'B-C-0011-TG', NULL),
(1683, 'ยา I-BRUFEN 400 MG.', 4, '450.00', 'm4010161', '730023', 'B-A-0006-OS', NULL),
(1684, 'น้ำยาบ้วนปาก C-20 สีฟ้า', 3, '384.00', 'm4010171', '730024', 'B-E-0004-OS', NULL),
(1685, 'ขี้ผึ้งจัดฟัน มิ้น', 4, '1000.00', 'm4040011', '730001', 'B-G-0002-TG', NULL),
(1686, 'แปรงสีฟันจัดฟัน SOFT CLEAN', 23, '480.00', 'm4040021', '730004', 'B-B-0009-TG', NULL),
(1687, 'แปรงซอกฟัน 3 M เขียว S', 1, '92.00', 'm4040031', '730005', 'B-B-0001-3M', NULL),
(1688, 'แปรงซอกฟัน 3 M ชมพู SS', 1, '92.00', 'm4040041', '730006', 'B-B-0002-3M', NULL),
(1689, 'แปรงซอกฟัน colgate 2 mm.', 4, '321.00', 'm4040051', '730007', 'B-B-0003-DK', NULL),
(1690, 'แปรงซอกฟัน Dr. Phillips', 4, '500.00', 'm4040061', '730008', 'B-B-0006-TG', 60);

-- --------------------------------------------------------

--
-- Table structure for table `level`
--

CREATE TABLE `level` (
  `level_id` int(11) NOT NULL,
  `level_name` varchar(100) NOT NULL
) ENGINE=InnoDB DEFAULT CHARSET=utf8;

--
-- Dumping data for table `level`
--

INSERT INTO `level` (`level_id`, `level_name`) VALUES
(1, 'พนักงาน(Plus Dental Clinic)'),
(2, 'ผู้จัดการสาขา'),
(3, 'ผู้จัดการเขต'),
(4, 'แอดมิน');

-- --------------------------------------------------------

--
-- Table structure for table `line`
--

CREATE TABLE `line` (
  `line_id` int(11) NOT NULL,
  `line_group` varchar(100) NOT NULL,
  `line_role` int(11) NOT NULL
) ENGINE=InnoDB DEFAULT CHARSET=utf8;

-- --------------------------------------------------------

--
-- Table structure for table `marque`
--

CREATE TABLE `marque` (
  `marque_id` int(11) NOT NULL,
  `marque_name` varchar(100) DEFAULT NULL
) ENGINE=InnoDB DEFAULT CHARSET=utf8;

--
-- Dumping data for table `marque`
--

INSERT INTO `marque` (`marque_id`, `marque_name`) VALUES
(1, 'ThaiBulk SMS'),
(2, 'NSK Prophy'),
(3, '3M / DKSH'),
(4, 'CTM'),
(5, 'Orthobrite'),
(6, 'Ortholine'),
(7, 'NSK Panaair FX'),
(8, 'W&H'),
(9, 'NSK FX65'),
(10, 'W&H HE-43 '),
(11, 'NSK FX57'),
(12, 'NSK (คาดน้ำเงิน)'),
(13, 'NSK FX23'),
(14, 'WE-56 W&H'),
(15, 'AM-25 RM W&H'),
(16, 'NSK'),
(17, 'MONITEX'),
(18, 'SPEC 3'),
(19, 'Other'),
(20, 'Woodpacker'),
(21, 'B-Cure'),
(22, 'NSK VOLVERE i7');

-- --------------------------------------------------------

--
-- Table structure for table `nature`
--

CREATE TABLE `nature` (
  `nature_id` int(11) NOT NULL,
  `nature_name` varchar(100) NOT NULL
) ENGINE=InnoDB DEFAULT CHARSET=utf8;

--
-- Dumping data for table `nature`
--

INSERT INTO `nature` (`nature_id`, `nature_name`) VALUES
(1, 'asset'),
(2, 'equipment'),
(3, 'material'),
(4, 'product');

-- --------------------------------------------------------

--
-- Table structure for table `stock`
--

CREATE TABLE `stock` (
  `stock_id` int(11) NOT NULL,
  `item_id` int(11) NOT NULL,
  `type_id` int(11) NOT NULL,
  `nature_id` int(11) NOT NULL,
  `division_id` int(11) NOT NULL,
  `marque_id` int(11) DEFAULT NULL,
  `img_stock` varchar(100) NOT NULL,
  `vendor_id` int(11) DEFAULT NULL
) ENGINE=InnoDB DEFAULT CHARSET=utf8;

--
-- Dumping data for table `stock`
--

INSERT INTO `stock` (`stock_id`, `item_id`, `type_id`, `nature_id`, `division_id`, `marque_id`, `img_stock`, `vendor_id`) VALUES
(1, 1, 1, 3, 1, NULL, 'g1060011.jpg', 1),
(2, 2, 1, 3, 1, NULL, 'g1060021 .jpg', 2),
(3, 3, 1, 3, 1, NULL, 'g1060031 .jpg', 3),
(4, 4, 1, 3, 1, NULL, 'g1060041 .jpg', 3),
(5, 5, 1, 3, 1, NULL, 'g1060051 .jpg', 3),
(6, 6, 1, 3, 1, NULL, 'g1060061 .jpg', 3),
(7, 7, 1, 3, 1, NULL, 'g1060071 .jpg', 3),
(8, 8, 1, 3, 1, NULL, 'g1060081 .jpg', 3),
(9, 9, 1, 3, 1, NULL, 'g1060091 .jpg', 3),
(10, 10, 1, 3, 1, NULL, 'g1060101 .jpg', 3),
(11, 11, 1, 3, 1, NULL, 'g1060111 .jpg', 3),
(12, 12, 1, 3, 1, NULL, 'g1060121 .jpg', 3),
(13, 13, 1, 3, 1, NULL, 'g1060131 .jpg', 3),
(14, 14, 1, 3, 1, NULL, 'g1060141 .jpg', 3),
(15, 15, 1, 3, 1, NULL, 'g1060151 .jpg', 3),
(16, 16, 1, 3, 1, NULL, 'g1060161 .jpg', 3),
(17, 17, 1, 3, 1, NULL, 'g1060171 .jpg', 3),
(18, 18, 1, 3, 1, NULL, 'g1060181 .jpg', 3),
(19, 19, 1, 3, 1, NULL, 'g1060191 .jpg', 3),
(20, 20, 1, 3, 1, NULL, 'g1060201 .jpg', 3),
(21, 21, 1, 3, 1, NULL, 'g1060211 .jpg', 3),
(22, 22, 1, 3, 1, NULL, 'g1060221 .jpg', 3),
(23, 23, 1, 3, 1, NULL, 'g1060231 .jpg', 3),
(24, 24, 1, 3, 1, NULL, 'g1060241 .jpg', 3),
(25, 25, 1, 3, 1, NULL, 'g1060251 .jpg', 3),
(26, 26, 1, 3, 1, NULL, 'g1060261 .jpg', 3),
(27, 27, 1, 3, 1, NULL, 'g1060271 .jpg', 3),
(28, 28, 1, 3, 1, NULL, 'g1060281 .jpg', 3),
(29, 29, 1, 3, 1, NULL, 'g1060291 .jpg', 3),
(30, 30, 1, 3, 1, NULL, 'g1060301 .jpg', 3),
(31, 31, 1, 3, 1, NULL, 'g1060311 .jpg', 3),
(32, 32, 1, 3, 1, NULL, 'g1060321 .jpg', 3),
(33, 33, 1, 3, 1, NULL, 'g1060331 .jpg', 3),
(34, 34, 1, 3, 1, NULL, 'g1060341 .jpg', 3),
(35, 35, 1, 3, 1, NULL, 'g1060351 .jpg', 3),
(36, 36, 1, 3, 1, NULL, 'g1060361 .jpg', 3),
(37, 37, 1, 3, 1, NULL, 'g1060371 .jpg', 3),
(38, 38, 1, 3, 1, NULL, 'g1060381 .jpg', 3),
(39, 39, 1, 3, 1, NULL, 'g1060391 .jpg', 4),
(40, 40, 1, 3, 1, NULL, 'g1060401 .jpg', 4),
(41, 41, 1, 3, 1, NULL, 'g1060411 .jpg', 4),
(42, 42, 1, 3, 1, NULL, 'g1060421 .jpg', 4),
(43, 43, 1, 3, 1, NULL, 'g1060431 .jpg', 4),
(44, 44, 1, 3, 1, NULL, 'g1060441 .jpg', 4),
(45, 45, 1, 3, 1, NULL, 'g1060451 .jpg', 4),
(46, 46, 1, 3, 1, NULL, 'g1060461 .jpg', 4),
(47, 47, 1, 3, 1, NULL, 'g1060471 .jpg', 4),
(48, 48, 1, 3, 1, NULL, 'g1060481 .jpg', 4),
(49, 49, 1, 3, 1, NULL, 'g1060491 .jpg', 5),
(50, 50, 1, 3, 1, NULL, 'g1060501 .jpg', 5),
(51, 51, 1, 3, 1, NULL, 'g1060511 .jpg', 5),
(52, 52, 1, 3, 1, NULL, 'g1060521 .jpg', 5),
(53, 53, 1, 3, 1, NULL, 'g1060531 .jpg', 5),
(54, 54, 1, 3, 1, NULL, 'g1060541 .jpg', 5),
(55, 55, 1, 3, 1, NULL, 'g1060551 .jpg', 5),
(56, 56, 1, 3, 1, NULL, 'g1060561 .jpg', 5),
(57, 57, 1, 3, 1, NULL, 'g1060571 .jpg', 5),
(58, 58, 1, 3, 1, NULL, 'g1060581 .jpg', 5),
(59, 59, 1, 3, 1, NULL, 'g1060591 .jpg', 5),
(60, 60, 1, 3, 1, NULL, 'g1060601 .jpg', 5),
(61, 61, 1, 3, 1, NULL, 'g1060611 .jpg', 5),
(62, 62, 1, 3, 1, NULL, 'g1060621 .jpg', 5),
(63, 63, 1, 3, 1, NULL, 'g1060631 .jpg', 5),
(64, 64, 1, 3, 1, NULL, 'g1060641 .jpg', 5),
(65, 65, 1, 3, 1, NULL, 'g1060651 .jpg', 5),
(66, 66, 1, 3, 2, NULL, 'g1080011 .jpg', NULL),
(67, 67, 1, 3, 2, NULL, 'g1080021 .jpg', NULL),
(68, 68, 1, 3, 2, NULL, 'g1080031 .jpg', NULL),
(69, 69, 1, 3, 2, NULL, 'g1080041 .jpg', NULL),
(70, 70, 1, 3, 2, NULL, 'g1080051 .jpg', NULL),
(71, 71, 1, 3, 2, NULL, 'g1080061 .jpg', NULL),
(72, 72, 1, 3, 2, NULL, 'g1080071 .jpg', NULL),
(73, 73, 1, 3, 2, NULL, 'g1080081 .jpg', NULL),
(74, 74, 1, 3, 2, NULL, 'g1080091 .jpg', NULL),
(75, 75, 1, 3, 2, NULL, 'g1080101 .jpg', NULL),
(76, 76, 1, 3, 2, NULL, 'g1080111 .jpg', NULL),
(77, 77, 1, 3, 2, NULL, 'g1080121 .jpg', NULL),
(78, 78, 1, 3, 2, NULL, 'g1080131 .jpg', NULL),
(79, 79, 1, 3, 2, NULL, 'g1080141 .jpg', NULL),
(80, 80, 1, 3, 2, NULL, 'g1080151 .jpg', NULL),
(81, 81, 1, 3, 2, NULL, 'g1080161 .jpg', NULL),
(82, 82, 1, 3, 2, NULL, 'g1080171 .jpg', NULL),
(83, 83, 1, 3, 2, NULL, 'g1080181 .jpg', NULL),
(84, 84, 1, 3, 2, NULL, 'g1080191 .jpg', NULL),
(85, 85, 1, 3, 2, NULL, 'g1080201 .jpg', NULL),
(86, 86, 1, 3, 2, NULL, 'g1080211 .jpg', NULL),
(87, 87, 1, 3, 2, NULL, 'g1080221 .jpg', NULL),
(88, 88, 1, 3, 2, NULL, 'g1080231 .jpg', NULL),
(89, 89, 1, 3, 2, NULL, 'g1080241 .jpg', NULL),
(90, 90, 1, 3, 2, NULL, 'g1080251 .jpg', NULL),
(91, 91, 1, 3, 2, NULL, 'g1080261 .jpg', NULL),
(92, 92, 1, 3, 2, NULL, 'g1080271 .jpg', NULL),
(93, 93, 1, 3, 2, NULL, 'g1080281 .jpg', 6),
(94, 94, 1, 3, 2, NULL, 'g1080291 .jpg', 6),
(95, 95, 1, 3, 2, NULL, 'g1080301 .jpg', NULL),
(96, 96, 1, 3, 2, NULL, 'g1080311 .jpg', NULL),
(97, 97, 1, 3, 2, NULL, 'g1080321 .jpg', NULL),
(98, 98, 1, 3, 2, NULL, 'g1080331 .jpg', 7),
(99, 99, 1, 3, 2, NULL, 'g1080341 .jpg', NULL),
(100, 100, 1, 3, 2, 1, 'g1080661 .jpg', 8),
(101, 101, 1, 3, 3, NULL, 'g1090011 .jpg', NULL),
(102, 102, 1, 3, 3, NULL, 'g1090021 .jpg', NULL),
(103, 103, 1, 3, 4, NULL, 'g1100011 .jpg', 5),
(104, 104, 1, 3, 4, NULL, 'g1100021 .jpg', 5),
(105, 105, 1, 3, 4, NULL, 'g1100031 .jpg', 5),
(106, 106, 1, 3, 4, NULL, 'g1100041 .jpg', 5),
(107, 107, 1, 3, 4, NULL, 'g1100051 .jpg', 5),
(108, 108, 1, 3, 4, NULL, 'g1100061 .jpg', 5),
(109, 109, 1, 3, 4, NULL, 'g1100071 .jpg', 5),
(110, 110, 1, 3, 4, NULL, 'g1100081 .jpg', 5),
(111, 111, 1, 3, 4, NULL, 'g1100091 .jpg', 5),
(112, 112, 1, 3, 4, NULL, 'g1100101 .jpg', 5),
(113, 113, 1, 3, 4, NULL, 'g1100111 .jpg', 5),
(114, 114, 1, 3, 4, NULL, 'g1100121 .jpg', 5),
(115, 115, 1, 3, 4, NULL, 'g1100131 .jpg', 5),
(116, 116, 1, 3, 4, NULL, 'g1100141 .jpg', 5),
(117, 117, 1, 3, 4, NULL, 'g1100151 .jpg', 5),
(118, 118, 1, 3, 4, NULL, 'g1100161 .jpg', 5),
(119, 119, 1, 3, 4, NULL, 'g1100171 .jpg', 5),
(120, 120, 1, 3, 4, NULL, 'g1100181 .jpg', 5),
(121, 121, 1, 3, 4, NULL, 'g1100191 .jpg', 5),
(122, 122, 1, 3, 4, NULL, 'g1100201 .jpg', 5),
(123, 123, 1, 3, 4, NULL, 'g1100211 .jpg', 5),
(124, 124, 1, 3, 4, NULL, 'g1100221 .jpg', 5),
(125, 125, 1, 3, 4, NULL, 'g1100231 .jpg', 5),
(126, 126, 1, 3, 4, NULL, 'g1100241 .jpg', 5),
(127, 127, 1, 3, 4, NULL, 'g1100251 .jpg', 5),
(128, 128, 1, 3, 4, NULL, 'g1100261 .jpg', 5),
(129, 129, 1, 3, 4, NULL, 'g1100271 .jpg', 5),
(130, 130, 1, 3, 4, NULL, 'g1100281 .jpg', 5),
(131, 131, 1, 3, 4, NULL, 'g1100291 .jpg', 5),
(132, 132, 1, 3, 4, NULL, 'g1100301 .jpg', 5),
(133, 133, 1, 3, 4, NULL, 'g1100311 .jpg', 5),
(134, 134, 1, 3, 4, NULL, 'g1100321 .jpg', 5),
(135, 135, 1, 3, 4, NULL, 'g1100331 .jpg', 5),
(136, 136, 1, 3, 4, NULL, 'g1100341 .jpg', 5),
(137, 137, 1, 3, 4, NULL, 'g1100351 .jpg', 5),
(138, 138, 1, 3, 4, NULL, 'g1100361 .jpg', 5),
(139, 139, 1, 3, 4, NULL, 'g1100371 .jpg', 5),
(140, 140, 1, 3, 4, NULL, 'g1100381 .jpg', 5),
(141, 141, 1, 3, 4, NULL, 'g1100391 .jpg', 5),
(142, 142, 1, 3, 4, NULL, 'g1100401 .jpg', 5),
(143, 143, 1, 3, 4, NULL, 'g1100411 .jpg', 5),
(144, 144, 1, 3, 4, NULL, 'g1100421 .jpg', 5),
(145, 145, 1, 3, 4, NULL, 'g1100431 .jpg', 5),
(146, 146, 1, 3, 4, NULL, 'g1100441 .jpg', 5),
(147, 147, 1, 3, 4, NULL, 'g1100451 .jpg', 5),
(148, 148, 1, 3, 4, NULL, 'g1100461 .jpg', 5),
(149, 149, 1, 3, 4, NULL, 'g1100471 .jpg', 5),
(150, 150, 1, 3, 4, NULL, 'g1100481 .jpg', 5),
(151, 151, 1, 3, 4, NULL, 'g1100491 .jpg', 5),
(152, 152, 1, 3, 4, NULL, 'g1100501 .jpg', 5),
(153, 153, 1, 3, 4, NULL, 'g1100511 .jpg', 5),
(154, 154, 1, 3, 4, NULL, 'g1100521 .jpg', 5),
(155, 155, 1, 3, 4, NULL, 'g1100531 .jpg', 5),
(156, 156, 1, 3, 4, NULL, 'g1100541 .jpg', 5),
(157, 157, 1, 3, 4, NULL, 'g1100551 .jpg', 5),
(158, 158, 1, 3, 4, NULL, 'g1100561 .jpg', 5),
(159, 159, 1, 3, 4, NULL, 'g1100571 .jpg', 5),
(160, 160, 1, 3, 4, NULL, 'g1100581 .jpg', 5),
(161, 161, 1, 3, 4, NULL, 'g1100591 .jpg', 5),
(162, 162, 1, 3, 4, NULL, 'g1100601 .jpg', 5),
(163, 163, 1, 3, 4, NULL, 'g1100611 .jpg', 5),
(164, 164, 1, 3, 4, NULL, 'g1100621 .jpg', 5),
(165, 165, 1, 3, 4, NULL, 'g1100631 .jpg', 5),
(166, 166, 1, 3, 4, NULL, 'g1100641 .jpg', 5),
(167, 167, 1, 3, 4, NULL, 'g1100651 .jpg', 5),
(168, 168, 1, 3, 4, NULL, 'g1100661 .jpg', 5),
(169, 169, 1, 3, 4, NULL, 'g1100671 .jpg', 5),
(170, 170, 1, 3, 4, NULL, 'g1100681 .jpg', 5),
(171, 171, 1, 3, 4, NULL, 'g1100691 .jpg', 5),
(172, 172, 1, 3, 4, NULL, 'g1100701 .jpg', 5),
(173, 173, 1, 3, 4, NULL, 'g1100711 .jpg', 5),
(174, 174, 1, 3, 4, NULL, 'g1100721 .jpg', 5),
(175, 175, 1, 3, 4, NULL, 'g1100731 .jpg', 5),
(176, 176, 1, 3, 4, NULL, 'g1100741 .jpg', 5),
(177, 177, 1, 3, 4, NULL, 'g1100751 .jpg', 5),
(178, 178, 1, 3, 4, NULL, 'g1100761 .jpg', 5),
(179, 179, 1, 3, 4, NULL, 'g1100771 .jpg', 5),
(180, 180, 1, 3, 4, NULL, 'g1100781 .jpg', 5),
(181, 181, 1, 3, 4, NULL, 'g1100791 .jpg', 5),
(182, 182, 1, 3, 4, NULL, 'g1100801 .jpg', 5),
(183, 183, 1, 3, 4, NULL, 'g1100811 .jpg', 5),
(184, 184, 1, 3, 4, NULL, 'g1100821 .jpg', 5),
(185, 185, 1, 3, 4, NULL, 'g1100831 .jpg', 5),
(186, 186, 1, 3, 4, NULL, 'g1100841 .jpg', 5),
(187, 187, 1, 3, 4, NULL, 'g1100851 .jpg', 5),
(188, 188, 1, 3, 4, NULL, 'g1100861 .jpg', 5),
(189, 189, 1, 3, 4, NULL, 'g1100871 .jpg', 5),
(190, 190, 1, 3, 4, NULL, 'g1100881 .jpg', 5),
(191, 191, 1, 3, 4, NULL, 'g1100891 .jpg', 5),
(192, 192, 1, 3, 4, NULL, 'g1100901 .jpg', 5),
(193, 193, 1, 3, 4, NULL, 'g1100911 .jpg', 5),
(194, 194, 1, 3, 4, NULL, 'g1100921 .jpg', 5),
(195, 195, 1, 3, 4, NULL, 'g1100931 .jpg', 5),
(196, 196, 1, 3, 4, NULL, 'g1100941 .jpg', 5),
(197, 197, 1, 3, 4, NULL, 'g1100951 .jpg', 5),
(198, 198, 1, 3, 4, NULL, 'g1100961 .jpg', 5),
(199, 199, 1, 3, 4, NULL, 'g1100971 .jpg', 5),
(200, 200, 1, 3, 4, NULL, 'g1100981 .jpg', 5),
(201, 201, 1, 3, 4, NULL, 'g1100991 .jpg', 5),
(202, 202, 1, 3, 4, NULL, 'g1101001 .jpg', 5),
(203, 203, 1, 3, 4, NULL, 'g1101011 .jpg', 5),
(204, 204, 1, 3, 4, NULL, 'g1101021 .jpg', 5),
(205, 205, 1, 3, 4, NULL, 'g1101031 .jpg', 5),
(206, 206, 1, 3, 4, NULL, 'g1101041 .jpg', 5),
(207, 207, 1, 3, 4, NULL, 'g1101051 .jpg', 5),
(208, 208, 1, 3, 4, NULL, 'g1101061 .jpg', 5),
(209, 209, 1, 3, 4, NULL, 'g1101071 .jpg', 5),
(210, 210, 1, 3, 4, NULL, 'g1101081 .jpg', 5),
(211, 211, 1, 3, 4, NULL, 'g1101091 .jpg', 5),
(212, 212, 1, 3, 4, NULL, 'g1101101 .jpg', 5),
(213, 213, 1, 3, 4, NULL, 'g1101111 .jpg', 5),
(214, 214, 1, 3, 4, NULL, 'g1101121 .jpg', 5),
(215, 215, 1, 3, 4, NULL, 'g1101131 .jpg', 5),
(216, 216, 1, 3, 4, NULL, 'g1101141 .jpg', 5),
(217, 217, 1, 3, 4, NULL, 'g1101151 .jpg', 5),
(218, 218, 1, 3, 4, NULL, 'g1101161 .jpg', 5),
(219, 219, 1, 3, 4, NULL, 'g1101171 .jpg', 5),
(220, 220, 1, 3, 4, NULL, 'g1101181 .jpg', 5),
(221, 221, 1, 3, 4, NULL, 'g1101191 .jpg', 5),
(222, 222, 1, 3, 4, NULL, 'g1101201 .jpg', 5),
(223, 223, 1, 3, 4, NULL, 'g1101211 .jpg', 5),
(224, 224, 1, 3, 4, NULL, 'g1101221 .jpg', 5),
(225, 225, 1, 3, 4, NULL, 'g1101231 .jpg', 5),
(226, 226, 1, 3, 4, NULL, 'g1101241 .jpg', 5),
(227, 227, 1, 3, 4, NULL, 'g1101251 .jpg', 5),
(228, 228, 1, 3, 4, NULL, 'g1101261 .jpg', 5),
(229, 229, 1, 3, 4, NULL, 'g1101271 .jpg', 5),
(230, 230, 1, 3, 4, NULL, 'g1101281 .jpg', 5),
(231, 231, 1, 3, 4, NULL, 'g1101291 .jpg', 5),
(232, 232, 1, 3, 4, NULL, 'g1101301 .jpg', 5),
(233, 233, 1, 3, 4, NULL, 'g1101311 .jpg', 5),
(234, 234, 1, 3, 4, NULL, 'g1101321 .jpg', 5),
(235, 235, 1, 3, 4, NULL, 'g1101331 .jpg', 5),
(236, 236, 1, 3, 4, NULL, 'g1101341 .jpg', 5),
(237, 237, 1, 3, 4, NULL, 'g1101351 .jpg', 5),
(238, 238, 1, 3, 4, NULL, 'g1101361 .jpg', 5),
(239, 239, 1, 2, 1, NULL, 'g2060011 .jpg', 2),
(240, 240, 1, 2, 1, NULL, 'g2060021 .jpg', 2),
(241, 241, 1, 2, 1, NULL, 'g2060031 .jpg', 2),
(242, 242, 1, 2, 1, NULL, 'g2060041 .jpg', 2),
(243, 243, 1, 2, 1, NULL, 'g2060051 .jpg', 2),
(244, 244, 1, 2, 1, NULL, 'g2060061 .jpg', 2),
(245, 245, 1, 2, 1, NULL, 'g2060071 .jpg', 2),
(246, 246, 1, 2, 1, NULL, 'g2060081 .jpg', 2),
(247, 247, 1, 2, 1, NULL, 'g2060091 .jpg', 2),
(248, 248, 1, 2, 1, NULL, 'g2060101 .jpg', 2),
(249, 249, 1, 2, 1, NULL, 'g2060111 .jpg', 9),
(250, 250, 1, 2, 1, NULL, 'g2060121 .jpg', 10),
(251, 251, 1, 2, 1, NULL, 'g2060131 .jpg', 10),
(252, 252, 1, 2, 1, NULL, 'g2060141 .jpg', 10),
(253, 253, 1, 2, 5, NULL, 'g2070011 .jpg', NULL),
(254, 254, 1, 2, 5, NULL, 'g2070021 .jpg', NULL),
(255, 255, 1, 2, 5, NULL, 'g2070031 .jpg', NULL),
(256, 256, 1, 2, 5, NULL, 'g2070041 .jpg', NULL),
(257, 257, 1, 2, 2, NULL, 'g2080011 .jpg', NULL),
(258, 258, 1, 2, 2, NULL, 'g2080021 .jpg', NULL),
(259, 259, 1, 2, 2, NULL, 'g2080031 .jpg', NULL),
(260, 260, 1, 2, 2, NULL, 'g2080041 .jpg', NULL),
(261, 261, 1, 2, 2, NULL, 'g2080051 .jpg', NULL),
(262, 262, 1, 2, 2, NULL, 'g2080061 .jpg', NULL),
(263, 263, 1, 2, 2, NULL, 'g2080071 .jpg', NULL),
(264, 264, 1, 2, 2, NULL, 'g2080081 .jpg', 11),
(265, 265, 1, 2, 2, NULL, 'g2080091 .jpg', 11),
(266, 266, 1, 2, 2, NULL, 'g2080101 .jpg', 11),
(267, 267, 1, 2, 2, NULL, 'g2080111 .jpg', 11),
(268, 268, 1, 2, 2, NULL, 'g2080121 .jpg', 11),
(269, 269, 1, 2, 2, NULL, 'g2080131 .jpg', 12),
(270, 270, 1, 2, 2, NULL, 'g2080141 .jpg', 13),
(271, 271, 1, 2, 2, NULL, 'g2080151 .jpg', 14),
(272, 272, 1, 2, 2, NULL, 'g2080191 .jpg', NULL),
(273, 273, 1, 2, 2, NULL, 'g2080201 .jpg', 15),
(274, 274, 1, 2, 2, NULL, 'g2080211 .jpg', NULL),
(275, 275, 1, 2, 3, NULL, 'g2090161 .jpg', NULL),
(276, 276, 1, 2, 3, NULL, 'g2090171 .jpg', NULL),
(277, 277, 1, 2, 3, NULL, 'g2090181 .jpg', NULL),
(278, 278, 1, 1, 2, NULL, 'g3080011 .jpg', NULL),
(279, 279, 1, 1, 2, NULL, 'g3080021 .jpg', NULL),
(280, 280, 1, 1, 2, NULL, 'g3080031 .jpg', NULL),
(281, 281, 1, 1, 2, NULL, 'g3080041 .jpg', NULL),
(282, 282, 1, 1, 2, NULL, 'g3080051 .jpg', NULL),
(283, 283, 1, 1, 2, NULL, 'g3080061 .jpg', NULL),
(284, 284, 1, 1, 2, NULL, 'g3080071 .jpg', NULL),
(285, 285, 1, 1, 2, NULL, 'g3080081 .jpg', NULL),
(286, 286, 1, 1, 2, NULL, 'g3080091 .jpg', NULL),
(287, 287, 1, 1, 2, NULL, 'g3080101 .jpg', NULL),
(288, 288, 1, 1, 2, NULL, 'g3080111 .jpg', NULL),
(289, 289, 1, 1, 2, NULL, 'g3080121 .jpg', NULL),
(290, 290, 1, 1, 2, NULL, 'g3080131 .jpg', NULL),
(291, 291, 1, 1, 2, NULL, 'g3080141 .jpg', NULL),
(292, 292, 1, 1, 2, NULL, 'g3080151 .jpg', NULL),
(293, 293, 1, 1, 2, NULL, 'g3080161 .jpg', NULL),
(294, 294, 1, 1, 2, NULL, 'g3080171 .jpg', NULL),
(295, 295, 1, 1, 2, NULL, 'g3080181 .jpg', NULL),
(296, 296, 1, 1, 2, NULL, 'g3080191 .jpg', NULL),
(297, 297, 1, 1, 2, NULL, 'g3080201 .jpg', NULL),
(298, 298, 1, 1, 2, NULL, 'g3080211 .jpg', NULL),
(299, 299, 1, 1, 2, NULL, 'g3080221 .jpg', NULL),
(300, 300, 1, 1, 2, NULL, 'g3080231 .jpg', NULL),
(301, 301, 1, 1, 2, NULL, 'g3080241 .jpg', NULL),
(302, 302, 1, 1, 2, NULL, 'g3080251 .jpg', NULL),
(303, 303, 1, 1, 2, NULL, 'g3080261 .jpg', NULL),
(304, 304, 1, 1, 2, NULL, 'g3080271 .jpg', NULL),
(305, 305, 1, 1, 2, NULL, 'g3080281 .jpg', NULL),
(306, 306, 1, 1, 2, NULL, 'g3080291 .jpg', NULL),
(307, 307, 1, 1, 2, NULL, 'g3080301 .jpg', NULL),
(308, 308, 1, 1, 2, NULL, 'g3080311 .jpg', NULL),
(309, 309, 1, 1, 2, NULL, 'g3080321 .jpg', NULL),
(310, 310, 1, 1, 2, NULL, 'g3080331 .jpg', NULL),
(311, 311, 1, 1, 2, NULL, 'g3080341 .jpg', NULL),
(312, 312, 1, 1, 2, NULL, 'g3080351 .jpg', NULL),
(313, 313, 1, 1, 2, NULL, 'g3080361 .jpg', NULL),
(314, 314, 1, 1, 2, NULL, 'g3080371 .jpg', NULL),
(315, 315, 1, 1, 2, NULL, 'g3080381 .jpg', NULL),
(316, 316, 1, 1, 2, NULL, 'g3080391 .jpg', NULL),
(317, 317, 1, 1, 2, NULL, 'g3080401 .jpg', NULL),
(318, 318, 1, 1, 2, NULL, 'g3080411 .jpg', NULL),
(319, 319, 1, 1, 2, NULL, 'g3080421 .jpg', NULL),
(320, 320, 1, 1, 2, NULL, 'g3080431 .jpg', NULL),
(321, 321, 1, 1, 2, NULL, 'g3080441 .jpg', NULL),
(322, 322, 1, 1, 2, NULL, 'g3080451 .jpg', NULL),
(323, 323, 1, 1, 2, NULL, 'g3080461 .jpg', NULL),
(324, 324, 1, 1, 2, NULL, 'g3080471 .jpg', NULL),
(325, 325, 1, 1, 2, NULL, 'g3080481 .jpg', NULL),
(326, 326, 1, 1, 2, NULL, 'g3080491 .jpg', NULL),
(327, 327, 1, 1, 2, NULL, 'g3080501 .jpg', NULL),
(328, 328, 1, 1, 2, NULL, 'g3080511 .jpg', NULL),
(329, 329, 1, 1, 2, NULL, 'g3080521 .jpg', NULL),
(330, 330, 1, 1, 2, NULL, 'g3080531 .jpg', NULL),
(331, 331, 1, 1, 2, NULL, 'g3080541 .jpg', NULL),
(332, 332, 1, 1, 2, NULL, 'g3080551 .jpg', NULL),
(333, 333, 1, 1, 2, NULL, 'g3080561 .jpg', NULL),
(334, 334, 1, 1, 2, NULL, 'g3080571 .jpg', NULL),
(335, 335, 1, 1, 2, NULL, 'g3080581 .jpg', NULL),
(336, 336, 1, 1, 2, NULL, 'g3080591 .jpg', NULL),
(337, 337, 1, 1, 2, NULL, 'g3080601 .jpg', NULL),
(338, 338, 1, 1, 2, NULL, 'g3080611 .jpg', NULL),
(339, 339, 1, 1, 2, NULL, 'g3080621 .jpg', NULL),
(340, 340, 1, 1, 2, NULL, 'g3080631 .jpg', NULL),
(341, 341, 1, 1, 2, NULL, 'g3080641 .jpg', NULL),
(342, 342, 1, 1, 2, NULL, 'g3080651 .jpg', NULL),
(343, 343, 1, 1, 2, NULL, 'g3080661 .jpg', NULL),
(344, 344, 1, 1, 2, NULL, 'g3080671 .jpg', NULL),
(345, 345, 1, 1, 2, NULL, 'g3080681 .jpg', NULL),
(346, 346, 1, 1, 2, NULL, 'g3080691 .jpg', NULL),
(347, 347, 1, 1, 2, NULL, 'g3080701 .jpg', NULL),
(348, 348, 1, 1, 2, NULL, 'g3080711 .jpg', NULL),
(349, 349, 1, 1, 2, NULL, 'g3080721 .jpg', NULL),
(350, 350, 1, 1, 2, NULL, 'g3080731 .jpg', NULL),
(351, 351, 1, 1, 2, NULL, 'g3080741 .jpg', NULL),
(352, 352, 1, 1, 2, NULL, 'g3080751 .jpg', NULL),
(353, 353, 1, 1, 2, NULL, 'g3080761 .jpg', NULL),
(354, 354, 1, 1, 2, NULL, 'g3080771 .jpg', NULL),
(355, 355, 1, 1, 2, NULL, 'g3080781 .jpg', NULL),
(356, 356, 1, 1, 2, NULL, 'g3080791 .jpg', NULL),
(357, 357, 1, 1, 2, NULL, 'g3080801 .jpg', NULL),
(358, 358, 1, 1, 2, NULL, 'g3080811 .jpg', NULL),
(359, 359, 1, 1, 2, NULL, 'g3080821 .jpg', NULL),
(360, 360, 1, 1, 2, NULL, 'g3080831 .jpg', NULL),
(361, 361, 1, 1, 2, NULL, 'g3080841 .jpg', NULL),
(362, 362, 1, 1, 2, NULL, 'g3080851 .jpg', NULL),
(363, 363, 1, 1, 2, NULL, 'g3080861 .jpg', 16),
(364, 364, 1, 1, 2, NULL, 'g3080871 .jpg', 17),
(365, 365, 1, 1, 2, NULL, 'g3080881 .jpg', 17),
(366, 366, 1, 1, 2, NULL, 'g3080891 .jpg', 18),
(367, 367, 1, 1, 2, NULL, 'g3080901 .jpg', 19),
(368, 368, 1, 1, 2, NULL, 'g3080911 .jpg', 20),
(369, 369, 1, 1, 2, NULL, 'g3080921 .jpg', 21),
(370, 370, 1, 1, 2, NULL, 'g3080931 .jpg', 22),
(371, 371, 1, 1, 2, NULL, 'g3080941 .jpg', 12),
(372, 372, 1, 1, 2, NULL, 'g3080951 .jpg', 12),
(373, 373, 1, 1, 2, NULL, 'g3080961 .jpg', 12),
(374, 374, 1, 1, 2, NULL, 'g3080971 .jpg', 23),
(375, 375, 1, 1, 2, NULL, 'g3080981 .jpg', 24),
(376, 376, 1, 1, 3, NULL, 'g3090011 .jpg', NULL),
(377, 377, 1, 1, 3, NULL, 'g3090021 .jpg', NULL),
(378, 378, 2, 3, 6, NULL, 'm1010011 .jpg', 25),
(379, 379, 2, 3, 6, NULL, 'm1010021 .jpg', 25),
(380, 380, 2, 3, 6, NULL, 'm1010031 .jpg', 25),
(381, 381, 2, 3, 6, NULL, 'm1010041 .jpg', 25),
(382, 382, 2, 3, 6, NULL, 'm1010051 .jpg', 25),
(383, 383, 2, 3, 6, NULL, 'm1010061 .jpg', 25),
(384, 384, 2, 3, 6, NULL, 'm1010071 .jpg', 25),
(385, 385, 2, 3, 6, NULL, 'm1010081 .jpg', 25),
(386, 386, 2, 3, 6, NULL, 'm1010091 .jpg', 25),
(387, 387, 2, 3, 6, NULL, 'm1010101 .jpg', 26),
(388, 388, 2, 3, 6, NULL, 'm1010111 .jpg', 26),
(389, 389, 2, 3, 6, NULL, 'm1010121 .jpg', 26),
(390, 390, 2, 3, 6, NULL, 'm1010131 .jpg', 27),
(391, 391, 2, 3, 6, NULL, 'm1010141 .jpg', 28),
(392, 392, 2, 3, 6, NULL, 'm1010151 .jpg', 28),
(393, 393, 2, 3, 6, NULL, 'm1010161 .jpg', 25),
(394, 394, 2, 3, 6, NULL, 'm1010171 .jpg', 25),
(395, 395, 2, 3, 6, NULL, 'm1010181 .jpg', 25),
(396, 396, 2, 3, 6, NULL, 'm1010191 .jpg', 29),
(397, 397, 2, 3, 6, NULL, 'm1010192 .jpg', 30),
(398, 398, 2, 3, 6, NULL, 'm1010193 .jpg', 29),
(399, 399, 2, 3, 6, NULL, 'm1010194 .jpg', 31),
(400, 400, 2, 3, 6, NULL, 'm1010201 .jpg', 25),
(401, 401, 2, 3, 6, NULL, 'm1010211 .jpg', 25),
(402, 402, 2, 3, 6, NULL, 'm1010221 .jpg', 32),
(403, 403, 2, 3, 6, NULL, 'm1010231 .jpg', 25),
(404, 404, 2, 3, 6, NULL, 'm1010241 .jpg', 30),
(405, 405, 2, 3, 6, NULL, 'm1010242 .jpg', 30),
(406, 406, 2, 3, 6, NULL, 'm1010251 .jpg', 25),
(407, 407, 2, 3, 6, NULL, 'm1010261 .jpg', 33),
(408, 408, 2, 3, 6, NULL, 'm1010271 .jpg', 33),
(409, 409, 2, 3, 6, NULL, 'm1010281 .jpg', 34),
(410, 410, 2, 3, 6, NULL, 'm1010291 .jpg', 34),
(411, 411, 2, 3, 6, NULL, 'm1010301 .jpg', 34),
(412, 412, 2, 3, 6, NULL, 'm1010311 .jpg', 34),
(413, 413, 2, 3, 6, NULL, 'm1010321 .jpg', 25),
(414, 414, 2, 3, 6, NULL, 'm1010331 .jpg', 33),
(415, 415, 2, 3, 6, NULL, 'm1010341 .jpg', 33),
(416, 416, 2, 3, 6, NULL, 'm1010351 .jpg', 35),
(417, 417, 2, 3, 6, NULL, 'm1010361 .jpg', 36),
(418, 418, 2, 3, 6, NULL, 'm1010371 .jpg', 36),
(419, 419, 2, 3, 6, NULL, 'm1010381 .jpg', 36),
(420, 420, 2, 3, 6, NULL, 'm1010391 .jpg', 36),
(421, 421, 2, 3, 6, NULL, 'm1010401 .jpg', 33),
(422, 422, 2, 3, 6, NULL, 'm1010411 .jpg', 37),
(423, 423, 2, 3, 6, NULL, 'm1010421 .jpg', 28),
(424, 424, 2, 3, 6, NULL, 'm1010431 .jpg', 33),
(425, 425, 2, 3, 6, NULL, 'm1010441 .jpg', 33),
(426, 426, 2, 3, 6, NULL, 'm1010451 .jpg', 33),
(427, 427, 2, 3, 6, NULL, 'm1010461 .jpg', 33),
(428, 428, 2, 3, 6, NULL, 'm1010471 .jpg', 33),
(429, 429, 2, 3, 6, NULL, 'm1010481 .jpg', 33),
(430, 430, 2, 3, 6, NULL, 'm1010491 .jpg', 33),
(431, 431, 2, 3, 6, NULL, 'm1010501 .jpg', 33),
(432, 432, 2, 3, 6, NULL, 'm1010511 .jpg', 33),
(433, 433, 2, 3, 6, NULL, 'm1010521 .jpg', 33),
(434, 434, 2, 3, 6, NULL, 'm1010531 .jpg', 33),
(435, 435, 2, 3, 6, NULL, 'm1010541 .jpg', 33),
(436, 436, 2, 3, 6, NULL, 'm1010551 .jpg', 33),
(437, 437, 2, 3, 6, NULL, 'm1010561 .jpg', 33),
(438, 438, 2, 3, 6, NULL, 'm1010571 .jpg', 33),
(439, 439, 2, 3, 6, NULL, 'm1010581 .jpg', 38),
(440, 440, 2, 3, 6, NULL, 'm1010591 .jpg', 39),
(441, 441, 2, 3, 6, NULL, 'm1010601 .jpg', 33),
(442, 442, 2, 3, 6, NULL, 'm1010611 .jpg', 33),
(443, 443, 2, 3, 6, NULL, 'm1010621 .jpg', 33),
(444, 444, 2, 3, 6, NULL, 'm1010631 .jpg', 35),
(445, 445, 2, 3, 6, NULL, 'm1010641 .jpg', 34),
(446, 446, 2, 3, 6, NULL, 'm1010651 .jpg', 27),
(447, 447, 2, 3, 6, NULL, 'm1010661 .jpg', 40),
(448, 448, 2, 3, 6, NULL, 'm1010671 .jpg', 33),
(449, 449, 2, 3, 6, NULL, 'm1010681 .jpg', 33),
(450, 450, 2, 3, 6, NULL, 'm1010691 .jpg', 33),
(451, 451, 2, 3, 6, NULL, 'm1010701 .jpg', 41),
(452, 452, 2, 3, 6, NULL, 'm1010711 .jpg', 41),
(453, 453, 2, 3, 6, NULL, 'm1010721 .jpg', 41),
(454, 454, 2, 3, 6, NULL, 'm1010731 .jpg', 41),
(455, 455, 2, 3, 6, NULL, 'm1010741 .jpg', 33),
(456, 456, 2, 3, 6, NULL, 'm1010751 .jpg', 33),
(457, 457, 2, 3, 6, NULL, 'm1010761 .jpg', 33),
(458, 458, 2, 3, 6, NULL, 'm1010771 .jpg', 34),
(459, 459, 2, 3, 6, NULL, 'm1010781 .jpg', 33),
(460, 460, 2, 3, 6, NULL, 'm1010791 .jpg', 27),
(461, 461, 2, 3, 6, NULL, 'm1010801 .jpg', 27),
(462, 462, 2, 3, 6, NULL, 'm1010811 .jpg', 26),
(463, 463, 2, 3, 6, NULL, 'm1010821 .jpg', 1),
(464, 464, 2, 3, 6, NULL, 'm1010831 .jpg', 42),
(465, 465, 2, 3, 6, NULL, 'm1010841 .jpg', 33),
(466, 466, 2, 3, 6, NULL, 'm1010851 .jpg', 27),
(467, 467, 2, 3, 6, NULL, 'm1010861 .jpg', 43),
(468, 468, 2, 3, 6, NULL, 'm1010871 .jpg', 33),
(469, 469, 2, 3, 6, NULL, 'm1010881 .jpg', 33),
(470, 470, 2, 3, 6, NULL, 'm1010891 .jpg', 33),
(471, 471, 2, 3, 6, NULL, 'm1010901 .jpg', 33),
(472, 472, 2, 3, 6, NULL, 'm1010911 .jpg', 33),
(473, 473, 2, 3, 6, NULL, 'm1010921 .jpg', 33),
(474, 474, 2, 3, 6, NULL, 'm1010931 .jpg', 39),
(475, 475, 2, 3, 6, NULL, 'm1010941 .jpg', 25),
(476, 476, 2, 3, 6, NULL, 'm1010951 .jpg', 1),
(477, 477, 2, 3, 6, NULL, 'm1010961 .jpg', 44),
(478, 478, 2, 3, 6, NULL, 'm1010971 .jpg', 44),
(479, 479, 2, 3, 6, NULL, 'm1010981 .jpg', 44),
(480, 480, 2, 3, 6, NULL, 'm1010991 .jpg', 43),
(481, 481, 2, 3, 7, NULL, 'm1020011 .jpg', 1),
(482, 482, 2, 3, 7, NULL, 'm1020021 .jpg', 33),
(483, 483, 2, 3, 7, NULL, 'm1020031 .jpg', 33),
(484, 484, 2, 3, 7, NULL, 'm1020041 .jpg', 45),
(485, 485, 2, 3, 7, NULL, 'm1020051 .jpg', 33),
(486, 486, 2, 3, 7, NULL, 'm1020061 .jpg', 33),
(487, 487, 2, 3, 7, NULL, 'm1020071 .jpg', 33),
(488, 488, 2, 3, 7, NULL, 'm1020081 .jpg', 33),
(489, 489, 2, 3, 7, NULL, 'm1020091 .jpg', 33),
(490, 490, 2, 3, 7, NULL, 'm1020101 .jpg', 33),
(491, 491, 2, 3, 7, NULL, 'm1020111 .jpg', 33),
(492, 492, 2, 3, 7, NULL, 'm1020121 .jpg', 33),
(493, 493, 2, 3, 7, NULL, 'm1020131 .jpg', 33),
(494, 494, 2, 3, 7, NULL, 'm1020141 .jpg', 33),
(495, 495, 2, 3, 7, NULL, 'm1020151 .jpg', 33),
(496, 496, 2, 3, 7, NULL, 'm1020161 .jpg', 33),
(497, 497, 2, 3, 7, NULL, 'm1020171 .jpg', 33),
(498, 498, 2, 3, 7, NULL, 'm1020181 .jpg', 33),
(499, 499, 2, 3, 7, NULL, 'm1020191 .jpg', 33),
(500, 500, 2, 3, 7, NULL, 'm1020201 .jpg', 33),
(501, 501, 2, 3, 7, NULL, 'm1020211 .jpg', 46),
(502, 502, 2, 3, 7, NULL, 'm1020221 .jpg', 33),
(503, 503, 2, 3, 7, NULL, 'm1020231 .jpg', 33),
(504, 504, 2, 3, 7, NULL, 'm1020241 .jpg', 33),
(505, 505, 2, 3, 7, NULL, 'm1020251 .jpg', 33),
(506, 506, 2, 3, 7, NULL, 'm1020261 .jpg', 33),
(507, 507, 2, 3, 7, NULL, 'm1020271 .jpg', 33),
(508, 508, 2, 3, 7, NULL, 'm1020281 .jpg', 33),
(509, 509, 2, 3, 7, NULL, 'm1020291 .jpg', 33),
(510, 510, 2, 3, 7, NULL, 'm1020301 .jpg', 33),
(511, 511, 2, 3, 7, NULL, 'm1020311 .jpg', 33),
(512, 512, 2, 3, 7, NULL, 'm1020321 .jpg', 33),
(513, 513, 2, 3, 7, NULL, 'm1020331 .jpg', 33),
(514, 514, 2, 3, 7, NULL, 'm1020341 .jpg', 33),
(515, 515, 2, 3, 7, NULL, 'm1020351 .jpg', 33),
(516, 516, 2, 3, 7, NULL, 'm1020361 .jpg', 33),
(517, 517, 2, 3, 7, NULL, 'm1020371 .jpg', 45),
(518, 518, 2, 3, 7, NULL, 'm1020381 .jpg', 45),
(519, 519, 2, 3, 7, NULL, 'm1020391 .jpg', 45),
(520, 520, 2, 3, 7, NULL, 'm1020401 .jpg', 45),
(521, 521, 2, 3, 7, NULL, 'm1020411 .jpg', 45),
(522, 522, 2, 3, 7, NULL, 'm1020421 .jpg', 45),
(523, 523, 2, 3, 7, NULL, 'm1020431 .jpg', 35),
(524, 524, 2, 3, 7, NULL, 'm1020441 .jpg', 33),
(525, 525, 2, 3, 7, NULL, 'm1020451 .jpg', 33),
(526, 526, 2, 3, 7, NULL, 'm1020461 .jpg', 33),
(527, 527, 2, 3, 7, NULL, 'm1020471 .jpg', 27),
(528, 528, 2, 3, 7, NULL, 'm1020481 .jpg', 27),
(529, 529, 2, 3, 7, NULL, 'm1020491 .jpg', 47),
(530, 530, 2, 3, 7, NULL, 'm1020501 .jpg', 47),
(531, 531, 2, 3, 7, NULL, 'm1020511 .jpg', 47),
(532, 532, 2, 3, 7, NULL, 'm1020521 .jpg', 47),
(533, 533, 2, 3, 7, NULL, 'm1020531 .jpg', 47),
(534, 534, 2, 3, 7, NULL, 'm1020541 .jpg', 47),
(535, 535, 2, 3, 7, NULL, 'm1020551 .jpg', 45),
(536, 536, 2, 3, 7, NULL, 'm1020561 .jpg', 45),
(537, 537, 2, 3, 7, NULL, 'm1020571 .jpg', 45),
(538, 538, 2, 3, 7, NULL, 'm1020581 .jpg', 45),
(539, 539, 2, 3, 7, NULL, 'm1020591 .jpg', 45),
(540, 540, 2, 3, 7, NULL, 'm1020601 .jpg', 45),
(541, 541, 2, 3, 7, NULL, 'm1020611 .jpg', 45),
(542, 542, 2, 3, 7, NULL, 'm1020621 .jpg', 45),
(543, 543, 2, 3, 7, NULL, 'm1020631 .jpg', 1),
(544, 544, 2, 3, 7, NULL, 'm1020641 .jpg', 33),
(545, 545, 2, 3, 7, NULL, 'm1020651 .jpg', 33),
(546, 546, 2, 3, 7, NULL, 'm1020661 .jpg', 33),
(547, 547, 2, 3, 7, NULL, 'm1020671 .jpg', 33),
(548, 548, 2, 3, 7, NULL, 'm1020681 .jpg', 45),
(549, 549, 2, 3, 7, NULL, 'm1020691 .jpg', 45),
(550, 550, 2, 3, 7, NULL, 'm1020701 .jpg', 27),
(551, 551, 2, 3, 7, NULL, 'm1020711 .jpg', 27),
(552, 552, 2, 3, 7, NULL, 'm1020721 .jpg', 34),
(553, 553, 2, 3, 7, NULL, 'm1020731 .jpg', 34),
(554, 554, 2, 3, 7, NULL, 'm1020741 .jpg', 34),
(555, 555, 2, 3, 7, NULL, 'm1020751 .jpg', 34),
(556, 556, 2, 3, 7, NULL, 'm1020761 .jpg', 33),
(557, 557, 2, 3, 7, NULL, 'm1020771 .jpg', 28),
(558, 558, 2, 3, 7, NULL, 'm1020781 .jpg', 34),
(559, 559, 2, 3, 7, NULL, 'm1020791 .jpg', 34),
(560, 560, 2, 3, 7, NULL, 'm1020801 .jpg', 34),
(561, 561, 2, 3, 7, NULL, 'm1020811 .jpg', 34),
(562, 562, 2, 3, 7, NULL, 'm1020821 .jpg', 33),
(563, 563, 2, 3, 7, NULL, 'm1020831 .jpg', 33),
(564, 564, 2, 3, 7, NULL, 'm1020841 .jpg', 33),
(565, 565, 2, 3, 7, NULL, 'm1020851 .jpg', 33),
(566, 566, 2, 3, 7, NULL, 'm1020861 .jpg', 33),
(567, 567, 2, 3, 7, NULL, 'm1020871 .jpg', 33),
(568, 568, 2, 3, 7, NULL, 'm1020881 .jpg', 33),
(569, 569, 2, 3, 7, NULL, 'm1020891 .jpg', 33),
(570, 570, 2, 3, 7, NULL, 'm1020901 .jpg', 45),
(571, 571, 2, 3, 7, NULL, 'm1020911 .jpg', 45),
(572, 572, 2, 3, 7, NULL, 'm1020921 .jpg', 45),
(573, 573, 2, 3, 7, NULL, 'm1020931 .jpg', 45),
(574, 574, 2, 3, 7, NULL, 'm1020941 .jpg', 27),
(575, 575, 2, 3, 7, NULL, 'm1020951 .jpg', 27),
(576, 576, 2, 3, 7, NULL, 'm1020961 .jpg', 27),
(577, 577, 2, 3, 7, NULL, 'm1020971 .jpg', 27),
(578, 578, 2, 3, 7, NULL, 'm1020981 .jpg', 45),
(579, 579, 2, 3, 7, NULL, 'm1020991 .jpg', 45),
(580, 580, 2, 3, 7, NULL, 'm1021001 .jpg', 45),
(581, 581, 2, 3, 7, NULL, 'm1021011 .jpg', 45),
(582, 582, 2, 3, 7, NULL, 'm1021021 .jpg', 45),
(583, 583, 2, 3, 7, NULL, 'm1021031 .jpg', 45),
(584, 584, 2, 3, 7, NULL, 'm1021041 .jpg', 45),
(585, 585, 2, 3, 7, NULL, 'm1021051 .jpg', 45),
(586, 586, 2, 3, 7, NULL, 'm1021061 .jpg', 45),
(587, 587, 2, 3, 7, NULL, 'm1021071 .jpg', 45),
(588, 588, 2, 3, 7, NULL, 'm1021081 .jpg', 45),
(589, 589, 2, 3, 7, NULL, 'm1021091 .jpg', 45),
(590, 590, 2, 3, 7, NULL, 'm1021101 .jpg', 45),
(591, 591, 2, 3, 7, NULL, 'm1021111 .jpg', 45),
(592, 592, 2, 3, 7, NULL, 'm1021121 .jpg', 45),
(593, 593, 2, 3, 7, NULL, 'm1021131 .jpg', 45),
(594, 594, 2, 3, 7, NULL, 'm1021141 .jpg', 45),
(595, 595, 2, 3, 7, NULL, 'm1021151 .jpg', 45),
(596, 596, 2, 3, 7, NULL, 'm1021161 .jpg', 45),
(597, 597, 2, 3, 7, NULL, 'm1021171 .jpg', 45),
(598, 598, 2, 3, 7, NULL, 'm1021181 .jpg', 45),
(599, 599, 2, 3, 7, NULL, 'm1021191 .jpg', 45),
(600, 600, 2, 3, 7, NULL, 'm1021201 .jpg', 45),
(601, 601, 2, 3, 7, NULL, 'm1021211 .jpg', 45),
(602, 602, 2, 3, 7, NULL, 'm1021221 .jpg', 45),
(603, 603, 2, 3, 7, NULL, 'm1021231 .jpg', 45),
(604, 604, 2, 3, 7, NULL, 'm1021241 .jpg', 45),
(605, 605, 2, 3, 7, NULL, 'm1021251 .jpg', 45),
(606, 606, 2, 3, 7, NULL, 'm1021261 .jpg', 1),
(607, 607, 2, 3, 7, NULL, 'm1021271 .jpg', 33),
(608, 608, 2, 3, 7, NULL, 'm1021281 .jpg', 33),
(609, 609, 2, 3, 7, NULL, 'm1021291 .jpg', 33),
(610, 610, 2, 3, 7, NULL, 'm1021301 .jpg', 33),
(611, 611, 2, 3, 7, NULL, 'm1021311 .jpg', 45),
(612, 612, 2, 3, 7, NULL, 'm1021321 .jpg', 45),
(613, 613, 2, 3, 7, NULL, 'm1021331 .jpg', 45),
(614, 614, 2, 3, 7, NULL, 'm1021341 .jpg', 45),
(615, 615, 2, 3, 7, NULL, 'm1021351 .jpg', 45),
(616, 616, 2, 3, 7, NULL, 'm1021361 .jpg', 45),
(617, 617, 2, 3, 7, NULL, 'm1021371 .jpg', 45),
(618, 618, 2, 3, 7, NULL, 'm1021381 .jpg', 45),
(619, 619, 2, 3, 7, NULL, 'm1021391 .jpg', 45),
(620, 620, 2, 3, 7, NULL, 'm1021401 .jpg', 33),
(621, 621, 2, 3, 7, NULL, 'm1021411 .jpg', 33),
(622, 622, 2, 3, 7, NULL, 'm1021421 .jpg', 33),
(623, 623, 2, 3, 7, NULL, 'm1021431 .jpg', 33),
(624, 624, 2, 3, 7, NULL, 'm1021441 .jpg', 33),
(625, 625, 2, 3, 7, NULL, 'm1021451 .jpg', 33),
(626, 626, 2, 3, 7, NULL, 'm1021461 .jpg', 48),
(627, 627, 2, 3, 7, NULL, 'm1021471 .jpg', 33),
(628, 628, 2, 3, 7, NULL, 'm1021481 .jpg', 33),
(629, 629, 2, 3, 8, NULL, 'm1030011 .jpg', 40),
(630, 630, 2, 3, 8, NULL, 'm1030021 .jpg', 39),
(631, 631, 2, 3, 8, NULL, 'm1030031 .jpg', 40),
(632, 632, 2, 3, 8, NULL, 'm1030041 .jpg', 35),
(633, 633, 2, 3, 8, NULL, 'm1030051 .jpg', 35),
(634, 634, 2, 3, 8, NULL, 'm1030061 .jpg', 40),
(635, 635, 2, 3, 8, NULL, 'm1030071 .jpg', 39),
(636, 636, 2, 3, 8, NULL, 'm1030081 .jpg', 35),
(637, 637, 2, 3, 8, NULL, 'm1030091 .jpg', 35),
(638, 638, 2, 3, 8, NULL, 'm1030101 .jpg', 35),
(639, 639, 2, 3, 8, NULL, 'm1030111 .jpg', 40),
(640, 640, 2, 3, 8, NULL, 'm1030121 .jpg', 40),
(641, 641, 2, 3, 8, NULL, 'm1030131 .jpg', 40),
(642, 642, 2, 3, 8, NULL, 'm1030141 .jpg', 35),
(643, 643, 2, 3, 8, NULL, 'm1030151 .jpg', 35),
(644, 644, 2, 3, 8, NULL, 'm1030161 .jpg', 35),
(645, 645, 2, 3, 8, NULL, 'm1030171 .jpg', 35),
(646, 646, 2, 3, 8, NULL, 'm1030181 .jpg', 35),
(647, 647, 2, 3, 8, NULL, 'm1030191 .jpg', 35),
(648, 648, 2, 3, 8, NULL, 'm1030201 .jpg', 35),
(649, 649, 2, 3, 8, NULL, 'm1030211 .jpg', 35),
(650, 650, 2, 3, 8, NULL, 'm1030221 .jpg', 35),
(651, 651, 2, 3, 8, NULL, 'm1030231 .jpg', 49),
(652, 652, 2, 3, 8, NULL, 'm1030241 .jpg', 35),
(653, 653, 2, 3, 8, NULL, 'm1030251 .jpg', 35),
(654, 654, 2, 3, 8, NULL, 'm1030261 .jpg', 35),
(655, 655, 2, 3, 8, NULL, 'm1030271 .jpg', 35),
(656, 656, 2, 3, 8, NULL, 'm1030281 .jpg', 35),
(657, 657, 2, 3, 8, NULL, 'm1030291 .jpg', 35),
(658, 658, 2, 3, 8, NULL, 'm1030301 .jpg', 35),
(659, 659, 2, 3, 8, NULL, 'm1030311 .jpg', 35),
(660, 660, 2, 3, 8, NULL, 'm1030321 .jpg', 35),
(661, 661, 2, 3, 8, NULL, 'm1030331 .jpg', 35),
(662, 662, 2, 3, 8, NULL, 'm1030341 .jpg', 35),
(663, 663, 2, 3, 8, NULL, 'm1030351 .jpg', 35),
(664, 664, 2, 3, 8, NULL, 'm1030361 .jpg', 49),
(665, 665, 2, 3, 8, NULL, 'm1030371 .jpg', 35),
(666, 666, 2, 3, 8, NULL, 'm1030381 .jpg', 35),
(667, 667, 2, 3, 8, NULL, 'm1030391 .jpg', 35),
(668, 668, 2, 3, 8, NULL, 'm1030401 .jpg', 35),
(669, 669, 2, 3, 8, NULL, 'm1030411 .jpg', 49),
(670, 670, 2, 3, 8, NULL, 'm1030421 .jpg', 35),
(671, 671, 2, 3, 8, NULL, 'm1030431 .jpg', 35),
(672, 672, 2, 3, 8, NULL, 'm1030441 .jpg', 35),
(673, 673, 2, 3, 8, NULL, 'm1030451 .jpg', 35),
(674, 674, 2, 3, 8, NULL, 'm1030461 .jpg', 35),
(675, 675, 2, 3, 8, NULL, 'm1030471 .jpg', 35),
(676, 676, 2, 3, 8, NULL, 'm1030481 .jpg', 35),
(677, 677, 2, 3, 8, NULL, 'm1030491 .jpg', 39),
(678, 678, 2, 3, 8, NULL, 'm1030501 .jpg', 39),
(679, 679, 2, 3, 8, NULL, 'm1030511 .jpg', 33),
(680, 680, 2, 3, 8, NULL, 'm1030521 .jpg', 33),
(681, 681, 2, 3, 8, NULL, 'm1030531 .jpg', 33),
(682, 682, 2, 3, 8, NULL, 'm1030541 .jpg', 35),
(683, 683, 2, 3, 8, NULL, 'm1030551 .jpg', 35),
(684, 684, 2, 3, 8, NULL, 'm1030561 .jpg', 35),
(685, 685, 2, 3, 8, NULL, 'm1030571 .jpg', 35),
(686, 686, 2, 3, 8, NULL, 'm1030581 .jpg', 35),
(687, 687, 2, 3, 8, NULL, 'm1030591 .jpg', 35),
(688, 688, 2, 3, 8, NULL, 'm1030601 .jpg', 39),
(689, 689, 2, 3, 8, NULL, 'm1030611 .jpg', 39),
(690, 690, 2, 3, 8, NULL, 'm1030621 .jpg', 33),
(691, 691, 2, 3, 8, NULL, 'm1030631 .jpg', 33),
(692, 692, 2, 3, 8, NULL, 'm1030641 .jpg', 33),
(693, 693, 2, 3, 8, NULL, 'm1030651 .jpg', 35),
(694, 694, 2, 3, 8, NULL, 'm1030661 .jpg', 35),
(695, 695, 2, 3, 8, NULL, 'm1030671 .jpg', 35),
(696, 696, 2, 3, 8, NULL, 'm1030681 .jpg', 35),
(697, 697, 2, 3, 8, NULL, 'm1030691 .jpg', 35),
(698, 698, 2, 3, 8, NULL, 'm1030701 .jpg', 35),
(699, 699, 2, 3, 8, NULL, 'm1030711 .jpg', 35),
(700, 700, 2, 3, 8, NULL, 'm1030721 .jpg', 35),
(701, 701, 2, 3, 8, NULL, 'm1030731 .jpg', 33),
(702, 702, 2, 3, 8, NULL, 'm1030741 .jpg', 35),
(703, 703, 2, 3, 8, NULL, 'm1030751 .jpg', 35),
(704, 704, 2, 3, 8, NULL, 'm1030761 .jpg', 35),
(705, 705, 2, 3, 8, NULL, 'm1030771 .jpg', 35),
(706, 706, 2, 3, 8, NULL, 'm1030781 .jpg', 35),
(707, 707, 2, 3, 8, NULL, 'm1030791 .jpg', 35),
(708, 708, 2, 3, 8, NULL, 'm1030801 .jpg', 35),
(709, 709, 2, 3, 8, NULL, 'm1030811 .jpg', 35),
(710, 710, 2, 3, 8, NULL, 'm1030821 .jpg', 35),
(711, 711, 2, 3, 8, NULL, 'm1030831 .jpg', 35),
(712, 712, 2, 3, 8, NULL, 'm1030841 .jpg', 35),
(713, 713, 2, 3, 8, NULL, 'm1030851 .jpg', 35),
(714, 714, 2, 3, 8, NULL, 'm1030861 .jpg', 35),
(715, 715, 2, 3, 8, NULL, 'm1030871 .jpg', 35),
(716, 716, 2, 3, 8, NULL, 'm1030881 .jpg', 39),
(717, 717, 2, 3, 8, NULL, 'm1030891 .jpg', 26),
(718, 718, 2, 3, 8, NULL, 'm1030901 .jpg', 35),
(719, 719, 2, 3, 8, NULL, 'm1030911 .jpg', 35),
(720, 720, 2, 3, 8, NULL, 'm1030921 .jpg', 33),
(721, 721, 2, 3, 8, NULL, 'm1030931 .jpg', 33),
(722, 722, 2, 3, 8, NULL, 'm1030941 .jpg', 33),
(723, 723, 2, 3, 8, NULL, 'm1030951 .jpg', 33),
(724, 724, 2, 3, 8, NULL, 'm1030961 .jpg', 33),
(725, 725, 2, 3, 8, NULL, 'm1030971 .jpg', 33),
(726, 726, 2, 3, 8, NULL, 'm1030981 .jpg', 33),
(727, 727, 2, 3, 8, NULL, 'm1030991 .jpg', 33),
(728, 728, 2, 3, 8, NULL, 'm1031001 .jpg', 33),
(729, 729, 2, 3, 8, NULL, 'm1031011 .jpg', 33),
(730, 730, 2, 3, 8, NULL, 'm1031021 .jpg', 33),
(731, 731, 2, 3, 8, NULL, 'm1031031 .jpg', 33),
(732, 732, 2, 3, 8, NULL, 'm1031041 .jpg', 33),
(733, 733, 2, 3, 8, NULL, 'm1031051 .jpg', 33),
(734, 734, 2, 3, 8, NULL, 'm1031061 .jpg', 33),
(735, 735, 2, 3, 8, NULL, 'm1031071 .jpg', 33),
(736, 736, 2, 3, 8, NULL, 'm1031081 .jpg', 33),
(737, 737, 2, 3, 8, NULL, 'm1031091 .jpg', 33),
(738, 738, 2, 3, 8, NULL, 'm1031101 .jpg', 33),
(739, 739, 2, 3, 8, NULL, 'm1031111 .jpg', 33),
(740, 740, 2, 3, 8, NULL, 'm1031121 .jpg', 33),
(741, 741, 2, 3, 8, NULL, 'm1031131 .jpg', 33),
(742, 742, 2, 3, 8, NULL, 'm1031141 .jpg', 33),
(743, 743, 2, 3, 8, NULL, 'm1031151 .jpg', 38),
(744, 744, 2, 3, 9, NULL, 'm1040011 .jpg', 50),
(745, 745, 2, 3, 9, NULL, 'm1040021 .jpg', 51),
(746, 746, 2, 3, 9, NULL, 'm1040031 .jpg', 52),
(747, 747, 2, 3, 9, NULL, 'm1040041 .jpg', 26),
(748, 748, 2, 3, 9, NULL, 'm1040051 .jpg', 41),
(749, 749, 2, 3, 9, NULL, 'm1040061 .jpg', 41),
(750, 750, 2, 3, 9, NULL, 'm1040071 .jpg', 41),
(751, 751, 2, 3, 9, NULL, 'm1040081 .jpg', 52),
(752, 752, 2, 3, 9, NULL, 'm1040091 .jpg', 53),
(753, 753, 2, 3, 9, NULL, 'm1040101 .jpg', 53),
(754, 754, 2, 3, 9, NULL, 'm1040111 .jpg', 53),
(755, 755, 2, 3, 9, NULL, 'm1040121 .jpg', 53),
(756, 756, 2, 3, 9, NULL, 'm1040131 .jpg', 53),
(757, 757, 2, 3, 9, NULL, 'm1040141 .jpg', 53),
(758, 758, 2, 3, 9, NULL, 'm1040151 .jpg', 53),
(759, 759, 2, 3, 9, NULL, 'm1040161 .jpg', 53),
(760, 760, 2, 3, 9, NULL, 'm1040171 .jpg', 53),
(761, 761, 2, 3, 9, NULL, 'm1040181 .jpg', 53),
(762, 762, 2, 3, 9, NULL, 'm1040191 .jpg', 53),
(763, 763, 2, 3, 9, NULL, 'm1040201 .jpg', 53),
(764, 764, 2, 3, 9, NULL, 'm1040211 .jpg', 53),
(765, 765, 2, 3, 9, NULL, 'm1040221 .jpg', 53),
(766, 766, 2, 3, 9, NULL, 'm1040231 .jpg', 53),
(767, 767, 2, 3, 9, NULL, 'm1040241 .jpg', 53),
(768, 768, 2, 3, 9, NULL, 'm1040251 .jpg', 53),
(769, 769, 2, 3, 9, NULL, 'm1040261 .jpg', 53),
(770, 770, 2, 3, 9, NULL, 'm1040271 .jpg', 50),
(771, 771, 2, 3, 9, NULL, 'm1040281 .jpg', 50),
(772, 772, 2, 3, 9, NULL, 'm1040291 .jpg', 50),
(773, 773, 2, 3, 9, NULL, 'm1040301 .jpg', 50),
(774, 774, 2, 3, 9, NULL, 'm1040311 .jpg', 50),
(775, 775, 2, 3, 9, NULL, 'm1040321 .jpg', 50),
(776, 776, 2, 3, 9, NULL, 'm1040331 .jpg', 50),
(777, 777, 2, 3, 9, NULL, 'm1040341 .jpg', 50),
(778, 778, 2, 3, 9, NULL, 'm1040351 .jpg', 50),
(779, 779, 2, 3, 9, NULL, 'm1040361 .jpg', 50),
(780, 780, 2, 3, 9, NULL, 'm1040371 .jpg', 50),
(781, 781, 2, 3, 9, NULL, 'm1040381 .jpg', 50),
(782, 782, 2, 3, 9, NULL, 'm1040391 .jpg', 50),
(783, 783, 2, 3, 9, NULL, 'm1040401 .jpg', 50),
(784, 784, 2, 3, 9, NULL, 'm1040411 .jpg', 50),
(785, 785, 2, 3, 9, NULL, 'm1040421 .jpg', 50),
(786, 786, 2, 3, 9, NULL, 'm1040431 .jpg', 50),
(787, 787, 2, 3, 9, NULL, 'm1040441 .jpg', 50),
(788, 788, 2, 3, 9, NULL, 'm1040451 .jpg', 50),
(789, 789, 2, 3, 9, NULL, 'm1040461 .jpg', 50),
(790, 790, 2, 3, 9, NULL, 'm1040471 .jpg', 50),
(791, 791, 2, 3, 9, NULL, 'm1040481 .jpg', 50),
(792, 792, 2, 3, 9, NULL, 'm1040491 .jpg', 50),
(793, 793, 2, 3, 9, NULL, 'm1040501 .jpg', 50),
(794, 794, 2, 3, 9, NULL, 'm1040511 .jpg', 50),
(795, 795, 2, 3, 9, NULL, 'm1040521 .jpg', 50),
(796, 796, 2, 3, 9, NULL, 'm1040531 .jpg', 50),
(797, 797, 2, 3, 9, NULL, 'm1040541 .jpg', 50),
(798, 798, 2, 3, 9, NULL, 'm1040551 .jpg', 50),
(799, 799, 2, 3, 9, NULL, 'm1040561 .jpg', 50),
(800, 800, 2, 3, 9, NULL, 'm1040571 .jpg', 50),
(801, 801, 2, 3, 9, NULL, 'm1040581 .jpg', 50),
(802, 802, 2, 3, 9, NULL, 'm1040591 .jpg', 50),
(803, 803, 2, 3, 9, NULL, 'm1040601 .jpg', 50),
(804, 804, 2, 3, 9, NULL, 'm1040611 .jpg', 50),
(805, 805, 2, 3, 9, NULL, 'm1040621 .jpg', 50),
(806, 806, 2, 3, 9, NULL, 'm1040631 .jpg', 50),
(807, 807, 2, 3, 9, NULL, 'm1040641 .jpg', 50),
(808, 808, 2, 3, 9, NULL, 'm1040651 .jpg', 50),
(809, 809, 2, 3, 9, NULL, 'm1040661 .jpg', 50),
(810, 810, 2, 3, 9, NULL, 'm1040671 .jpg', 50),
(811, 811, 2, 3, 9, NULL, 'm1040681 .jpg', 50),
(812, 812, 2, 3, 9, NULL, 'm1040691 .jpg', 50),
(813, 813, 2, 3, 9, NULL, 'm1040701 .jpg', 50),
(814, 814, 2, 3, 9, NULL, 'm1040711 .jpg', 50),
(815, 815, 2, 3, 9, NULL, 'm1040721 .jpg', 52),
(816, 816, 2, 3, 9, NULL, 'm1040731 .jpg', 50),
(817, 817, 2, 3, 9, NULL, 'm1040741 .jpg', 50),
(818, 818, 2, 3, 9, NULL, 'm1040751 .jpg', 50),
(819, 819, 2, 3, 9, NULL, 'm1040761 .jpg', 50),
(820, 820, 2, 3, 9, NULL, 'm1040771 .jpg', 50),
(821, 821, 2, 3, 9, NULL, 'm1040781 .jpg', 50),
(822, 822, 2, 3, 9, NULL, 'm1040791 .jpg', 50),
(823, 823, 2, 3, 9, NULL, 'm1040801 .jpg', 53),
(824, 824, 2, 3, 9, NULL, 'm1040811 .jpg', 53),
(825, 825, 2, 3, 9, NULL, 'm1040821 .jpg', 53),
(826, 826, 2, 3, 9, NULL, 'm1040831 .jpg', 53),
(827, 827, 2, 3, 9, NULL, 'm1040841 .jpg', 53),
(828, 828, 2, 3, 9, NULL, 'm1040851 .jpg', 53),
(829, 829, 2, 3, 9, NULL, 'm1040861 .jpg', 53),
(830, 830, 2, 3, 9, NULL, 'm1040871 .jpg', 53),
(831, 831, 2, 3, 9, NULL, 'm1040881 .jpg', 50),
(832, 832, 2, 3, 9, NULL, 'm1040891 .jpg', 53),
(833, 833, 2, 3, 9, NULL, 'm1040901 .jpg', 53),
(834, 834, 2, 3, 9, NULL, 'm1040911 .jpg', 53),
(835, 835, 2, 3, 9, NULL, 'm1040921 .jpg', 53),
(836, 836, 2, 3, 9, NULL, 'm1040931 .jpg', 53),
(837, 837, 2, 3, 9, NULL, 'm1040941 .jpg', 53),
(838, 838, 2, 3, 9, NULL, 'm1040951 .jpg', 53),
(839, 839, 2, 3, 9, NULL, 'm1040961 .jpg', 53),
(840, 840, 2, 3, 9, NULL, 'm1040971 .jpg', 53),
(841, 841, 2, 3, 9, NULL, 'm1040981 .jpg', 53),
(842, 842, 2, 3, 9, NULL, 'm1040991 .jpg', 50),
(843, 843, 2, 3, 9, NULL, 'm1041001 .jpg', 50),
(844, 844, 2, 3, 9, NULL, 'm1041011 .jpg', 50),
(845, 845, 2, 3, 9, NULL, 'm1041021 .jpg', 50),
(846, 846, 2, 3, 9, NULL, 'm1041031 .jpg', 50),
(847, 847, 2, 3, 9, NULL, 'm1041041 .jpg', 50),
(848, 848, 2, 3, 9, NULL, 'm1041051 .jpg', 50),
(849, 849, 2, 3, 9, NULL, 'm1041061 .jpg', 50),
(850, 850, 2, 3, 9, NULL, 'm1041071 .jpg', 50),
(851, 851, 2, 3, 9, NULL, 'm1041081 .jpg', 50),
(852, 852, 2, 3, 9, NULL, 'm1041091 .jpg', 50),
(853, 853, 2, 3, 9, NULL, 'm1041101 .jpg', 50),
(854, 854, 2, 3, 9, NULL, 'm1041111 .jpg', 50),
(855, 855, 2, 3, 9, NULL, 'm1041121 .jpg', 50),
(856, 856, 2, 3, 9, NULL, 'm1041131 .jpg', 50),
(857, 857, 2, 3, 9, NULL, 'm1041141 .jpg', 50),
(858, 858, 2, 3, 9, NULL, 'm1041151 .jpg', 50),
(859, 859, 2, 3, 9, NULL, 'm1041161 .jpg', 50),
(860, 860, 2, 3, 9, NULL, 'm1041171 .jpg', 50),
(861, 861, 2, 3, 9, NULL, 'm1041181 .jpg', 50),
(862, 862, 2, 3, 9, NULL, 'm1041191 .jpg', 50),
(863, 863, 2, 3, 9, NULL, 'm1041201 .jpg', 50),
(864, 864, 2, 3, 9, NULL, 'm1041211 .jpg', 50),
(865, 865, 2, 3, 9, NULL, 'm1041221 .jpg', 50),
(866, 866, 2, 3, 9, NULL, 'm1041231 .jpg', 50),
(867, 867, 2, 3, 9, NULL, 'm1041241 .jpg', 50),
(868, 868, 2, 3, 9, NULL, 'm1041251 .jpg', 50),
(869, 869, 2, 3, 9, NULL, 'm1041261 .jpg', 50),
(870, 870, 2, 3, 9, NULL, 'm1041271 .jpg', 50),
(871, 871, 2, 3, 9, NULL, 'm1041281 .jpg', 50),
(872, 872, 2, 3, 9, NULL, 'm1041291 .jpg', 50),
(873, 873, 2, 3, 9, NULL, 'm1041301 .jpg', 50),
(874, 874, 2, 3, 9, NULL, 'm1041311 .jpg', 50),
(875, 875, 2, 3, 9, NULL, 'm1041321 .jpg', 50),
(876, 876, 2, 3, 9, NULL, 'm1041331 .jpg', 50),
(877, 877, 2, 3, 9, NULL, 'm1041341 .jpg', 50),
(878, 878, 2, 3, 9, NULL, 'm1041351 .jpg', 50),
(879, 879, 2, 3, 9, NULL, 'm1041361 .jpg', 50),
(880, 880, 2, 3, 9, NULL, 'm1041371 .jpg', 50),
(881, 881, 2, 3, 9, NULL, 'm1041381 .jpg', 50),
(882, 882, 2, 3, 9, NULL, 'm1041391 .jpg', 50),
(883, 883, 2, 3, 9, NULL, 'm1041401 .jpg', 50),
(884, 884, 2, 3, 9, NULL, 'm1041411 .jpg', 50),
(885, 885, 2, 3, 9, NULL, 'm1041421 .jpg', 50),
(886, 886, 2, 3, 9, NULL, 'm1041431 .jpg', 50),
(887, 887, 2, 3, 9, NULL, 'm1041441 .jpg', 52),
(888, 888, 2, 3, 9, NULL, 'm1041451 .jpg', 50),
(889, 889, 2, 3, 9, NULL, 'm1041461 .jpg', 50),
(890, 890, 2, 3, 9, NULL, 'm1041471 .jpg', 50),
(891, 891, 2, 3, 9, NULL, 'm1041481 .jpg', 50),
(892, 892, 2, 3, 9, NULL, 'm1041491 .jpg', 50),
(893, 893, 2, 3, 9, NULL, 'm1041501 .jpg', 50),
(894, 894, 2, 3, 9, NULL, 'm1041511 .jpg', 50),
(895, 895, 2, 3, 9, NULL, 'm1041521 .jpg', 53),
(896, 896, 2, 3, 9, NULL, 'm1041531 .jpg', 52),
(897, 897, 2, 3, 9, NULL, 'm1041541 .jpg', 52),
(898, 898, 2, 3, 9, NULL, 'm1041551 .jpg', 51),
(899, 899, 2, 3, 9, NULL, 'm1041561 .jpg', 51),
(900, 900, 2, 3, 9, NULL, 'm1041571 .jpg', 51),
(901, 901, 2, 3, 9, NULL, 'm1041581 .jpg', 51),
(902, 902, 2, 3, 9, NULL, 'm1041591 .jpg', 51),
(903, 903, 2, 3, 9, NULL, 'm1041601 .jpg', 51),
(904, 904, 2, 3, 9, NULL, 'm1041611 .jpg', 51),
(905, 905, 2, 3, 9, NULL, 'm1041621 .jpg', 51),
(906, 906, 2, 3, 9, NULL, 'm1041631 .jpg', 51),
(907, 907, 2, 3, 9, NULL, 'm1041641 .jpg', 51),
(908, 908, 2, 3, 9, NULL, 'm1041651 .jpg', 51),
(909, 909, 2, 3, 9, NULL, 'm1041661 .jpg', 51),
(910, 910, 2, 3, 9, NULL, 'm1041671 .jpg', 51),
(911, 911, 2, 3, 9, NULL, 'm1041681 .jpg', 51),
(912, 912, 2, 3, 9, NULL, 'm1041691 .jpg', 51),
(913, 913, 2, 3, 9, NULL, 'm1041701 .jpg', 51),
(914, 914, 2, 3, 9, NULL, 'm1041711 .jpg', 51),
(915, 915, 2, 3, 9, NULL, 'm1041721 .jpg', 51),
(916, 916, 2, 3, 9, NULL, 'm1041731 .jpg', 51),
(917, 917, 2, 3, 9, NULL, 'm1041741 .jpg', 51),
(918, 918, 2, 3, 9, NULL, 'm1041751 .jpg', 51),
(919, 919, 2, 3, 9, NULL, 'm1041761 .jpg', 51),
(920, 920, 2, 3, 9, NULL, 'm1041771 .jpg', 51),
(921, 921, 2, 3, 9, NULL, 'm1041781 .jpg', 51),
(922, 922, 2, 3, 9, NULL, 'm1041791 .jpg', 51),
(923, 923, 2, 3, 9, NULL, 'm1041801 .jpg', 51),
(924, 924, 2, 3, 9, NULL, 'm1041811 .jpg', 51),
(925, 925, 2, 3, 9, NULL, 'm1041821 .jpg', 51),
(926, 926, 2, 3, 9, NULL, 'm1041831 .jpg', 51),
(927, 927, 2, 3, 9, NULL, 'm1041841 .jpg', 51),
(928, 928, 2, 3, 9, NULL, 'm1041851 .jpg', 51),
(929, 929, 2, 3, 9, NULL, 'm1041861 .jpg', 51),
(930, 930, 2, 3, 9, NULL, 'm1041871 .jpg', 54),
(931, 931, 2, 3, 9, NULL, 'm1041881 .jpg', 51),
(932, 932, 2, 3, 9, NULL, 'm1041891 .jpg', 51),
(933, 933, 2, 3, 9, NULL, 'm1041901 .jpg', 51),
(934, 934, 2, 3, 9, NULL, 'm1041911 .jpg', 51),
(935, 935, 2, 3, 9, NULL, 'm1041921 .jpg', 51),
(936, 936, 2, 3, 9, NULL, 'm1041931 .jpg', 45),
(937, 937, 2, 3, 9, NULL, 'm1041941 .jpg', 51),
(938, 938, 2, 3, 9, NULL, 'm1041951 .jpg', 51),
(939, 939, 2, 3, 9, NULL, 'm1041961 .jpg', 51),
(940, 940, 2, 3, 9, NULL, 'm1041971 .jpg', 51),
(941, 941, 2, 3, 9, NULL, 'm1041981 .jpg', 54),
(942, 942, 2, 3, 9, NULL, 'm1041991 .jpg', 54),
(943, 943, 2, 3, 9, NULL, 'm1042001 .jpg', 55),
(944, 944, 2, 3, 9, NULL, 'm1042011 .jpg', 55),
(945, 945, 2, 3, 9, NULL, 'm1042021 .jpg', 55),
(946, 946, 2, 3, 9, NULL, 'm1042031 .jpg', 55),
(947, 947, 2, 3, 9, NULL, 'm1042041 .jpg', 55),
(948, 948, 2, 3, 9, NULL, 'm1042051 .jpg', 54),
(949, 949, 2, 3, 9, NULL, 'm1042061 .jpg', 54),
(950, 950, 2, 3, 9, NULL, 'm1042071 .jpg', 54),
(951, 951, 2, 3, 9, NULL, 'm1042081 .jpg', 54),
(952, 952, 2, 3, 9, NULL, 'm1042091 .jpg', 54),
(953, 953, 2, 3, 9, NULL, 'm1042101 .jpg', 54),
(954, 954, 2, 3, 9, NULL, 'm1042111 .jpg', 54),
(955, 955, 2, 3, 9, NULL, 'm1042121 .jpg', 51),
(956, 956, 2, 3, 9, NULL, 'm1042131 .jpg', 51),
(957, 957, 2, 3, 9, NULL, 'm1042141 .jpg', 51),
(958, 958, 2, 3, 9, NULL, 'm1042151 .jpg', 51),
(959, 959, 2, 3, 9, NULL, 'm1042161 .jpg', 56),
(960, 960, 2, 3, 9, NULL, 'm1042171 .jpg', 56),
(961, 961, 2, 3, 9, NULL, 'm1042181 .jpg', 56),
(962, 962, 2, 3, 9, NULL, 'm1042191 .jpg', 56),
(963, 963, 2, 3, 9, NULL, 'm1042201 .jpg', 56),
(964, 964, 2, 3, 9, NULL, 'm1042211 .jpg', 56),
(965, 965, 2, 3, 9, NULL, 'm1042221 .jpg', 56),
(966, 966, 2, 3, 9, NULL, 'm1042231 .jpg', 56),
(967, 967, 2, 3, 9, NULL, 'm1042241 .jpg', 56),
(968, 968, 2, 3, 9, NULL, 'm1042251 .jpg', 56),
(969, 969, 2, 3, 9, NULL, 'm1042261 .jpg', 56),
(970, 970, 2, 3, 9, NULL, 'm1042271 .jpg', 56),
(971, 971, 2, 3, 9, NULL, 'm1042281 .jpg', 56),
(972, 972, 2, 3, 9, NULL, 'm1042291 .jpg', 56),
(973, 973, 2, 3, 9, NULL, 'm1042301 .jpg', 56),
(974, 974, 2, 3, 9, NULL, 'm1042311 .jpg', 56),
(975, 975, 2, 3, 9, NULL, 'm1042321 .jpg', 56),
(976, 976, 2, 3, 9, NULL, 'm1042331 .jpg', 56),
(977, 977, 2, 3, 9, NULL, 'm1042341 .jpg', 56),
(978, 978, 2, 3, 9, NULL, 'm1042351 .jpg', 56),
(979, 979, 2, 3, 9, NULL, 'm1042361 .jpg', 56),
(980, 980, 2, 3, 9, NULL, 'm1042371 .jpg', 56),
(981, 981, 2, 3, 9, NULL, 'm1042381 .jpg', 56),
(982, 982, 2, 3, 9, NULL, 'm1042391 .jpg', 56),
(983, 983, 2, 3, 9, NULL, 'm1042401 .jpg', 56),
(984, 984, 2, 3, 9, NULL, 'm1042411 .jpg', 56),
(985, 985, 2, 3, 9, NULL, 'm1042421 .jpg', 56),
(986, 986, 2, 3, 9, NULL, 'm1042431 .jpg', 56),
(987, 987, 2, 3, 9, NULL, 'm1042441 .jpg', 56),
(988, 988, 2, 3, 9, NULL, 'm1042451 .jpg', 56),
(989, 989, 2, 3, 9, NULL, 'm1042461 .jpg', 56),
(990, 990, 2, 3, 9, NULL, 'm1042471 .jpg', 56),
(991, 991, 2, 3, 9, NULL, 'm1042481 .jpg', 56),
(992, 992, 2, 3, 9, NULL, 'm1042491 .jpg', 56),
(993, 993, 2, 3, 9, NULL, 'm1042501 .jpg', 56),
(994, 994, 2, 3, 9, NULL, 'm1042511 .jpg', 56),
(995, 995, 2, 3, 9, NULL, 'm1042521 .jpg', 56),
(996, 996, 2, 3, 9, NULL, 'm1042531 .jpg', 56),
(997, 997, 2, 3, 9, NULL, 'm1042541 .jpg', 56),
(998, 998, 2, 3, 9, NULL, 'm1042551 .jpg', 56),
(999, 999, 2, 3, 9, NULL, 'm1042561 .jpg', 56),
(1000, 1000, 2, 3, 9, NULL, 'm1042571 .jpg', 56),
(1001, 1001, 2, 3, 9, NULL, 'm1042581 .jpg', 56),
(1002, 1002, 2, 3, 9, NULL, 'm1042591 .jpg', 56),
(1003, 1003, 2, 3, 9, NULL, 'm1042601 .jpg', 56),
(1004, 1004, 2, 3, 9, NULL, 'm1042611 .jpg', 56),
(1005, 1005, 2, 3, 9, NULL, 'm1042621 .jpg', 56),
(1006, 1006, 2, 3, 9, NULL, 'm1042631 .jpg', 56),
(1007, 1007, 2, 3, 9, NULL, 'm1042641 .jpg', 56),
(1008, 1008, 2, 3, 9, NULL, 'm1042651 .jpg', 56),
(1009, 1009, 2, 3, 9, NULL, 'm1042661 .jpg', 56),
(1010, 1010, 2, 3, 9, NULL, 'm1042671 .jpg', 56),
(1011, 1011, 2, 3, 9, NULL, 'm1042681 .jpg', 56),
(1012, 1012, 2, 3, 9, NULL, 'm1042691 .jpg', 56),
(1013, 1013, 2, 3, 9, NULL, 'm1042701 .jpg', 56),
(1014, 1014, 2, 3, 9, NULL, 'm1042711 .jpg', 56),
(1015, 1015, 2, 3, 9, NULL, 'm1042721 .jpg', 56),
(1016, 1016, 2, 3, 9, NULL, 'm1042731 .jpg', 56),
(1017, 1017, 2, 3, 9, NULL, 'm1042741 .jpg', 56),
(1018, 1018, 2, 3, 9, NULL, 'm1042751 .jpg', 56),
(1019, 1019, 2, 3, 9, NULL, 'm1042761 .jpg', 56),
(1020, 1020, 2, 3, 9, NULL, 'm1042771 .jpg', 56),
(1021, 1021, 2, 3, 9, NULL, 'm1042781 .jpg', 56),
(1022, 1022, 2, 3, 9, NULL, 'm1042791 .jpg', 55),
(1023, 1023, 2, 3, 9, NULL, 'm1042801 .jpg', 55),
(1024, 1024, 2, 3, 9, NULL, 'm1042811 .jpg', 54),
(1025, 1025, 2, 3, 9, NULL, 'm1042821 .jpg', 54),
(1026, 1026, 2, 3, 9, NULL, 'm1042831 .jpg', 53),
(1027, 1027, 2, 3, 9, NULL, 'm1042841 .jpg', 53),
(1028, 1028, 2, 3, 9, NULL, 'm1042851 .jpg', 50),
(1029, 1029, 2, 3, 9, NULL, 'm1042861 .jpg', 50),
(1030, 1030, 2, 3, 9, NULL, 'm1042871 .jpg', 50),
(1031, 1031, 2, 3, 9, NULL, 'm1042881 .jpg', 50),
(1032, 1032, 2, 3, 9, NULL, 'm1042891 .jpg', 52),
(1033, 1033, 2, 3, 9, NULL, 'm1042901 .jpg', 51),
(1034, 1034, 2, 3, 9, NULL, 'm1042911 .jpg', 51),
(1035, 1035, 2, 3, 9, NULL, 'm1042921 .jpg', 51),
(1036, 1036, 2, 3, 9, NULL, 'm1042931 .jpg', 51),
(1037, 1037, 2, 3, 9, NULL, 'm1042941 .jpg', 51),
(1038, 1038, 2, 3, 9, NULL, 'm1042951 .jpg', 51),
(1039, 1039, 2, 3, 9, NULL, 'm1042961 .jpg', 51),
(1040, 1040, 2, 3, 9, NULL, 'm1042971 .jpg', 51),
(1041, 1041, 2, 3, 9, NULL, 'm1042981 .jpg', 51),
(1042, 1042, 2, 3, 9, NULL, 'm1042991 .jpg', 51),
(1043, 1043, 2, 3, 9, NULL, 'm1043001 .jpg', 51),
(1044, 1044, 2, 3, 9, NULL, 'm1043011 .jpg', 51),
(1045, 1045, 2, 3, 9, NULL, 'm1043021 .jpg', 51),
(1046, 1046, 2, 3, 9, NULL, 'm1043031 .jpg', 51),
(1047, 1047, 2, 3, 9, NULL, 'm1043041 .jpg', 33),
(1048, 1048, 2, 3, 9, NULL, 'm1043051 .jpg', 33),
(1049, 1049, 2, 3, 9, NULL, 'm1043061 .jpg', 54),
(1050, 1050, 2, 3, 9, NULL, 'm1043071 .jpg', 54),
(1051, 1051, 2, 3, 9, NULL, 'm1043081 .jpg', 54),
(1052, 1052, 2, 3, 9, NULL, 'm1043091 .jpg', 54),
(1053, 1053, 2, 3, 9, NULL, 'm1043101 .jpg', 54),
(1054, 1054, 2, 3, 9, NULL, 'm1043111 .jpg', 54),
(1055, 1055, 2, 3, 9, NULL, 'm1043121 .jpg', 55),
(1056, 1056, 2, 3, 9, NULL, 'm1043131 .jpg', 51),
(1057, 1057, 2, 3, 9, NULL, 'm1043141 .jpg', 54),
(1058, 1058, 2, 3, 9, NULL, 'm1043151 .jpg', 51),
(1059, 1059, 2, 3, 9, NULL, 'm1043161 .jpg', 51),
(1060, 1060, 2, 3, 9, NULL, 'm1043171 .jpg', 51),
(1061, 1061, 2, 3, 9, NULL, 'm1043181 .jpg', 50),
(1062, 1062, 2, 3, 9, NULL, 'm1043191 .jpg', 50),
(1063, 1063, 2, 3, 9, NULL, 'm1043201 .jpg', 51),
(1064, 1064, 2, 3, 9, NULL, 'm1043211 .jpg', 51),
(1065, 1065, 2, 3, 9, NULL, 'm1043221 .jpg', 57),
(1066, 1066, 2, 3, 9, NULL, 'm1043231 .jpg', 57),
(1067, 1067, 2, 3, 9, NULL, 'm1043241 .jpg', 57),
(1068, 1068, 2, 3, 9, NULL, 'm1043251 .jpg', 57),
(1069, 1069, 2, 3, 9, NULL, 'm1043261 .jpg', 57),
(1070, 1070, 2, 3, 9, NULL, 'm1043271 .jpg', 57),
(1071, 1071, 2, 3, 9, NULL, 'm1043281 .jpg', 57),
(1072, 1072, 2, 3, 9, NULL, 'm1043291 .jpg', 57),
(1073, 1073, 2, 3, 9, NULL, 'm1043301 .jpg', 57),
(1074, 1074, 2, 3, 9, NULL, 'm1043311 .jpg', 57),
(1075, 1075, 2, 3, 9, NULL, 'm1043321 .jpg', 58),
(1076, 1076, 2, 3, 9, NULL, 'm1043331 .jpg', 58),
(1077, 1077, 2, 3, 9, NULL, 'm1043341 .jpg', 58),
(1078, 1078, 2, 3, 9, NULL, 'm1043351 .jpg', 58),
(1079, 1079, 2, 3, 9, NULL, 'm1043361 .jpg', 58),
(1080, 1080, 2, 3, 9, NULL, 'm1043371 .jpg', 58),
(1081, 1081, 2, 3, 9, NULL, 'm1043381 .jpg', 58),
(1082, 1082, 2, 3, 9, NULL, 'm1043391 .jpg', 58),
(1083, 1083, 2, 3, 9, NULL, 'm1043401 .jpg', 1),
(1084, 1084, 2, 3, 9, NULL, 'm1043411 .jpg', 54);
INSERT INTO `stock` (`stock_id`, `item_id`, `type_id`, `nature_id`, `division_id`, `marque_id`, `img_stock`, `vendor_id`) VALUES
(1085, 1085, 2, 3, 9, NULL, 'm1043421 .jpg', 54),
(1086, 1086, 2, 3, 9, NULL, 'm1043431 .jpg', 51),
(1087, 1087, 2, 3, 9, NULL, 'm1043441 .jpg', 54),
(1088, 1088, 2, 3, 9, NULL, 'm1043451 .jpg', 54),
(1089, 1089, 2, 3, 9, NULL, 'm1043461 .jpg', 51),
(1090, 1090, 2, 3, 9, NULL, 'm1043471 .jpg', 51),
(1091, 1091, 2, 3, 9, NULL, 'm1043481 .jpg', 51),
(1092, 1092, 2, 3, 9, NULL, 'm1043491 .jpg', 33),
(1093, 1093, 2, 3, 9, NULL, 'm1043501 .jpg', 33),
(1094, 1094, 2, 3, 9, NULL, 'm1043511 .jpg', 52),
(1095, 1095, 2, 3, 9, NULL, 'm1043521 .jpg', 50),
(1096, 1096, 2, 3, 9, NULL, 'm1043531 .jpg', 1),
(1097, 1097, 2, 3, 9, NULL, 'm1043541 .jpg', 51),
(1098, 1098, 2, 3, 9, NULL, 'm1043551 .jpg', 59),
(1099, 1099, 2, 3, 9, NULL, 'm1043561 .jpg', 1),
(1100, 1100, 2, 3, 9, NULL, 'm1043571 .jpg', 1),
(1101, 1101, 2, 3, 9, NULL, 'm1043581 .jpg', 51),
(1102, 1102, 2, 3, 9, NULL, 'm1043591 .jpg', 1),
(1103, 1103, 2, 3, 9, NULL, 'm1043601 .jpg', 1),
(1104, 1104, 2, 3, 9, NULL, 'm1043611 .jpg', 1),
(1105, 1105, 2, 3, 9, NULL, 'm1043621 .jpg', 51),
(1106, 1106, 2, 3, 9, NULL, 'm1043631 .jpg', 50),
(1107, 1107, 2, 3, 9, NULL, 'm1043641 .jpg', 54),
(1108, 1108, 2, 3, 9, NULL, 'm1043651 .jpg', 54),
(1109, 1109, 2, 3, 9, NULL, 'm1043661 .jpg', 54),
(1110, 1110, 2, 3, 9, NULL, 'm1043671 .jpg', 54),
(1111, 1111, 2, 3, 9, NULL, 'm1043681 .jpg', 56),
(1112, 1112, 2, 3, 9, NULL, 'm1043691 .jpg', 56),
(1113, 1113, 2, 3, 9, NULL, 'm1043701 .jpg', 56),
(1114, 1114, 2, 3, 9, NULL, 'm1043711 .jpg', 56),
(1115, 1115, 2, 3, 9, NULL, 'm1043721 .jpg', 56),
(1116, 1116, 2, 3, 9, NULL, 'm1043731 .jpg', 56),
(1117, 1117, 2, 3, 9, NULL, 'm1043741 .jpg', 56),
(1118, 1118, 2, 3, 9, NULL, 'm1043751 .jpg', 56),
(1119, 1119, 2, 3, 9, NULL, 'm1043761 .jpg', 54),
(1120, 1120, 2, 3, 9, NULL, 'm1043771 .jpg', 54),
(1121, 1121, 2, 3, 9, NULL, 'm1043781 .jpg', 54),
(1122, 1122, 2, 3, 9, NULL, 'm1043791 .jpg', 54),
(1123, 1123, 2, 3, 9, NULL, 'm1043801 .jpg', 54),
(1124, 1124, 2, 3, 9, NULL, 'm1043811 .jpg', 54),
(1125, 1125, 2, 3, 9, NULL, 'm1043821 .jpg', 54),
(1126, 1126, 2, 3, 9, NULL, 'm1043831 .jpg', 54),
(1127, 1127, 2, 3, 9, NULL, 'm1043841 .jpg', 54),
(1128, 1128, 2, 3, 9, NULL, 'm1043851 .jpg', 54),
(1129, 1129, 2, 3, 9, NULL, 'm1043861 .jpg', 54),
(1130, 1130, 2, 3, 9, NULL, 'm1043871 .jpg', 54),
(1131, 1131, 2, 3, 9, NULL, 'm1043881 .jpg', 43),
(1132, 1132, 2, 3, 9, NULL, 'm1043891 .jpg', 43),
(1133, 1133, 2, 3, 9, NULL, 'm1043901 .jpg', 1),
(1134, 1134, 2, 3, 9, NULL, 'm1043911 .jpg', 1),
(1135, 1135, 2, 3, 9, NULL, 'm1043921 .jpg', 1),
(1136, 1136, 2, 3, 9, NULL, 'm1043931 .jpg', 1),
(1137, 1137, 2, 3, 9, NULL, 'm1043941 .jpg', 1),
(1138, 1138, 2, 3, 9, NULL, 'm1043951 .jpg', 1),
(1139, 1139, 2, 3, 9, NULL, 'm1043961 .jpg', 33),
(1140, 1140, 2, 3, 9, NULL, 'm1043971 .jpg', 33),
(1141, 1141, 2, 3, 9, NULL, 'm1043981 .jpg', 33),
(1142, 1142, 2, 3, 9, NULL, 'm1043991 .jpg', 51),
(1143, 1143, 2, 3, 9, NULL, 'm1044001 .jpg', 51),
(1144, 1144, 2, 3, 9, NULL, 'm1044011 .jpg', 51),
(1145, 1145, 2, 3, 9, NULL, 'm1044021 .jpg', 50),
(1146, 1146, 2, 3, 9, NULL, 'm1044031 .jpg', 51),
(1147, 1147, 2, 3, 9, NULL, 'm1044041 .jpg', 51),
(1148, 1148, 2, 3, 9, NULL, 'm1044051 .jpg', 51),
(1149, 1149, 2, 3, 9, NULL, 'm1044061 .jpg', 51),
(1150, 1150, 2, 3, 9, NULL, 'm1044071 .jpg', 51),
(1151, 1151, 2, 3, 9, NULL, 'm1044081 .jpg', 50),
(1152, 1152, 2, 3, 9, NULL, 'm1044091 .jpg', 1),
(1153, 1153, 2, 3, 9, NULL, 'm1044101 .jpg', 1),
(1154, 1154, 2, 3, 9, NULL, 'm1044111 .jpg', 1),
(1155, 1155, 2, 3, 9, NULL, 'm1044121 .jpg', 1),
(1156, 1156, 2, 3, 9, NULL, 'm1044131 .jpg', 1),
(1157, 1157, 2, 3, 9, NULL, 'm1044141 .jpg', 33),
(1158, 1158, 2, 3, 9, NULL, 'm1044151 .jpg', 1),
(1159, 1159, 2, 3, 9, NULL, 'm1044161 .jpg', 1),
(1160, 1160, 2, 3, 9, NULL, 'm1044171 .jpg', 1),
(1161, 1161, 2, 3, 9, NULL, 'm1044181 .jpg', 1),
(1162, 1162, 2, 3, 9, NULL, 'm1044191 .jpg', 1),
(1163, 1163, 2, 3, 9, NULL, 'm1044201 .jpg', 50),
(1164, 1164, 2, 3, 9, NULL, 'm1044211 .jpg', 1),
(1165, 1165, 2, 3, 9, NULL, 'm1044221 .jpg', 51),
(1166, 1166, 2, 3, 9, NULL, 'm1044231 .jpg', 54),
(1167, 1167, 2, 3, 9, NULL, 'm1044241 .jpg', 33),
(1168, 1168, 2, 3, 9, NULL, 'm1044251 .jpg', 33),
(1169, 1169, 2, 3, 9, NULL, 'm1044261 .jpg', 50),
(1170, 1170, 2, 3, 9, NULL, 'm1044271 .jpg', 51),
(1171, 1171, 2, 3, 9, NULL, 'm1044281 .jpg', 54),
(1172, 1172, 2, 3, 9, NULL, 'm1044291 .jpg', 60),
(1173, 1173, 2, 3, 9, NULL, 'm1044301 .jpg', 51),
(1174, 1174, 2, 3, 9, NULL, 'm1044311 .jpg', 56),
(1175, 1175, 2, 3, 9, NULL, 'm1044321 .jpg', 56),
(1176, 1176, 2, 3, 9, NULL, 'm1044331 .jpg', 56),
(1177, 1177, 2, 3, 9, NULL, 'm1044341 .jpg', 1),
(1178, 1178, 2, 3, 9, NULL, 'm1044351 .jpg', 1),
(1179, 1179, 2, 3, 10, NULL, 'm1050011 .jpg', 33),
(1180, 1180, 2, 3, 10, NULL, 'm1050021 .jpg', 34),
(1181, 1181, 2, 3, 10, NULL, 'm1050031 .jpg', 34),
(1182, 1182, 2, 3, 10, NULL, 'm1050041 .jpg', 34),
(1183, 1183, 2, 3, 10, NULL, 'm1050051 .jpg', 34),
(1184, 1184, 2, 3, 10, NULL, 'm1050061 .jpg', 39),
(1185, 1185, 2, 3, 10, NULL, 'm1050071 .jpg', 34),
(1186, 1186, 2, 3, 10, NULL, 'm1050081 .jpg', 34),
(1187, 1187, 2, 3, 10, NULL, 'm1050091 .jpg', 41),
(1188, 1188, 2, 3, 10, NULL, 'm1050101 .jpg', 36),
(1189, 1189, 2, 3, 10, NULL, 'm1050111 .jpg', 36),
(1190, 1190, 2, 3, 10, NULL, 'm1050121 .jpg', 27),
(1191, 1191, 2, 3, 10, NULL, 'm1050131 .jpg', 27),
(1192, 1192, 2, 3, 10, NULL, 'm1050141 .jpg', 34),
(1193, 1193, 2, 3, 10, NULL, 'm1050151 .jpg', 41),
(1194, 1194, 2, 3, 10, NULL, 'm1050161 .jpg', 36),
(1195, 1195, 2, 3, 10, NULL, 'm1050171 .jpg', 33),
(1196, 1196, 2, 3, 10, NULL, 'm1050181 .jpg', 34),
(1197, 1197, 2, 3, 10, NULL, 'm1050191 .jpg', 27),
(1198, 1198, 2, 3, 10, NULL, 'm1050201 .jpg', 27),
(1199, 1199, 2, 3, 10, NULL, 'm1050211 .jpg', 39),
(1200, 1200, 2, 3, 10, NULL, 'm1050221 .jpg', 29),
(1201, 1201, 2, 3, 10, NULL, 'm1050231 .jpg', 39),
(1202, 1202, 2, 3, 10, NULL, 'm1050241 .jpg', 39),
(1203, 1203, 2, 3, 10, NULL, 'm1050251 .jpg', 39),
(1204, 1204, 2, 3, 10, NULL, 'm1050261 .jpg', 39),
(1205, 1205, 2, 3, 10, NULL, 'm1050271 .jpg', 39),
(1206, 1206, 2, 3, 10, NULL, 'm1050281 .jpg', 39),
(1207, 1207, 2, 3, 10, NULL, 'm1050291 .jpg', 27),
(1208, 1208, 2, 3, 10, NULL, 'm1050301 .jpg', 41),
(1209, 1209, 2, 3, 10, NULL, 'm1050311 .jpg', 61),
(1210, 1210, 2, 3, 10, NULL, 'm1050321 .jpg', 34),
(1211, 1211, 2, 3, 10, NULL, 'm1050331 .jpg', 34),
(1212, 1212, 2, 3, 10, NULL, 'm1050341 .jpg', 34),
(1213, 1213, 2, 3, 10, NULL, 'm1050351 .jpg', 27),
(1214, 1214, 2, 3, 10, NULL, 'm1050361 .jpg', 47),
(1215, 1215, 2, 3, 10, NULL, 'm1050371 .jpg', 29),
(1216, 1216, 2, 3, 10, NULL, 'm1050381 .jpg', 33),
(1217, 1217, 2, 3, 10, NULL, 'm1050391 .jpg', 33),
(1218, 1218, 2, 3, 10, NULL, 'm1050401 .jpg', 33),
(1219, 1219, 2, 3, 10, NULL, 'm1050411 .jpg', 33),
(1220, 1220, 2, 3, 10, NULL, 'm1050421 .jpg', 33),
(1221, 1221, 2, 3, 10, NULL, 'm1050431 .jpg', 33),
(1222, 1222, 2, 3, 10, NULL, 'm1050441 .jpg', 33),
(1223, 1223, 2, 3, 10, NULL, 'm1050451 .jpg', 33),
(1224, 1224, 2, 3, 10, NULL, 'm1050461 .jpg', 33),
(1225, 1225, 2, 3, 10, NULL, 'm1050471 .jpg', 33),
(1226, 1226, 2, 3, 10, NULL, 'm1050481 .jpg', 33),
(1227, 1227, 2, 3, 10, NULL, 'm1050491 .jpg', 33),
(1228, 1228, 2, 3, 10, NULL, 'm1050501 .jpg', 27),
(1229, 1229, 2, 3, 10, NULL, 'm1050511 .jpg', 27),
(1230, 1230, 2, 3, 10, NULL, 'm1050521 .jpg', 33),
(1231, 1231, 2, 3, 10, NULL, 'm1050531 .jpg', 34),
(1232, 1232, 2, 3, 10, NULL, 'm1050541 .jpg', 34),
(1233, 1233, 2, 3, 10, NULL, 'm1050551 .jpg', 38),
(1234, 1234, 2, 3, 10, NULL, 'm1050561 .jpg', 41),
(1235, 1235, 2, 3, 1, NULL, 'm1060031 .jpg', 25),
(1236, 1236, 2, 3, 1, NULL, 'm1060041 .jpg', 25),
(1237, 1237, 2, 3, 1, NULL, 'm1060051 .jpg', 25),
(1238, 1238, 2, 3, 1, NULL, 'm1060061 .jpg', 25),
(1239, 1239, 2, 3, 1, NULL, 'm1060071 .jpg', 25),
(1240, 1240, 2, 3, 1, NULL, 'm1060081 .jpg', 25),
(1241, 1241, 2, 3, 1, NULL, 'm1060091 .jpg', 25),
(1242, 1242, 2, 3, 1, NULL, 'm1060101 .jpg', 25),
(1243, 1243, 2, 3, 1, NULL, 'm1060111 .jpg', 25),
(1244, 1244, 2, 3, 1, NULL, 'm1060121 .jpg', 25),
(1245, 1245, 2, 3, 1, NULL, 'm1060131 .jpg', 30),
(1246, 1246, 2, 3, 1, NULL, 'm1060141 .jpg', 39),
(1247, 1247, 2, 3, 1, NULL, 'm1060151 .jpg', 25),
(1248, 1248, 2, 3, 1, NULL, 'm1060161 .jpg', 1),
(1249, 1249, 2, 3, 1, NULL, 'm1060171 .jpg', 1),
(1250, 1250, 2, 3, 1, NULL, 'm1060181 .jpg', 1),
(1251, 1251, 2, 3, 1, NULL, 'm1060191 .jpg', 1),
(1252, 1252, 2, 3, 1, NULL, 'm1060201 .jpg', 1),
(1253, 1253, 2, 3, 1, NULL, 'm1060211 .jpg', 1),
(1254, 1254, 2, 3, 1, NULL, 'm1060221 .jpg', 40),
(1255, 1255, 2, 3, 1, NULL, 'm1060231 .jpg', 25),
(1256, 1256, 2, 3, 1, NULL, 'm1060241 .jpg', 30),
(1257, 1257, 2, 3, 1, NULL, 'm1060251 .jpg', 28),
(1258, 1258, 2, 3, 1, NULL, 'm1060261 .jpg', 36),
(1259, 1259, 2, 3, 5, NULL, 'm1070011 .jpg', 25),
(1260, 1260, 2, 3, 5, NULL, 'm1070021 .jpg', 25),
(1261, 1261, 2, 3, 5, NULL, 'm1070031 .jpg', 25),
(1262, 1262, 2, 3, 5, NULL, 'm1070041 .jpg', 25),
(1263, 1263, 2, 3, 5, NULL, 'm1070051 .jpg', 27),
(1264, 1264, 2, 3, 5, NULL, 'm1070061 .jpg', 39),
(1265, 1265, 2, 3, 5, NULL, 'm1070071 .jpg', 33),
(1266, 1266, 2, 3, 5, NULL, 'm1070081 .jpg', 33),
(1267, 1267, 2, 3, 5, NULL, 'm1070091 .jpg', 33),
(1268, 1268, 2, 3, 5, NULL, 'm1070101 .jpg', 33),
(1269, 1269, 2, 3, 5, NULL, 'm1070111 .jpg', 33),
(1270, 1270, 2, 3, 5, NULL, 'm1070121 .jpg', 33),
(1271, 1271, 2, 3, 5, NULL, 'm1070131 .jpg', 39),
(1272, 1272, 2, 3, 5, NULL, 'm1070141 .jpg', 27),
(1273, 1273, 2, 3, 5, NULL, 'm1070151 .jpg', 38),
(1274, 1274, 2, 3, 5, NULL, 'm1070161 .jpg', 25),
(1275, 1275, 2, 3, 5, NULL, 'm1070171 .jpg', 62),
(1276, 1276, 2, 3, 5, NULL, 'm1070181 .jpg', 62),
(1277, 1277, 2, 3, 5, NULL, 'm1070191 .jpg', 33),
(1278, 1278, 2, 3, 5, NULL, 'm1070201 .jpg', 28),
(1279, 1279, 2, 3, 5, NULL, 'm1070211 .jpg', 62),
(1280, 1280, 2, 3, 5, NULL, 'm1070221 .jpg', 63),
(1281, 1281, 2, 3, 5, NULL, 'm1070231 .jpg', 63),
(1282, 1282, 2, 2, 6, NULL, 'm2010011 .jpg', 28),
(1283, 1283, 2, 2, 6, NULL, 'm2010021 .jpg', 39),
(1284, 1284, 2, 2, 6, NULL, 'm2010031 .jpg', 33),
(1285, 1285, 2, 2, 6, NULL, 'm2010041 .jpg', 39),
(1286, 1286, 2, 2, 6, NULL, 'm2010051 .jpg', 39),
(1287, 1287, 2, 2, 6, NULL, 'm2010061 .jpg', 39),
(1288, 1288, 2, 2, 6, NULL, 'm2010071 .jpg', 39),
(1289, 1289, 2, 2, 6, NULL, 'm2010081 .jpg', 39),
(1290, 1290, 2, 2, 6, NULL, 'm2010091 .jpg', 39),
(1291, 1291, 2, 2, 6, NULL, 'm2010101 .jpg', 39),
(1292, 1292, 2, 2, 6, NULL, 'm2010111 .jpg', 39),
(1293, 1293, 2, 2, 6, NULL, 'm2010121 .jpg', 39),
(1294, 1294, 2, 2, 6, NULL, 'm2010131 .jpg', 28),
(1295, 1295, 2, 2, 6, NULL, 'm2010141 .jpg', 39),
(1296, 1296, 2, 2, 6, NULL, 'm2010151 .jpg', 28),
(1297, 1297, 2, 2, 6, NULL, 'm2010161 .jpg', 39),
(1298, 1298, 2, 2, 6, NULL, 'm2010171 .jpg', 39),
(1299, 1299, 2, 2, 6, NULL, 'm2010181 .jpg', 39),
(1300, 1300, 2, 2, 6, NULL, 'm2010191 .jpg', 39),
(1301, 1301, 2, 2, 6, NULL, 'm2010201 .jpg', 39),
(1302, 1302, 2, 2, 6, NULL, 'm2010211 .jpg', 33),
(1303, 1303, 2, 2, 6, NULL, 'm2010221 .jpg', 39),
(1304, 1304, 2, 2, 6, NULL, 'm2010231 .jpg', 28),
(1305, 1305, 2, 2, 6, NULL, 'm2010232 .jpg', 39),
(1306, 1306, 2, 2, 6, NULL, 'm2010241 .jpg', 27),
(1307, 1307, 2, 2, 6, NULL, 'm2010251 .jpg', 27),
(1308, 1308, 2, 2, 6, NULL, 'm2010261 .jpg', 27),
(1309, 1309, 2, 2, 6, NULL, 'm2010271 .jpg', 27),
(1310, 1310, 2, 2, 6, NULL, 'm2010281 .jpg', 33),
(1311, 1311, 2, 2, 6, NULL, 'm2010291 .jpg', 39),
(1312, 1312, 2, 2, 6, NULL, 'm2010301 .jpg', 39),
(1313, 1313, 2, 2, 6, NULL, 'm2010311 .jpg', 39),
(1314, 1314, 2, 2, 6, NULL, 'm2010321 .jpg', 33),
(1315, 1315, 2, 2, 6, NULL, 'm2010331 .jpg', 33),
(1316, 1316, 2, 2, 6, NULL, 'm2010341 .jpg', 33),
(1317, 1317, 2, 2, 6, NULL, 'm2010351 .jpg', 39),
(1318, 1318, 2, 2, 6, NULL, 'm2010361 .jpg', 27),
(1319, 1319, 2, 2, 6, NULL, 'm2010371 .jpg', 27),
(1320, 1320, 2, 2, 6, NULL, 'm2010381 .jpg', 27),
(1321, 1321, 2, 2, 6, NULL, 'm2010391 .jpg', 27),
(1322, 1322, 2, 2, 6, NULL, 'm2010401 .jpg', 39),
(1323, 1323, 2, 2, 6, NULL, 'm2010411 .jpg', 39),
(1324, 1324, 2, 2, 6, NULL, 'm2010421 .jpg', 28),
(1325, 1325, 2, 2, 6, NULL, 'm2010431 .jpg', 28),
(1326, 1326, 2, 2, 6, NULL, 'm2010441 .jpg', 28),
(1327, 1327, 2, 2, 6, NULL, 'm2010451 .jpg', 39),
(1328, 1328, 2, 2, 6, NULL, 'm2010461 .jpg', 39),
(1329, 1329, 2, 2, 6, NULL, 'm2010471 .jpg', 33),
(1330, 1330, 2, 2, 6, NULL, 'm2010481 .jpg', 39),
(1331, 1331, 2, 2, 6, NULL, 'm2010491 .jpg', 28),
(1332, 1332, 2, 2, 6, NULL, 'm2010501 .jpg', 28),
(1333, 1333, 2, 2, 6, NULL, 'm2010511 .jpg', 39),
(1334, 1334, 2, 2, 6, NULL, 'm2010521 .jpg', 64),
(1335, 1335, 2, 2, 6, NULL, 'm2010531 .jpg', 39),
(1336, 1336, 2, 2, 6, NULL, 'm2010541 .jpg', 39),
(1337, 1337, 2, 2, 6, NULL, 'm2010551 .jpg', 33),
(1338, 1338, 2, 2, 6, NULL, 'm2010561 .jpg', 33),
(1339, 1339, 2, 2, 6, NULL, 'm2010571 .jpg', 33),
(1340, 1340, 2, 2, 6, NULL, 'm2010581 .jpg', 33),
(1341, 1341, 2, 2, 6, NULL, 'm2010591 .jpg', 33),
(1342, 1342, 2, 2, 6, NULL, 'm2010601 .jpg', 38),
(1343, 1343, 2, 2, 6, NULL, 'm2010611 .jpg', 39),
(1344, 1344, 2, 2, 6, NULL, 'm2010621 .jpg', 39),
(1345, 1345, 2, 2, 6, NULL, 'm2010631 .jpg', 65),
(1346, 1346, 2, 2, 6, NULL, 'm2010641 .jpg', 39),
(1347, 1347, 2, 2, 6, NULL, 'm2010651 .jpg', 41),
(1348, 1348, 2, 2, 6, NULL, 'm2010661 .jpg', 33),
(1349, 1349, 2, 2, 6, NULL, 'm2010671 .jpg', 33),
(1350, 1350, 2, 2, 6, NULL, 'm2010681 .jpg', 33),
(1351, 1351, 2, 2, 6, NULL, 'm2010691 .jpg', 33),
(1352, 1352, 2, 2, 6, NULL, 'm2010701 .jpg', 33),
(1353, 1353, 2, 2, 6, NULL, 'm2010711 .jpg', 28),
(1354, 1354, 2, 2, 6, NULL, 'm2010721 .jpg', 33),
(1355, 1355, 2, 2, 6, NULL, 'm2010731 .jpg', 33),
(1356, 1356, 2, 2, 6, NULL, 'm2010741 .jpg', 33),
(1357, 1357, 2, 2, 6, NULL, 'm2010751 .jpg', 33),
(1358, 1358, 2, 2, 6, NULL, 'm2010761 .jpg', 33),
(1359, 1359, 2, 2, 6, NULL, 'm2010771 .jpg', 33),
(1360, 1360, 2, 2, 6, NULL, 'm2010781 .jpg', 33),
(1361, 1361, 2, 2, 6, NULL, 'm2010791 .jpg', 33),
(1362, 1362, 2, 2, 6, NULL, 'm2010801 .jpg', 33),
(1363, 1363, 2, 2, 6, NULL, 'm2010811 .jpg', 33),
(1364, 1364, 2, 2, 6, NULL, 'm2010821 .jpg', 33),
(1365, 1365, 2, 2, 6, NULL, 'm2010831 .jpg', 27),
(1366, 1366, 2, 2, 6, NULL, 'm2010841 .jpg', 1),
(1367, 1367, 2, 2, 6, NULL, 'm2010851 .jpg', 43),
(1368, 1368, 2, 2, 6, NULL, 'm2010861 .jpg', 27),
(1369, 1369, 2, 2, 6, NULL, 'm2010871 .jpg', 27),
(1370, 1370, 2, 2, 6, NULL, 'm2010881 .jpg', 33),
(1371, 1371, 2, 2, 6, NULL, 'm2010891 .jpg', 33),
(1372, 1372, 2, 2, 6, NULL, 'm2010901 .jpg', 33),
(1373, 1373, 2, 2, 6, NULL, 'm2010911 .jpg', 28),
(1374, 1374, 2, 2, 6, NULL, 'm2010921 .jpg', 33),
(1375, 1375, 2, 2, 6, NULL, 'm2010931 .jpg', 33),
(1376, 1376, 2, 2, 6, NULL, 'm2010941 .jpg', 1),
(1377, 1377, 2, 2, 6, NULL, 'm2010951 .jpg', 28),
(1378, 1378, 2, 2, 6, NULL, 'm2010961 .jpg', 33),
(1379, 1379, 2, 2, 6, NULL, 'm2010971 .jpg', 33),
(1380, 1380, 2, 2, 6, NULL, 'm2010981 .jpg', 33),
(1381, 1381, 2, 2, 6, NULL, 'm2010991 .jpg', 33),
(1382, 1382, 2, 2, 6, NULL, 'm2011001 .jpg', 33),
(1383, 1383, 2, 2, 6, NULL, 'm2011011 .jpg', 33),
(1384, 1384, 2, 2, 6, NULL, 'm2011021 .jpg', 33),
(1385, 1385, 2, 2, 6, NULL, 'm2011031 .jpg', 9),
(1386, 1386, 2, 2, 6, NULL, 'm2011041 .jpg', 39),
(1387, 1387, 2, 2, 6, NULL, 'm2011051 .jpg', 33),
(1388, 1388, 2, 2, 6, 2, 'm2011061 .jpg', NULL),
(1389, 1389, 2, 2, 6, 3, 'm2011071 .jpg', 34),
(1390, 1390, 2, 2, 8, NULL, 'm2030011 .jpg', 39),
(1391, 1391, 2, 2, 8, NULL, 'm2030021 .jpg', 33),
(1392, 1392, 2, 2, 8, NULL, 'm2030031 .jpg', 33),
(1393, 1393, 2, 2, 8, NULL, 'm2030041 .jpg', 33),
(1394, 1394, 2, 2, 8, NULL, 'm2030051 .jpg', 33),
(1395, 1395, 2, 2, 8, NULL, 'm2030061 .jpg', 33),
(1396, 1396, 2, 2, 8, NULL, 'm2030071 .jpg', 33),
(1397, 1397, 2, 2, 8, NULL, 'm2030081 .jpg', 33),
(1398, 1398, 2, 2, 8, NULL, 'm2030091 .jpg', 33),
(1399, 1399, 2, 2, 8, NULL, 'm2030101 .jpg', 33),
(1400, 1400, 2, 2, 8, NULL, 'm2030111 .jpg', 33),
(1401, 1401, 2, 2, 8, NULL, 'm2030121 .jpg', 33),
(1402, 1402, 2, 2, 8, NULL, 'm2030131 .jpg', 39),
(1403, 1403, 2, 2, 8, NULL, 'm2030141 .jpg', 39),
(1404, 1404, 2, 2, 8, NULL, 'm2030151 .jpg', 33),
(1405, 1405, 2, 2, 8, NULL, 'm2030161 .jpg', 39),
(1406, 1406, 2, 2, 8, NULL, 'm2030171 .jpg', 27),
(1407, 1407, 2, 2, 8, NULL, 'm2030181 .jpg', 27),
(1408, 1408, 2, 2, 8, NULL, 'm2030191 .jpg', 33),
(1409, 1409, 2, 2, 8, NULL, 'm2030201 .jpg', 39),
(1410, 1410, 2, 2, 8, NULL, 'm2030211 .jpg', 39),
(1411, 1411, 2, 2, 8, NULL, 'm2030221 .jpg', 33),
(1412, 1412, 2, 2, 8, NULL, 'm2030231 .jpg', 39),
(1413, 1413, 2, 2, 8, NULL, 'm2030241 .jpg', 33),
(1414, 1414, 2, 2, 8, NULL, 'm2030251 .jpg', 33),
(1415, 1415, 2, 2, 8, NULL, 'm2030261 .jpg', 33),
(1416, 1416, 2, 2, 8, NULL, 'm2030271 .jpg', 33),
(1417, 1417, 2, 2, 8, NULL, 'm2030281 .jpg', 33),
(1418, 1418, 2, 2, 8, NULL, 'm2030291 .jpg', 33),
(1419, 1419, 2, 2, 8, NULL, 'm2030301 .jpg', 33),
(1420, 1420, 2, 2, 8, NULL, 'm2030311 .jpg', 33),
(1421, 1421, 2, 2, 8, NULL, 'm2030321 .jpg', 33),
(1422, 1422, 2, 2, 8, NULL, 'm2030331 .jpg', 39),
(1423, 1423, 2, 2, 8, NULL, 'm2030341 .jpg', 33),
(1424, 1424, 2, 2, 8, NULL, 'm2030351 .jpg', 33),
(1425, 1425, 2, 2, 8, NULL, 'm2030361 .jpg', 33),
(1426, 1426, 2, 2, 8, NULL, 'm2030371 .jpg', 33),
(1427, 1427, 2, 2, 9, NULL, 'm2040011 .jpg', 1),
(1428, 1428, 2, 2, 9, NULL, 'm2040021 .jpg', 33),
(1429, 1429, 2, 2, 9, NULL, 'm2040031 .jpg', 33),
(1430, 1430, 2, 2, 9, NULL, 'm2040041 .jpg', 33),
(1431, 1431, 2, 2, 9, NULL, 'm2040051 .jpg', 33),
(1432, 1432, 2, 2, 9, NULL, 'm2040061 .jpg', 33),
(1433, 1433, 2, 2, 9, NULL, 'm2040071 .jpg', 33),
(1434, 1434, 2, 2, 9, NULL, 'm2040081 .jpg', 33),
(1435, 1435, 2, 2, 9, NULL, 'm2040091 .jpg', 33),
(1436, 1436, 2, 2, 9, NULL, 'm2040101 .jpg', 33),
(1437, 1437, 2, 2, 9, NULL, 'm2040111 .jpg', 33),
(1438, 1438, 2, 2, 9, NULL, 'm2040121 .jpg', 33),
(1439, 1439, 2, 2, 9, NULL, 'm2040131 .jpg', 33),
(1440, 1440, 2, 2, 9, NULL, 'm2040141 .jpg', 33),
(1441, 1441, 2, 2, 9, NULL, 'm2040151 .jpg', 33),
(1442, 1442, 2, 2, 9, NULL, 'm2040161 .jpg', 33),
(1443, 1443, 2, 2, 9, NULL, 'm2040171 .jpg', 33),
(1444, 1444, 2, 2, 9, NULL, 'm2040181 .jpg', 33),
(1445, 1445, 2, 2, 9, NULL, 'm2040191 .jpg', 33),
(1446, 1446, 2, 2, 9, NULL, 'm2040201 .jpg', 57),
(1447, 1447, 2, 2, 9, NULL, 'm2040211 .jpg', 33),
(1448, 1448, 2, 2, 9, NULL, 'm2040221 .jpg', 33),
(1449, 1449, 2, 2, 9, NULL, 'm2040231 .jpg', 33),
(1450, 1450, 2, 2, 9, NULL, 'm2040241 .jpg', 52),
(1451, 1451, 2, 2, 9, NULL, 'm2040251 .jpg', 1),
(1452, 1452, 2, 2, 9, NULL, 'm2040261 .jpg', 56),
(1453, 1453, 2, 2, 9, NULL, 'm2040271 .jpg', 56),
(1454, 1454, 2, 2, 9, NULL, 'm2040281 .jpg', 50),
(1455, 1455, 2, 2, 9, NULL, 'm2040291 .jpg', 50),
(1456, 1456, 2, 2, 9, NULL, 'm2040301 .jpg', 54),
(1457, 1457, 2, 2, 9, NULL, 'm2040311 .jpg', 50),
(1458, 1458, 2, 2, 9, NULL, 'm2040321 .jpg', 51),
(1459, 1459, 2, 2, 9, NULL, 'm2040331 .jpg', 52),
(1460, 1460, 2, 2, 9, NULL, 'm2040341 .jpg', 50),
(1461, 1461, 2, 2, 9, NULL, 'm2040351 .jpg', 51),
(1462, 1462, 2, 2, 9, NULL, 'm2040361 .jpg', 51),
(1463, 1463, 2, 2, 9, NULL, 'm2040371 .jpg', 51),
(1464, 1464, 2, 2, 9, NULL, 'm2040381 .jpg', 1),
(1465, 1465, 2, 2, 9, NULL, 'm2040391 .jpg', 52),
(1466, 1466, 2, 2, 9, NULL, 'm2040401 .jpg', 50),
(1467, 1467, 2, 2, 9, 4, 'm2040411 .jpg', 1),
(1468, 1468, 2, 2, 9, 5, 'm2040422 .jpg', 52),
(1469, 1469, 2, 2, 9, 6, 'm2040433 .jpg', 50),
(1470, 1470, 2, 2, 9, NULL, 'm2040441 .jpg', 57),
(1471, 1471, 2, 2, 9, NULL, 'm2040451 .jpg', 58),
(1472, 1472, 2, 2, 9, NULL, 'm2040461 .jpg', 56),
(1473, 1473, 2, 2, 9, NULL, 'm2040471 .jpg', 52),
(1474, 1474, 2, 2, 9, NULL, 'm2040481 .jpg', 50),
(1475, 1475, 2, 2, 9, NULL, 'm2040491 .jpg', 50),
(1476, 1476, 2, 2, 9, NULL, 'm2040501 .jpg', 52),
(1477, 1477, 2, 2, 9, NULL, 'm2040511 .jpg', 50),
(1478, 1478, 2, 2, 9, NULL, 'm2040521 .jpg', 52),
(1479, 1479, 2, 2, 9, NULL, 'm2040531 .jpg', 52),
(1480, 1480, 2, 2, 9, NULL, 'm2040541 .jpg', 50),
(1481, 1481, 2, 2, 9, NULL, 'm2040551 .jpg', 50),
(1482, 1482, 2, 2, 9, NULL, 'm2040561 .jpg', 50),
(1483, 1483, 2, 2, 9, NULL, 'm2040571 .jpg', 33),
(1484, 1484, 2, 2, 9, NULL, 'm2040581 .jpg', 33),
(1485, 1485, 2, 2, 9, NULL, 'm2040591 .jpg', 33),
(1486, 1486, 2, 2, 9, NULL, 'm2040601 .jpg', 33),
(1487, 1487, 2, 2, 9, NULL, 'm2040611 .jpg', 33),
(1488, 1488, 2, 2, 9, NULL, 'm2040621 .jpg', 33),
(1489, 1489, 2, 2, 9, NULL, 'm2040631 .jpg', 33),
(1490, 1490, 2, 2, 9, NULL, 'm2040641 .jpg', 58),
(1491, 1491, 2, 2, 9, NULL, 'm2040651 .jpg', 56),
(1492, 1492, 2, 2, 9, NULL, 'm2040661 .jpg', 56),
(1493, 1493, 2, 2, 9, NULL, 'm2040671 .jpg', 50),
(1494, 1494, 2, 2, 9, NULL, 'm2040681 .jpg', 54),
(1495, 1495, 2, 2, 9, NULL, 'm2040691 .jpg', 1),
(1496, 1496, 2, 2, 9, NULL, 'm2040701 .jpg', 1),
(1497, 1497, 2, 2, 9, NULL, 'm2040711 .jpg', 1),
(1498, 1498, 2, 2, 9, NULL, 'm2040721 .jpg', 51),
(1499, 1499, 2, 2, 9, NULL, 'm2040731 .jpg', 51),
(1500, 1500, 2, 2, 9, NULL, 'm2040741 .jpg', 39),
(1501, 1501, 2, 2, 9, NULL, 'm2040751 .jpg', 1),
(1502, 1502, 2, 2, 9, NULL, 'm2040761 .jpg', 1),
(1503, 1503, 2, 2, 9, NULL, 'm2040771 .jpg', 1),
(1504, 1504, 2, 2, 9, NULL, 'm2040781 .jpg', 1),
(1505, 1505, 2, 2, 9, NULL, 'm2040791 .jpg', 1),
(1506, 1506, 2, 2, 9, NULL, 'm2040801 .jpg', 1),
(1507, 1507, 2, 2, 9, NULL, 'm2040811 .jpg', 1),
(1508, 1508, 2, 2, 9, NULL, 'm2040821 .jpg', 1),
(1509, 1509, 2, 2, 9, NULL, 'm2040831 .jpg', 1),
(1510, 1510, 2, 2, 9, NULL, 'm2040841 .jpg', 1),
(1511, 1511, 2, 2, 9, NULL, 'm2040851 .jpg', 1),
(1512, 1512, 2, 2, 9, NULL, 'm2040861 .jpg', 1),
(1513, 1513, 2, 2, 9, NULL, 'm2040871 .jpg', 1),
(1514, 1514, 2, 2, 9, NULL, 'm2040881 .jpg', 1),
(1515, 1515, 2, 2, 9, NULL, 'm2040891 .jpg', 1),
(1516, 1516, 2, 2, 9, NULL, 'm2040901 .jpg', 1),
(1517, 1517, 2, 2, 9, NULL, 'm2040911 .jpg', 1),
(1518, 1518, 2, 2, 9, NULL, 'm2040921 .jpg', 1),
(1519, 1519, 2, 2, 9, NULL, 'm2040931 .jpg', 1),
(1520, 1520, 2, 2, 9, NULL, 'm2040941 .jpg', 1),
(1521, 1521, 2, 2, 9, NULL, 'm2040951 .jpg', 1),
(1522, 1522, 2, 2, 9, NULL, 'm2040961 .jpg', 1),
(1523, 1523, 2, 2, 9, NULL, 'm2040971 .jpg', 1),
(1524, 1524, 2, 2, 9, NULL, 'm2040981 .jpg', 1),
(1525, 1525, 2, 2, 9, NULL, 'm2040991 .jpg', 33),
(1526, 1526, 2, 2, 9, NULL, 'm2041001 .jpg', 54),
(1527, 1527, 2, 2, 9, NULL, 'm2041011 .jpg', 54),
(1528, 1528, 2, 2, 9, NULL, 'm2041021 .jpg', 1),
(1529, 1529, 2, 2, 9, NULL, 'm2041031 .jpg', 56),
(1530, 1530, 2, 2, 9, NULL, 'm2041041 .jpg', 54),
(1531, 1531, 2, 2, 9, NULL, 'm2041051 .jpg', 56),
(1532, 1532, 2, 2, 9, NULL, 'm2041061 .jpg', 56),
(1533, 1533, 2, 2, 9, NULL, 'm2041071 .jpg', 1),
(1534, 1534, 2, 2, 9, NULL, 'm2041081 .jpg', 57),
(1535, 1535, 2, 2, 9, NULL, 'm2041091 .jpg', 57),
(1536, 1536, 2, 2, 10, NULL, 'm2050011 .jpg', 33),
(1537, 1537, 2, 2, 10, NULL, 'm2050021 .jpg', 33),
(1538, 1538, 2, 2, 10, NULL, 'm2050031 .jpg', 33),
(1539, 1539, 2, 2, 10, NULL, 'm2050041 .jpg', 33),
(1540, 1540, 2, 2, 10, NULL, 'm2050051 .jpg', 33),
(1541, 1541, 2, 2, 10, NULL, 'm2050061 .jpg', 33),
(1542, 1542, 2, 2, 10, NULL, 'm2050071 .jpg', 33),
(1543, 1543, 2, 2, 10, NULL, 'm2050081 .jpg', 33),
(1544, 1544, 2, 2, 10, NULL, 'm2050091 .jpg', 36),
(1545, 1545, 2, 2, 10, NULL, 'm2050101 .jpg', 33),
(1546, 1546, 2, 2, 10, NULL, 'm2050111 .jpg', 33),
(1547, 1547, 2, 2, 10, NULL, 'm2050121 .jpg', 33),
(1548, 1548, 2, 2, 10, NULL, 'm2050131 .jpg', 33),
(1549, 1549, 2, 2, 10, NULL, 'm2050141 .jpg', 39),
(1550, 1550, 2, 2, 10, NULL, 'm2050151 .jpg', 33),
(1551, 1551, 2, 2, 10, NULL, 'm2050161 .jpg', 41),
(1552, 1552, 2, 2, 10, NULL, 'm2050171 .jpg', 28),
(1553, 1553, 2, 2, 10, NULL, 'm2050181 .jpg', 33),
(1554, 1554, 2, 2, 1, NULL, 'm2060151 .jpg', 33),
(1555, 1555, 2, 2, 1, NULL, 'm2060161 .jpg', 33),
(1556, 1556, 2, 2, 1, NULL, 'm2060171 .jpg', 33),
(1557, 1557, 2, 2, 1, NULL, 'm2060181 .jpg', 1),
(1558, 1558, 2, 2, 1, NULL, 'm2060191 .jpg', 33),
(1559, 1559, 2, 2, 5, NULL, 'm2070011 .jpg', 27),
(1560, 1560, 2, 2, 5, NULL, 'm2070021 .jpg', 28),
(1561, 1561, 2, 2, 5, NULL, 'm2070031 .jpg', 28),
(1562, 1562, 2, 2, 5, NULL, 'm2070041 .jpg', 28),
(1563, 1563, 2, 2, 5, NULL, 'm2070051 .jpg', 39),
(1564, 1564, 2, 2, 5, NULL, 'm2070061 .jpg', 39),
(1565, 1565, 2, 2, 5, NULL, 'm2070071 .jpg', 39),
(1566, 1566, 2, 2, 5, NULL, 'm2070081 .jpg', 28),
(1567, 1567, 2, 2, 5, NULL, 'm2070091 .jpg', 28),
(1568, 1568, 2, 2, 5, NULL, 'm2070101 .jpg', 39),
(1569, 1569, 2, 2, 5, NULL, 'm2070111 .jpg', 39),
(1570, 1570, 2, 2, 5, NULL, 'm2070121 .jpg', 39),
(1571, 1571, 2, 2, 5, NULL, 'm2070131 .jpg', 39),
(1572, 1572, 2, 2, 5, NULL, 'm2070141 .jpg', 28),
(1573, 1573, 2, 2, 5, NULL, 'm2070151 .jpg', 28),
(1574, 1574, 2, 2, 5, NULL, 'm2070161 .jpg', 28),
(1575, 1575, 2, 2, 5, NULL, 'm2070171 .jpg', 27),
(1576, 1576, 2, 2, 5, NULL, 'm2070181 .jpg', 27),
(1577, 1577, 2, 2, 5, NULL, 'm2070191 .jpg', 27),
(1578, 1578, 2, 2, 5, NULL, 'm2070201 .jpg', 28),
(1579, 1579, 2, 2, 5, NULL, 'm2070211 .jpg', 27),
(1580, 1580, 2, 2, 5, NULL, 'm2070221 .jpg', 27),
(1581, 1581, 2, 2, 5, NULL, 'm2070231 .jpg', 27),
(1582, 1582, 2, 2, 5, NULL, 'm2070241 .jpg', 27),
(1583, 1583, 2, 2, 5, NULL, 'm2070251 .jpg', 33),
(1584, 1584, 2, 2, 5, NULL, 'm2070261 .jpg', 39),
(1585, 1585, 2, 2, 5, NULL, 'm2070271 .jpg', 28),
(1586, 1586, 2, 2, 5, NULL, 'm2070281 .jpg', 28),
(1587, 1587, 2, 2, 5, NULL, 'm2070291 .jpg', 28),
(1588, 1588, 2, 2, 5, NULL, 'm2070301 .jpg', 27),
(1589, 1589, 2, 2, 5, NULL, 'm2070311 .jpg', 27),
(1590, 1590, 2, 2, 5, NULL, 'm2070321 .jpg', 27),
(1591, 1591, 2, 2, 5, NULL, 'm2070331 .jpg', 27),
(1592, 1592, 2, 2, 5, NULL, 'm2070341 .jpg', 27),
(1593, 1593, 2, 2, 5, NULL, 'm2070351 .jpg', 27),
(1594, 1594, 2, 2, 5, NULL, 'm2070361 .jpg', 39),
(1595, 1595, 2, 2, 5, NULL, 'm2070371 .jpg', 39),
(1596, 1596, 2, 2, 5, NULL, 'm2070381 .jpg', 39),
(1597, 1597, 2, 2, 5, NULL, 'm2070391 .jpg', 28),
(1598, 1598, 2, 2, 5, NULL, 'm2070401 .jpg', 28),
(1599, 1599, 2, 2, 5, NULL, 'm2070411 .jpg', 39),
(1600, 1600, 2, 2, 5, NULL, 'm2070421 .jpg', 28),
(1601, 1601, 2, 2, 5, NULL, 'm2070431 .jpg', 39),
(1602, 1602, 2, 2, 5, NULL, 'm2070441 .jpg', 28),
(1603, 1603, 2, 2, 5, NULL, 'm2070451 .jpg', 28),
(1604, 1604, 2, 2, 5, NULL, 'm2070461 .jpg', 39),
(1605, 1605, 2, 2, 5, NULL, 'm2070471 .jpg', 66),
(1606, 1606, 2, 2, 5, NULL, 'm2070481 .jpg', 28),
(1607, 1607, 2, 2, 5, NULL, 'm2070491 .jpg', 27),
(1608, 1608, 2, 2, 5, NULL, 'm2070501 .jpg', 27),
(1609, 1609, 2, 2, 5, NULL, 'm2070511 .jpg', 27),
(1610, 1610, 2, 2, 5, NULL, 'm2070521 .jpg', 27),
(1611, 1611, 2, 2, 5, NULL, 'm2070531 .jpg', 27),
(1612, 1612, 2, 2, 5, NULL, 'm2070541 .jpg', 27),
(1613, 1613, 2, 2, 5, NULL, 'm2070551 .jpg', 39),
(1614, 1614, 2, 2, 5, NULL, 'm2070561 .jpg', 39),
(1615, 1615, 2, 2, 5, NULL, 'm2070571 .jpg', 39),
(1616, 1616, 2, 2, 5, NULL, 'm2070581 .jpg', 39),
(1617, 1617, 2, 2, 5, NULL, 'm2070591 .jpg', 28),
(1618, 1618, 2, 2, 5, NULL, 'm2070601 .jpg', 28),
(1619, 1619, 2, 2, 5, NULL, 'm2070611 .jpg', 28),
(1620, 1620, 2, 2, 5, NULL, 'm2070621 .jpg', 39),
(1621, 1621, 2, 2, 5, NULL, 'm2070631 .jpg', 39),
(1622, 1622, 2, 2, 5, NULL, 'm2070641 .jpg', 39),
(1623, 1623, 2, 2, 5, NULL, 'm2070651 .jpg', 39),
(1624, 1624, 2, 2, 5, NULL, 'm2070661 .jpg', 39),
(1625, 1625, 2, 2, 5, NULL, 'm2070671 .jpg', 39),
(1626, 1626, 2, 2, 5, NULL, 'm2070681 .jpg', 39),
(1627, 1627, 2, 2, 5, NULL, 'm2070691 .jpg', 39),
(1628, 1628, 2, 2, 5, NULL, 'm2070701 .jpg', 39),
(1629, 1629, 2, 2, 5, NULL, 'm2070711 .jpg', 39),
(1630, 1630, 2, 2, 5, NULL, 'm2070721 .jpg', 39),
(1631, 1631, 2, 2, 5, NULL, 'm2070731 .jpg', 39),
(1632, 1632, 2, 2, 5, NULL, 'm2070741 .jpg', 39),
(1633, 1633, 2, 2, 5, NULL, 'm2070751 .jpg', 39),
(1634, 1634, 2, 2, 5, NULL, 'm2070761 .jpg', 33),
(1635, 1635, 2, 2, 5, NULL, 'm2070771 .jpg', 67),
(1636, 1636, 2, 2, 5, NULL, 'm2070781 .jpg', 67),
(1637, 1637, 2, 2, 5, NULL, 'm2070791 .jpg', 67),
(1638, 1638, 2, 2, 5, NULL, 'm2070801 .jpg', 67),
(1639, 1639, 2, 2, 5, NULL, 'm2070811 .jpg', 67),
(1640, 1640, 2, 2, 5, NULL, 'm2070821 .jpg', 67),
(1641, 1641, 2, 2, 5, NULL, 'm2070831 .jpg', 39),
(1642, 1642, 2, 2, 5, NULL, 'm2070841 .jpg', 27),
(1643, 1643, 2, 2, 5, NULL, 'm2070851 .jpg', 27),
(1644, 1644, 2, 2, 5, NULL, 'm2070861 .jpg', 33),
(1645, 1645, 2, 1, 6, 7, 'm3010011 .jpg', 30),
(1646, 1646, 2, 1, 6, 8, 'm3010012 .jpg', NULL),
(1647, 1647, 2, 1, 6, 9, 'm3010021 .jpg', 30),
(1648, 1648, 2, 1, 6, 10, 'm3010022 .jpg', 42),
(1649, 1649, 2, 1, 6, 11, 'm3010031 .jpg', 30),
(1650, 1650, 2, 1, 6, 12, 'm3010041 .jpg', 30),
(1651, 1651, 2, 1, 6, 13, 'm3010042 .jpg', 30),
(1652, 1652, 2, 1, 6, 14, 'm3010043 .jpg', 42),
(1653, 1653, 2, 1, 6, 15, 'm3010051 .jpg', 42),
(1654, 1654, 2, 1, 6, 16, 'm3010052 .jpg', 30),
(1655, 1655, 2, 1, 6, NULL, 'm3010061 .jpg', 39),
(1656, 1656, 2, 1, 6, 17, 'm3010071 .jpg', 33),
(1657, 1657, 2, 1, 6, 18, 'm3010081 .jpg', 27),
(1658, 1658, 2, 1, 6, 19, 'm3010091 .jpg', 52),
(1659, 1659, 2, 1, 6, 20, 'm3010101 .jpg', 39),
(1660, 1660, 2, 1, 6, 21, 'm3010111 .jpg', 1),
(1661, 1661, 2, 1, 6, 20, 'm3010121 .jpg', 39),
(1662, 1662, 2, 1, 6, 16, 'm3010131 .jpg', 30),
(1663, 1663, 2, 1, 6, NULL, 'm3010141 .jpg', 44),
(1664, 1664, 2, 1, 9, NULL, 'm3040011 .jpg', 35),
(1665, 1665, 2, 1, 1, NULL, 'm3060011 .jpg', 68),
(1666, 1666, 2, 1, 1, NULL, 'm3060021 .jpg', 68),
(1667, 1667, 2, 1, 5, 22, 'm3070011 .jpg', 30),
(1668, 1668, 2, 4, 6, NULL, 'm4010011 .jpg', 66),
(1669, 1669, 2, 4, 6, NULL, 'm4010021 .jpg', 69),
(1670, 1670, 2, 4, 6, NULL, 'm4010031 .jpg', 66),
(1671, 1671, 2, 4, 6, NULL, 'm4010041 .jpg', 32),
(1672, 1672, 2, 4, 6, NULL, 'm4010051 .jpg', 32),
(1673, 1673, 2, 4, 6, NULL, 'm4010061 .jpg', 32),
(1674, 1674, 2, 4, 6, NULL, 'm4010071 .jpg', 32),
(1675, 1675, 2, 4, 6, NULL, 'm4010081 .jpg', 32),
(1676, 1676, 2, 4, 6, NULL, 'm4010091 .jpg', 66),
(1677, 1677, 2, 4, 6, NULL, 'm4010101 .jpg', 69),
(1678, 1678, 2, 4, 6, NULL, 'm4010111 .jpg', 70),
(1679, 1679, 2, 4, 6, NULL, 'm4010121 .jpg', 66),
(1680, 1680, 2, 4, 6, NULL, 'm4010131 .jpg', 2),
(1681, 1681, 2, 4, 6, NULL, 'm4010141 .jpg', 66),
(1682, 1682, 2, 4, 6, NULL, 'm4010151 .jpg', 66),
(1683, 1683, 2, 4, 6, NULL, 'm4010161 .jpg', 70),
(1684, 1684, 2, 4, 6, NULL, 'm4010171 .jpg', 70),
(1685, 1685, 2, 4, 9, NULL, 'm4040011 .jpg', 66),
(1686, 1686, 2, 4, 9, NULL, 'm4040021 .jpg', 66),
(1687, 1687, 2, 4, 9, NULL, 'm4040031 .jpg', 34),
(1688, 1688, 2, 4, 9, NULL, 'm4040041 .jpg', 34),
(1689, 1689, 2, 4, 9, NULL, 'm4040051 .jpg', 69),
(1690, 1690, 2, 4, 9, NULL, 'm4040061 .jpg', 66);

-- --------------------------------------------------------

--
-- Table structure for table `transfer`
--

CREATE TABLE `transfer` (
  `transfer_id` int(11) NOT NULL,
  `transfer_name` varchar(100) NOT NULL
) ENGINE=InnoDB DEFAULT CHARSET=utf8;

--
-- Dumping data for table `transfer`
--

INSERT INTO `transfer` (`transfer_id`, `transfer_name`) VALUES
(1, 'CN565987R2'),
(2, 'CN903621ON');

-- --------------------------------------------------------

--
-- Table structure for table `transfer_stock`
--

CREATE TABLE `transfer_stock` (
  `transfer_stock_id` int(11) NOT NULL,
  `bn_id_1` int(11) NOT NULL,
  `bn_id_2` int(11) NOT NULL,
  `transfer_id` int(11) NOT NULL,
  `transfer_status` varchar(100) DEFAULT NULL,
  `user1` varchar(100) NOT NULL,
  `user2` int(11) DEFAULT NULL,
  `user3` int(11) DEFAULT NULL,
  `note1` varchar(100) DEFAULT NULL,
  `note2` varchar(100) DEFAULT NULL,
  `note3` varchar(100) DEFAULT NULL,
  `transfer_service` varchar(100) DEFAULT NULL,
  `code_service` varchar(100) DEFAULT NULL,
  `transfer_date` date DEFAULT NULL
) ENGINE=InnoDB DEFAULT CHARSET=utf8;

--
-- Dumping data for table `transfer_stock`
--

INSERT INTO `transfer_stock` (`transfer_stock_id`, `bn_id_1`, `bn_id_2`, `transfer_id`, `transfer_status`, `user1`, `user2`, `user3`, `note1`, `note2`, `note3`, `transfer_service`, `code_service`, `transfer_date`) VALUES
(1, 1, 10, 1, '1', 'เจ้าหน้าที่ไอที(เจ๋ง)', NULL, NULL, NULL, NULL, NULL, NULL, NULL, '2021-09-21'),
(2, 1, 6, 2, '1', 'เจ้าหน้าที่ไอที(เจ๋ง)', NULL, NULL, NULL, NULL, NULL, NULL, NULL, '2021-09-21');

-- --------------------------------------------------------

--
-- Table structure for table `transfer_stock_log`
--

CREATE TABLE `transfer_stock_log` (
  `transfer_log_id` int(11) NOT NULL,
  `transfer_stock_id` varchar(100) NOT NULL,
  `stock_id` int(11) DEFAULT NULL,
  `transfer_qty` int(11) DEFAULT NULL,
  `transfer_price` decimal(10,2) DEFAULT NULL,
  `item_date` date DEFAULT NULL,
  `transfer_note` varchar(100) DEFAULT NULL
) ENGINE=InnoDB DEFAULT CHARSET=utf8;

--
-- Dumping data for table `transfer_stock_log`
--

INSERT INTO `transfer_stock_log` (`transfer_log_id`, `transfer_stock_id`, `stock_id`, `transfer_qty`, `transfer_price`, `item_date`, `transfer_note`) VALUES
(1, 'CN565987R2', 1689, 1, NULL, '2021-09-21', NULL),
(2, 'CN565987R2', 1690, 1, NULL, '2021-09-21', NULL),
(3, 'CN903621ON', 1690, 30, '500.00', '2021-09-21', NULL),
(4, 'CN903621ON', 1685, 60, '1000.00', '0000-00-00', NULL),
(5, 'CN903621ON', 1688, 200, '92.00', '0000-00-00', NULL);

-- --------------------------------------------------------

--
-- Table structure for table `type_item`
--

CREATE TABLE `type_item` (
  `type_id` int(11) NOT NULL,
  `type_name` varchar(100) NOT NULL
) ENGINE=InnoDB DEFAULT CHARSET=utf8;

--
-- Dumping data for table `type_item`
--

INSERT INTO `type_item` (`type_id`, `type_name`) VALUES
(1, 'general\n'),
(2, 'medical\n');

-- --------------------------------------------------------

--
-- Table structure for table `unit`
--

CREATE TABLE `unit` (
  `unit_id` int(11) NOT NULL,
  `unit_name` varchar(100) NOT NULL
) ENGINE=InnoDB DEFAULT CHARSET=utf8;

--
-- Dumping data for table `unit`
--

INSERT INTO `unit` (`unit_id`, `unit_name`) VALUES
(1, 'แพ็ค'),
(2, 'เล่ม'),
(3, 'ลัง'),
(4, 'กล่อง'),
(5, 'แกลลอน'),
(6, 'ถัง'),
(7, 'ถุง'),
(8, 'ขวด'),
(9, 'กระป๋อง'),
(10, 'อัน'),
(11, 'ใบ'),
(12, 'เซ็ต'),
(13, 'เครื่อง'),
(14, 'ม้วน'),
(15, 'เส้น'),
(16, 'รีม'),
(17, 'แท่ง'),
(18, 'ตลับ'),
(19, 'ชิ้น'),
(20, 'หลอด'),
(21, 'ชุด'),
(22, 'ตัว'),
(23, 'โหล'),
(24, 'ลูก'),
(25, 'กระปุก'),
(26, 'กล่องละ 50 คู่'),
(27, 'ถุงละ 50 ชิ้น'),
(28, 'ลัง 6 ม้วน'),
(29, 'หัว'),
(30, 'เม็ด'),
(31, 'ห่อ'),
(32, 'แผ่น'),
(33, 'ซอง 10 แผ่น'),
(34, 'กล่อง 12 หัว'),
(35, 'แผง'),
(36, 'กล่อง 12 ชิ้น'),
(37, 'ซอง10เส้น'),
(38, 'ซอง1เส้น'),
(39, 'ห่อ 1 เส้น'),
(40, 'ห่อ10 ตัว'),
(41, 'ซอง'),
(42, 'กล่อง(6หลอด)'),
(43, 'แพ็ค 25 ตัว'),
(44, 'แพ็ค 10 ตัว'),
(45, 'ซี่'),
(46, 'ถุง/กล่อง'),
(47, 'ด้าม'),
(48, 'คู่'),
(49, 'ถ้วย'),
(50, 'Kit');

-- --------------------------------------------------------

--
-- Table structure for table `user`
--

CREATE TABLE `user` (
  `user_id` int(11) NOT NULL,
  `username` varchar(100) NOT NULL,
  `password` varchar(250) NOT NULL,
  `user_bn` int(11) NOT NULL,
  `user_lv` int(11) NOT NULL,
  `user_tel` varchar(20) NOT NULL,
  `user_prefix` int(11) NOT NULL,
  `user_fname` varchar(100) NOT NULL,
  `user_lname` varchar(100) NOT NULL,
  `user_line` varchar(100) NOT NULL,
  `user_img` varchar(100) NOT NULL
) ENGINE=InnoDB DEFAULT CHARSET=utf8;

--
-- Dumping data for table `user`
--

INSERT INTO `user` (`user_id`, `username`, `password`, `user_bn`, `user_lv`, `user_tel`, `user_prefix`, `user_fname`, `user_lname`, `user_line`, `user_img`) VALUES
(16, 'test1@gmail.com', '$2y$10$mMVgQ8eGPHSVDJsYskZIAuUwY914k0L8iGqjDrnRQ0toOQVIM2k7a', 3, 1, '082602362', 1, 'นายอรรถพล', 'สีชา', 'atthapol@line', ''),
(26, 'pinkza88@gmail.com', '$2y$10$ZTVlOj1moWpvfbPklprTeuRfef45Z8GIAHOSz2dx7UQ5SAQE9OcgW', 1, 4, '0828602362', 1, 'เจ้าหน้าที่', 'ไอที(เจ๋ง)', '0828602362', '12331.jpg'),
(32, 'plusdental.os@gmail.com', '$2y$10$07tizjbqFQ1E41KDsK6SWOtCwLf.YsMjRWwRZHD4QzRfsywVcFJqS', 10, 3, '', 1, 'วิรชัย', 'อั้นจุ้ย', '', '');

-- --------------------------------------------------------

--
-- Table structure for table `user_rank`
--

CREATE TABLE `user_rank` (
  `rank_id` int(11) NOT NULL,
  `rank_name` varchar(100) DEFAULT NULL,
  `group_bn` int(11) DEFAULT NULL
) ENGINE=InnoDB DEFAULT CHARSET=utf8;

-- --------------------------------------------------------

--
-- Table structure for table `user_stock`
--

CREATE TABLE `user_stock` (
  `user_stock_id` int(11) NOT NULL,
  `user_id` int(11) NOT NULL,
  `code_item` int(11) NOT NULL,
  `full_stock_id` int(11) NOT NULL
) ENGINE=InnoDB DEFAULT CHARSET=utf8;

-- --------------------------------------------------------

--
-- Table structure for table `vendor`
--

CREATE TABLE `vendor` (
  `vendor_id` int(11) NOT NULL,
  `vendor_name` varchar(100) NOT NULL
) ENGINE=InnoDB DEFAULT CHARSET=utf8;

--
-- Dumping data for table `vendor`
--

INSERT INTO `vendor` (`vendor_id`, `vendor_name`) VALUES
(1, 'CTM'),
(2, 'QC PLUS'),
(3, 'Makro'),
(4, 'Big-C'),
(5, 'Lyreco'),
(6, '3M'),
(7, 'OWIRE'),
(8, 'ThaiBulk SMS'),
(9, 'เดอะ เด็นทอล ลีดเดอร์'),
(10, 'กระต่าย'),
(11, 'LINK'),
(12, 'Dahua'),
(13, 'Western Digital'),
(14, 'LOGITECH'),
(15, 'Vention'),
(16, 'TP-LINK'),
(17, 'Xiaomi'),
(18, 'Xprinter'),
(19, 'Apple'),
(20, 'Intel'),
(21, 'AMD'),
(22, 'ACER'),
(23, 'Zircon'),
(24, 'BROTHER'),
(25, 'สมโชค Maerketing'),
(26, 'นูเด้น'),
(27, 'ACCORD'),
(28, 'SD ทันตเวช'),
(29, 'Kerr'),
(30, 'Eminance/NSK'),
(31, 'DKSH'),
(32, 'บริษัท เสนา'),
(33, 'Dent Mate'),
(34, '3M / DKSH'),
(35, 'DKSH/dentspy'),
(36, 'Unity'),
(37, 'ACCORD สั่งเพิ่ม'),
(38, 'ปาลิน'),
(39, 'เซี่ยงไฮ้'),
(40, 'คณะทันตแพทย์ จุฬา'),
(41, 'VRP Dent'),
(42, 'ทันตสยาม'),
(43, 'Lion Care'),
(44, 'alexpress'),
(45, 'DENTAL VISION'),
(46, 'DDI'),
(47, 'Bangkok Dental Supply'),
(48, 'Dentmate'),
(49, 'DDS'),
(50, 'Ortholine'),
(51, 'W&H'),
(52, 'Orthobrite'),
(53, 'Pacific'),
(54, 'ACCORD/ORTHO'),
(55, 'AOSC'),
(56, 'I Dew plus'),
(57, 'Dental Innovision'),
(58, 'OSSTEM'),
(59, 'W&H สั่งเพิ่ม'),
(60, 'NANA Ortho'),
(61, 'UDOM MEDICAL'),
(62, 'DKSH ปลา'),
(63, 'ชูมิต'),
(64, 'ดาร์ฟี่'),
(65, 'HOMEDENT'),
(66, 'Teego dental caer'),
(67, 'Deva'),
(68, 'SMS'),
(69, 'DKSH colgate'),
(70, 'โอสถอินเตอร์');

--
-- Indexes for dumped tables
--

--
-- Indexes for table `branch`
--
ALTER TABLE `branch`
  ADD PRIMARY KEY (`bn_id`);

--
-- Indexes for table `branch_stock`
--
ALTER TABLE `branch_stock`
  ADD PRIMARY KEY (`full_stock_id`);

--
-- Indexes for table `branch_stock_log`
--
ALTER TABLE `branch_stock_log`
  ADD PRIMARY KEY (`stock_log_id`);

--
-- Indexes for table `cut_stock_log`
--
ALTER TABLE `cut_stock_log`
  ADD PRIMARY KEY (`cut_stock_id`);

--
-- Indexes for table `del_stock`
--
ALTER TABLE `del_stock`
  ADD PRIMARY KEY (`del_id`);

--
-- Indexes for table `division`
--
ALTER TABLE `division`
  ADD PRIMARY KEY (`division_id`);

--
-- Indexes for table `group_bn`
--
ALTER TABLE `group_bn`
  ADD PRIMARY KEY (`group_id`);

--
-- Indexes for table `item`
--
ALTER TABLE `item`
  ADD PRIMARY KEY (`item_id`),
  ADD UNIQUE KEY `code_item` (`code_item`);

--
-- Indexes for table `level`
--
ALTER TABLE `level`
  ADD PRIMARY KEY (`level_id`);

--
-- Indexes for table `line`
--
ALTER TABLE `line`
  ADD PRIMARY KEY (`line_id`);

--
-- Indexes for table `marque`
--
ALTER TABLE `marque`
  ADD PRIMARY KEY (`marque_id`);

--
-- Indexes for table `nature`
--
ALTER TABLE `nature`
  ADD PRIMARY KEY (`nature_id`);

--
-- Indexes for table `stock`
--
ALTER TABLE `stock`
  ADD PRIMARY KEY (`stock_id`);

--
-- Indexes for table `transfer`
--
ALTER TABLE `transfer`
  ADD PRIMARY KEY (`transfer_id`);

--
-- Indexes for table `transfer_stock`
--
ALTER TABLE `transfer_stock`
  ADD PRIMARY KEY (`transfer_stock_id`);

--
-- Indexes for table `transfer_stock_log`
--
ALTER TABLE `transfer_stock_log`
  ADD PRIMARY KEY (`transfer_log_id`);

--
-- Indexes for table `type_item`
--
ALTER TABLE `type_item`
  ADD PRIMARY KEY (`type_id`);

--
-- Indexes for table `unit`
--
ALTER TABLE `unit`
  ADD PRIMARY KEY (`unit_id`);

--
-- Indexes for table `user`
--
ALTER TABLE `user`
  ADD PRIMARY KEY (`user_id`),
  ADD UNIQUE KEY `username` (`username`);

--
-- Indexes for table `user_rank`
--
ALTER TABLE `user_rank`
  ADD PRIMARY KEY (`rank_id`);

--
-- Indexes for table `user_stock`
--
ALTER TABLE `user_stock`
  ADD PRIMARY KEY (`user_stock_id`);

--
-- Indexes for table `vendor`
--
ALTER TABLE `vendor`
  ADD PRIMARY KEY (`vendor_id`);

--
-- AUTO_INCREMENT for dumped tables
--

--
-- AUTO_INCREMENT for table `branch`
--
ALTER TABLE `branch`
  MODIFY `bn_id` int(11) NOT NULL AUTO_INCREMENT, AUTO_INCREMENT=13;

--
-- AUTO_INCREMENT for table `branch_stock`
--
ALTER TABLE `branch_stock`
  MODIFY `full_stock_id` int(11) NOT NULL AUTO_INCREMENT, AUTO_INCREMENT=73;

--
-- AUTO_INCREMENT for table `branch_stock_log`
--
ALTER TABLE `branch_stock_log`
  MODIFY `stock_log_id` int(11) NOT NULL AUTO_INCREMENT, AUTO_INCREMENT=73;

--
-- AUTO_INCREMENT for table `cut_stock_log`
--
ALTER TABLE `cut_stock_log`
  MODIFY `cut_stock_id` int(11) NOT NULL AUTO_INCREMENT;

--
-- AUTO_INCREMENT for table `del_stock`
--
ALTER TABLE `del_stock`
  MODIFY `del_id` int(11) NOT NULL AUTO_INCREMENT, AUTO_INCREMENT=5;

--
-- AUTO_INCREMENT for table `division`
--
ALTER TABLE `division`
  MODIFY `division_id` int(11) NOT NULL AUTO_INCREMENT, AUTO_INCREMENT=13;

--
-- AUTO_INCREMENT for table `group_bn`
--
ALTER TABLE `group_bn`
  MODIFY `group_id` int(11) NOT NULL AUTO_INCREMENT;

--
-- AUTO_INCREMENT for table `item`
--
ALTER TABLE `item`
  MODIFY `item_id` int(11) NOT NULL AUTO_INCREMENT, AUTO_INCREMENT=1691;

--
-- AUTO_INCREMENT for table `level`
--
ALTER TABLE `level`
  MODIFY `level_id` int(11) NOT NULL AUTO_INCREMENT, AUTO_INCREMENT=7;

--
-- AUTO_INCREMENT for table `line`
--
ALTER TABLE `line`
  MODIFY `line_id` int(11) NOT NULL AUTO_INCREMENT;

--
-- AUTO_INCREMENT for table `marque`
--
ALTER TABLE `marque`
  MODIFY `marque_id` int(11) NOT NULL AUTO_INCREMENT, AUTO_INCREMENT=23;

--
-- AUTO_INCREMENT for table `nature`
--
ALTER TABLE `nature`
  MODIFY `nature_id` int(11) NOT NULL AUTO_INCREMENT, AUTO_INCREMENT=7;

--
-- AUTO_INCREMENT for table `stock`
--
ALTER TABLE `stock`
  MODIFY `stock_id` int(11) NOT NULL AUTO_INCREMENT, AUTO_INCREMENT=1691;

--
-- AUTO_INCREMENT for table `transfer`
--
ALTER TABLE `transfer`
  MODIFY `transfer_id` int(11) NOT NULL AUTO_INCREMENT, AUTO_INCREMENT=3;

--
-- AUTO_INCREMENT for table `transfer_stock`
--
ALTER TABLE `transfer_stock`
  MODIFY `transfer_stock_id` int(11) NOT NULL AUTO_INCREMENT, AUTO_INCREMENT=3;

--
-- AUTO_INCREMENT for table `transfer_stock_log`
--
ALTER TABLE `transfer_stock_log`
  MODIFY `transfer_log_id` int(11) NOT NULL AUTO_INCREMENT, AUTO_INCREMENT=6;

--
-- AUTO_INCREMENT for table `type_item`
--
ALTER TABLE `type_item`
  MODIFY `type_id` int(11) NOT NULL AUTO_INCREMENT, AUTO_INCREMENT=12;

--
-- AUTO_INCREMENT for table `unit`
--
ALTER TABLE `unit`
  MODIFY `unit_id` int(11) NOT NULL AUTO_INCREMENT, AUTO_INCREMENT=51;

--
-- AUTO_INCREMENT for table `user`
--
ALTER TABLE `user`
  MODIFY `user_id` int(11) NOT NULL AUTO_INCREMENT, AUTO_INCREMENT=33;

--
-- AUTO_INCREMENT for table `user_rank`
--
ALTER TABLE `user_rank`
  MODIFY `rank_id` int(11) NOT NULL AUTO_INCREMENT;

--
-- AUTO_INCREMENT for table `user_stock`
--
ALTER TABLE `user_stock`
  MODIFY `user_stock_id` int(11) NOT NULL AUTO_INCREMENT;

--
-- AUTO_INCREMENT for table `vendor`
--
ALTER TABLE `vendor`
  MODIFY `vendor_id` int(11) NOT NULL AUTO_INCREMENT, AUTO_INCREMENT=71;
COMMIT;

/*!40101 SET CHARACTER_SET_CLIENT=@OLD_CHARACTER_SET_CLIENT */;
/*!40101 SET CHARACTER_SET_RESULTS=@OLD_CHARACTER_SET_RESULTS */;
/*!40101 SET COLLATION_CONNECTION=@OLD_COLLATION_CONNECTION */;
